"";"lama-01111";"01111";"Penanaman jagung"
"";"lama-01112";"01112";"Penanaman tanaman kekacang"
"";"lama-01113";"01113";"Penanaman bijian berminyak"
"";"lama-01119";"01119";"Penanaman bijirin lain t.t.t.l."
"";"lama-01120";"01120";"Penanaman beras (padi)"
"";"lama-01131p";"01131";"Penanaman sawi"
"";"lama-01135p";"01131";"Penanaman sawi"
"";"lama-01131p";"01132";"Penanaman bayam"
"";"lama-01135p";"01132";"Penanaman bayam"
"";"lama-01133";"01133";"Penanaman tembikai"
"";"lama-01134";"01134";"Penanaman cendawan dan truffles"
"";"lama-01132p";"01135";"Penanaman timun"
"";"lama-01135p";"01135";"Penanaman timun"
"";"lama-01132p";"01136";"Penanaman terung (aubergines)"
"";"lama-01135p";"01136";"Penanaman terung (aubergines)"
"";"lama-01131p";"01137";"Penanaman kobis"
"";"lama-01135p";"01137";"Penanaman kobis"
"";"lama-01132p";"01138";"Penanaman tomato"
"";"lama-01135p";"01138";"Penanaman tomato"
"";"lama-01135p";"01139";"Penanaman sayur-sayuran dan ubi lain t.t.t.l."
"";"lama-01136";"01139";"Penanaman sayur-sayuran dan ubi lain t.t.t.l."
"";"lama-01137";"01139";"Penanaman sayur-sayuran dan ubi lain t.t.t.l."
"";"lama-01138";"01139";"Penanaman sayur-sayuran dan ubi lain t.t.t.l."
"";"lama-01140";"01140";"Penanaman tebu"
"";"lama-01150";"01150";"Penanaman tembakau"
"";"lama-01160p";"01161";"Penanaman kenaf"
"";"lama-01160p";"01169";"Penanaman tanaman berserat yang lain t.t.t.l."
"";"lama-01282";"01170";"Penanaman cili dan lada (lada benggala spp.)"
"";"lama-01191";"01191";"Penanaman bunga"
"";"lama-01192";"01192";"Penanaman biji benih bungaan"
"";"lama-01193";"01193";"Penanaman sagu (rumbia)"
"";"lama-01199p";"01194";"Penanaman napier"
"";"lama-01296";"01195";"Penanaman pokok roselle"
"";"lama-01199p";"01199";"Penanaman tanaman bukan kekal lain t.t.t.l."
"";"lama-01210";"01210";"Penanaman anggur"
"";"lama-01221";"01221";"Penanaman pisang"
"";"lama-01222";"01222";"Penanaman mangga"
"";"lama-01223";"01223";"Penanaman durian"
"";"lama-01224";"01224";"Penanaman rambutan"
"";"lama-01225";"01225";"Penanaman buah belimbing"
"";"lama-01226";"01226";"Penanaman betik"
"";"lama-01227";"01227";"Penanaman nanas"
"";"lama-01228";"01228";"Penanaman buah naga"
"";"lama-01229";"01229";"Penanaman buah-buahan tropika dan subtropika lain t.t.t.l."
"";"lama-01231";"01231";"Penanaman limau bali"
"";"lama-01232";"01232";"Penanaman lemon dan limau nipis"
"";"lama-01233";"01233";"Penanaman tangerine dan mandarin"
"";"lama-01239";"01239";"Penanaman buah-buahan sitrus lain t.t.t.l."
"";"lama-01241";"01241";"Penanaman jambu batu"
"";"lama-01249";"01249";"Penanaman buah-buahan delima dan berbiji lain t.t.t.l."
"";"lama-01251p";"01251";"Penanaman buah beri"
"";"lama-01252";"01252";"Penanaman biji buah buah-buahan"
"";"lama-01253";"01253";"Penanaman kekacang yang boleh dimakan"
"";"lama-01259";"01259";"Penanaman pokok dan buah-buahan bertandan lain"
"";"lama-01261";"01261";"Penanaman kelapa sawit (estet)"
"";"lama-01262";"01262";"Penanaman kelapa sawit (kebun kecil)"
"";"lama-01263";"01263";"Penanaman kelapa (estet dan kebun kecil)"
"";"lama-01269";"01269";"Penanaman buah-buah lain untuk minyak t.t.t.l."
"";"lama-01271";"01271";"Penanaman kopi"
"";"lama-01272";"01272";"Penanaman teh"
"";"lama-01273";"01273";"Penanaman koko"
"";"lama-01279";"01279";"Penanaman tanaman minuman lain t.t.t.l."
"";"lama-01281";"01281";"Penanaman lada hitam (piper nigrum)"
"";"lama-01289p";"01282";"Penanaman sacha inchi"
"";"lama-01283";"01283";"Penanaman buah pala"
"";"lama-01284";"01284";"Penanaman halia"
"";"lama-01285";"01285";"Penanaman tanaman yang digunakan terutamanya untuk penghasilan minyak wangi, untuk farmasi atau untuk racun serangga, kulat atau untuk tujuan yang seumpamanya"
"";"lama-01289p";"01289";"Penanaman tanaman rempah ratus dan aromatik lain t.t.t.l."
"";"lama-01291";"01291";"Penanaman pokok getah (estet)"
"";"lama-01292";"01292";"Penanaman pokok getah (kebun kecil)"
"";"lama-01293";"01293";"Penanaman pokok untuk pengekstrakan sap"
"";"lama-01294";"01294";"Penanaman pokok nipah"
"";"lama-01295";"01295";"Penanaman pokok pinang"
"";"lama-01299";"01299";"Penanaman tanaman kekal lain t.t.t.l."
"";"lama-01301";"01301";"Penanaman tumbuhan sebagai tanaman"
"";"lama-01302";"01302";"Penanaman tumbuhan untuk tujuan hiasan"
"";"lama-01303";"01303";"Penanaman tumbuhan untuk bebawang, ubi dan akar| keratan dan slips| cendawan"
"";"lama-01304";"01304";"Operasi tapak semaian pokok (nurseries)"
"";"lama-01411p";"01411";"Penternakan, pembiakan dan pengeluaran lembu"
"";"lama-01413";"01411";"Penternakan, pembiakan dan pengeluaran lembu"
"";"lama-01411p";"01412";"Penternakan, pembiakan dan pengeluaran kerbau"
"";"lama-01412";"01413";"Pengeluaran susu mentah daripada lembu atau kerbau"
"";"lama-01420";"01420";"Penternakan dan pembiakan kuda, keldai, baghal atau hinnes"
"";"lama-01430";"01430";"Penternakan dan pembiakan unta (dromedary) dan camelid"
"";"lama-01441p";"01441";"Penternakan, pembiakan dan pengeluaran biri-biri"
"";"lama-01441p";"01442";"Penternakan, pembiakan dan pengeluaran kambing"
"";"lama-01442";"01443";"Pengeluaran susu mentah biri-biri atau kambing"
"";"lama-01443";"01444";"Pengeluaran bulu belum proses"
"";"lama-01450";"01450";"Penternakan, pembiakan dan pengeluaran babi"
"";"lama-01461p";"01461";"Penternakan, pembiakan dan pengeluaran ayam, ayam daging"
"";"lama-01461p";"01462";"Penternakan, pembiakan dan pengeluaran ayam penelur"
"";"lama-01462";"01463";"Penternakan, pembiakan dan pengeluaran itik"
"";"lama-01464";"01464";"Penternakan, pembiakan dan pengeluaran burung puyuh"
"";"lama-01463";"01465";"Penternakan dan pembiakan unggas lain t.t.t.l."
"";"lama-01465";"01465";"Penternakan dan pembiakan unggas lain t.t.t.l."
"";"lama-01466";"01466";"Pengeluaran telur ayam"
"";"lama-01467";"01467";"Pengeluaran telur itik"
"";"lama-01468";"01468";"Pengeluaran telur unggas lain t.t.t.l."
"";"lama-01469";"01469";"Operasi penetasan unggas"
"";"lama-01491";"01491";"Penternakan, pembiakan dan pengeluaran haiwan separuh jinak"
"";"lama-01492";"01492";"Pengeluaran kulit berbulu, kulit burung atau reptilia dari operasi ladang ternakan"
"";"lama-01493";"01493";"Operasi ternakan cacing, moluska, siput"
"";"lama-01494";"01494";"Penternakan ulat sutera dan pengeluaran hasil kepompong ulat sutera"
"";"lama-01495";"01495";"Penternakan lebah dan pengeluaran hasil madu dan lilin lebah"
"";"lama-01496";"01496";"Penternakan dan pembiakan haiwan peliharaan"
"";"lama-01497";"01497";"Penternakan dan pembiakan burung walit"
"";"lama-01499";"01499";"Penternakan pelbagai/haiwan lain t.t.t.l."
"";"lama-01500";"01500";"Pertanian campuran"
"";"lama-01610";"01610";"Aktiviti pertanian untuk pengeluaran tanaman berasaskan yuran atau kontrak"
"";"lama-01620";"01620";"Aktiviti pertanian untuk pengeluaran ternakan berasaskan yuran atau kontrak"
"";"lama-01631p";"01631";"Penyediaan tanaman untuk pasaran utama"
"";"lama-01632";"01632";"Penyediaan daun tembakau"
"";"lama-01633";"01633";"Penyediaan biji koko"
"";"lama-01634";"01634";"Menjemur sayur-sayuran dan buah-buahan"
"";"lama-01631p";"01639";"Aktiviti lain selepas tuaian tanaman t.t.t.l."
"";"lama-01640";"01640";"Pemprosesan benih untuk pembiakan"
"";"lama-01701";"01701";"Pemburuan dan penjeratan haiwan secara komersial"
"";"lama-01702";"01702";"Penangkapan haiwan liar (hidup atau mati)"
"";"lama-02101";"02101";"Penanaman, penanaman semula, pemindahan, pengurusan dan pemuliharaan hutan dan kawasan lapang"
"";"lama-02102";"02102";"Penanaman untuk tunas semula, kayu pulpa dan kayu api"
"";"lama-02103";"02103";"Operasi tapak semaian pokok hutan"
"";"lama-02104";"02104";"Pengumpulan dan pemeliharaan hutan liar (spesis pokok hutan paya gambut)"
"";"lama-02105";"02105";"Ladang hutan"
"";"lama-02201p";"02201";"Pengeluaran kayu balak untuk industri berasaskan kayu"
"";"lama-02202p";"02202";"Pengeluaran kayu balak yang digunakan dalam bentuk belum proses"
"";"lama-02203p";"02203";"Pengeluaran arang kayu dalam hutan (menggunakan kaedah tradisional)"
"";"lama-02204p";"02204";"Pembalakan kayu getah"
"";"lama-02201p";"02205";"Pengumpulan kayu balak"
"";"lama-02202p";"02205";"Pengumpulan kayu balak"
"";"lama-02203p";"02205";"Pengumpulan kayu balak"
"";"lama-02204p";"02205";"Pengumpulan kayu balak"
"";"lama-02301";"02301";"Pengumpulan rotan, buluh"
"";"lama-02302";"02302";"Pemungutan sarang burung"
"";"lama-02303";"02303";"Pengumpulan pokok sagu liar"
"";"lama-02309";"02309";"Pengumpulan produk hutan bukan kayu t.t.t.l."
"";"lama-02401";"02401";"Menjalankan sebahagian daripada aktiviti operasi perhutanan dan ladang hutan secara berasaskan bayaran atau kontrak untuk perkhidmatan perhutanan"
"";"lama-02402";"02402";"Menjalankan sebahagian daripada aktiviti operasi perhutanan secara berasaskan bayaran atau kontrak untuk perkhidmatan pembalakan"
"";"lama-03111p";"03111";"Perikanan komersil di laut dan perairan pantai"
"";"lama-03112";"03112";"Pemungutan krustasea dan moluska laut"
"";"lama-03113";"03113";"Pengambilan haiwan akuatik: sea squirts, tunikat, landak laut"
"";"lama-03114p";"03114";"Aktiviti atas vessel yang melibatkan penangkapan, pemprosesan dan pengawetan ikan"
"";"lama-03115";"03115";"Pengumpulan organisma perikanan dan hasil laut lain (tiram semulajadi, span, batu karang dan alga)"
"";"lama-03111p";"03116";"Pemungutan ikan hiasan di laut"
"";"lama-03119";"03119";"Perikanan laut t.t.t.l."
"";"lama-03121p";"03121";"Perikanan komersil di darat"
"";"lama-03122";"03122";"Pengambilan krustasea dan moluska air tawar"
"";"lama-03123";"03123";"Pengambilan haiwan akuatik air tawar"
"";"lama-03124";"03124";"Pengumpulan flora dan fauna air tawar"
"";"lama-03121p";"03125";"Pemungutan ikan hiasan air tawar"
"";"lama-03129p";"03129";"Perikanan air tawar lain t.t.t.l."
"";"lama-03211p";"03211";"Ternakan ikan di laut"
"";"lama-03212";"03212";"Pengeluaran dwi-cangkerang spat (tiram, kupang), anak udang kara, anak udang dan benih ikan"
"";"lama-03213";"03213";"Penanaman rumpair merah dan rumpai laut lain yang boleh dimakan"
"";"lama-03214";"03214";"Pengkulturan krustasea, dwi-cangkerang, moluska dan haiwan akuatik lain di laut"
"";"lama-03215";"03215";"Aktiviti akuakultur air payau"
"";"lama-03211p";"03216";"Ternakan ikan hiasan"
"";"lama-03217";"03217";"Operasi penetasan anak benih (laut)"
"";"lama-03218";"03218";"Operasi ladang ternakan cacing laut untuk makanan ikan"
"";"lama-03216";"03219";"Ternakan akuakultur laut lain t.t.t.l."
"";"lama-03219p";"03219";"Ternakan akuakultur laut lain t.t.t.l."
"";"lama-03221p";"03221";"Fish farming in freshwater"
"";"lama-03222";"03222";"Ternakan udang air tawar"
"";"lama-03223";"03223";"Pengkulturan krustasea, dwi-cangkerang, moluska dan haiwan akuatik lain di air tawar"
"";"lama-03224";"03224";"Operasi penetasan anak benih (air tawar)"
"";"lama-03225";"03225";"Penternakan katak"
"";"lama-03221p";"03226";"Ternakan ikan hiasan air tawar"
"";"lama-03229p";"03229";"Akuakultur air tawar lain t.t.t.l."
"";"lama-03114p";"03301";"Aktiviti atas vessel yang melibatkan pemprosesan dan pegawetan"
"";"lama-03229p";"03302";"Penyelenggaraan tempat dan peralatan akuakultur"
"";"lama-03129p";"03309";"Aktiviti sokongan perikanan dan akuakultur lain t.t.t.l."
"";"lama-03229p";"03309";"Aktiviti sokongan perikanan dan akuakultur lain t.t.t.l."
"";"lama-05100";"05100";"Perlombongan batu arang pepejal"
"";"lama-05200";"05200";"Perlombongan lignit (batu arang perang)"
"";"lama-06101";"06100";"Pengekstrakan petroleum mentah"
"";"lama-06102";"06100";"Pengekstrakan petroleum mentah"
"";"lama-06103";"06100";"Pengekstrakan petroleum mentah"
"";"lama-06104";"06100";"Pengekstrakan petroleum mentah"
"";"lama-06201";"06201";"Pengekstrakan gas asli"
"";"lama-06203";"06201";"Pengekstrakan gas asli"
"";"lama-06204";"06201";"Pengekstrakan gas asli"
"";"lama-06205";"06201";"Pengekstrakan gas asli"
"";"lama-06202";"06202";"Pengekstrakan kondensat"
"";"lama-07101";"07101";"Perlombongan bijih yang tinggi kandungan besi"
"";"lama-07102";"07102";"Pengekstrakan dan penggumpalan bijih besi"
"";"lama-07210";"07210";"Perlombongan bijih uranium dan torium"
"";"lama-07291";"07291";"Perlombongan bijih timah"
"";"lama-07292";"07292";"Perlombongan tembaga"
"";"lama-07293";"07293";"Perlombongan bauksit (aluminium)"
"";"lama-07294";"07294";"Pembilasan amang"
"";"lama-07298";"07294";"Pembilasan amang"
"";"lama-07295";"07295";"Perlombongan emas dan perak"
"";"lama-07296";"07295";"Perlombongan emas dan perak"
"";"lama-07299p";"07296";"Perlombongan unsur nadir bumi (REE)"
"";"lama-07297";"07299";"Perlombongan bijih logam bukan besi lain t.t.t.l."
"";"lama-07299p";"07299";"Perlombongan bijih logam bukan besi lain t.t.t.l."
"";"lama-08101";"08101";"Pengkuarian batu untuk industri batu dimensi"
"";"lama-08102";"08102";"Aktiviti mengekstrak dan memproses mineral bukan logam"
"";"lama-08103";"08102";"Aktiviti mengekstrak dan memproses mineral bukan logam"
"";"lama-08108p";"08103";"Perlombongan kaolin"
"";"lama-08104";"08104";"Perlombongan kapur dan dolomit yang tidak dirawat"
"";"lama-08105";"08105";"Pengekstrakan, pengorekan, pemecahan dan penghancuran pasir industri, pasir untuk pembinaan, batu dan kerikil"
"";"lama-08106";"08105";"Pengekstrakan, pengorekan, pemecahan dan penghancuran pasir industri, pasir untuk pembinaan, batu dan kerikil"
"";"lama-08107p";"08106";"Perlombongan pasir silika"
"";"lama-08108p";"08107";"Perlombongan tanah liat dan tanah liat refraktori"
"";"lama-08109";"08108";"Pengkuarian, penghancuran dan pemecahan granit"
"";"lama-08107p";"08109";"Pengkuarian batu, pasir dan tanah liat t.t.t.l."
"";"lama-08999p";"08109";"Pengkuarian batu, pasir dan tanah liat t.t.t.l."
"";"lama-08911";"08911";"Perlombongan fosfat semulajadi"
"";"lama-08912";"08912";"Perlombongan garam kalium (potassium) semulajadi"
"";"lama-08913";"08913";"Perlombongan sulfur semulajadi"
"";"lama-08914";"08914";"Pengekstrakan dan penyediaan pirit dan pirotit, kecuali penyalaian"
"";"lama-08915";"08915";"Perlombongan barium sulfat semulajadi dan karbonat (baryte dan witerit)"
"";"lama-08916";"08916";"Perlombongan borat semula jadi, magnesium sulfat semulajadi (kieserit)"
"";"lama-08917";"08917";"Perlombongan earth colours, fluorspar dan mineral lain yang tinggi kandungan mineral sebagai sumber kimia"
"";"lama-08918";"08918";"Perlombongan guano"
"";"lama-08921";"08920";"Pengekstrakan tanah gambut"
"";"lama-08922";"08920";"Pengekstrakan tanah gambut"
"";"lama-08923";"08920";"Pengekstrakan tanah gambut"
"";"lama-08931";"08931";"Pengekstrakan garam dari bawah tanah"
"";"lama-08932";"08932";"Pengeluaran garam melalui penyejatan air laut atau air masin lain"
"";"lama-08933";"08933";"Penghancuran, penulenan dan penapisan garam oleh pengeluar"
"";"lama-08991";"08991";"Perlombongan dan pengkuarian bahan pelelas (bahan kesat)"
"";"lama-08992";"08992";"Perlombongan dan pengkuarian asbestos"
"";"lama-08993";"08993";"Perlombongan dan pengkuarian fosil bersilika"
"";"lama-08994";"08994";"Perlombongan dan pengkuarian grafit semulajadi"
"";"lama-08995";"08995";"Perlombongan dan pengkuarian steatite (talkum)"
"";"lama-08996";"08996";"Perlombongan dan pengkuarian batu permata"
"";"lama-08999";"08999";"Perlombongan dan pengkuarian lain t.t.t.l."
"";"lama-09101";"09101";"Aktiviti pengekstrakan petroleum dan gas yang dibekalkan atas dasar kontrak atau bayaran"
"";"lama-09102";"09102";"Perkhidmatan memadam kebakaran di lapangan minyak dan gas"
"";"lama-09900";"09900";"Aktiviti sokongan untuk perlombongan dan pengkuarian lain"
"";"lama-10101";"10101";"Pemprosesan dan pengawetan daging dan pengeluaran produk daging"
"";"lama-10102";"10102";"Pemprosesan dan pengawetan ayam itik dan produk ayam itik"
"";"lama-10103";"10103";"Pengeluaran belulang dan kulit yang berasal dari rumah penyembelihan"
"";"lama-10104";"10104";"Operasi rumah penyembelihan yang terlibat dalam pembunuhan, pembersihan atau pembungkusan daging"
"";"lama-10109";"10109";"Pemprosesan dan pengawetan daging t.t.t.l."
"";"lama-10201";"10201";"Pengetinan ikan, krustasea dan moluska"
"";"lama-10202";"10202";"Pemprosesan, penggaraman dan pengawetan ikan, krustasea dan moluska"
"";"lama-10203";"10203";"Pengeluaran makanan berasaskan ikan untuk manusia atau haiwan"
"";"lama-10204";"10204";"Pengeluaran keropok"
"";"lama-10205";"10205";"Pemprosesan rumpai laut"
"";"lama-10301";"10301";"Pembuatan produk makanan buah-buahan dan sayur-sayuran"
"";"lama-10302";"10302";"Pembuatan jus buah-buahan dan sayur-sayuran"
"";"lama-10303";"10303";"Pengetinan nanas"
"";"lama-10304";"10304";"Pembuatan jem, marmalad dan sajian jeli"
"";"lama-10305";"10305";"Pembuatan jem, marmalad dan sajian jeli"
"";"lama-10306";"10306";"Pembuatan produk tauhu"
"";"lama-10401";"10401";"Pembuatan minyak sawit mentah"
"";"lama-10402";"10402";"Pembuatan minyak sawit bertapis"
"";"lama-10403";"10403";"Pembuatan minyak isirung sawit"
"";"lama-10404p";"10404";"Pembuatan minyak sayuran mentah dan bertapis"
"";"lama-10405";"10405";"Pembuatan minyak kelapa"
"";"lama-10406";"10406";"Pembuatan sebatian lemak masakan"
"";"lama-10407";"10407";"Pembuatan minyak dan lemak haiwan"
"";"lama-10501";"10501";"Pembuatan ais krim dan ais lain yang boleh dimakan"
"";"lama-10502";"10502";"Pembuatan susu pekat, tepung dan sejat"
"";"lama-10509";"10509";"Pembuatan produk tenusu t.t.t.l."
"";"lama-10611";"10611";"Pengilangan beras"
"";"lama-10612p";"10611";"Pengilangan beras"
"";"lama-10612p";"10612";"Pengilangan beras"
"";"lama-10613";"10612";"Pengilangan beras"
"";"lama-10619";"10619";"Pembuatan produk bijian t.t.t.l."
"";"lama-10404p";"10621";"Pembuatan kanji dan produk berkanji"
"";"lama-10621";"10621";"Pembuatan kanji dan produk berkanji"
"";"lama-10622";"10622";"Pembuatan glukosa, sirap glukosa, maltosa, inulin"
"";"lama-10623";"10623";"Pembuatan sagu dan tepung ubi kayu/ produk"
"";"lama-10711";"10711";"Pembuatan biskut dan cookies"
"";"lama-10712";"10712";"Pembuatan roti, kek dan produk bakeri lain"
"";"lama-10713";"10713";"Pembuatan produk snek"
"";"lama-10714";"10714";"Pembuatan produk bakeri yang dibeku"
"";"lama-10721";"10721";"Pembuatan gula"
"";"lama-10722";"10722";"Pembuatan produk daripada gula"
"";"lama-10731";"10731";"Pembuatan produk koko"
"";"lama-10732";"10732";"Pembuatan coklat dan produk coklat"
"";"lama-10733";"10733";"Pembuatan konfeksi gula"
"";"lama-10741";"10741";"Pembuatan bihun, mi dan produk lain yang berkaitan"
"";"lama-10742";"10742";"Pembuatan pasta"
"";"lama-10750";"10750";"Pembuatan makanan dan hidangan tersedia"
"";"lama-10791";"10761";"Pembuatan kopi"
"";"lama-10792";"10762";"Pembuatan teh"
"";"lama-10793";"10791";"Pembuatan sos dan bahan perasa"
"";"lama-10794";"10792";"Pembuatan rempah dan serbuk kari"
"";"lama-10795";"10793";"Pembuatan produk telur"
"";"lama-10799";"10799";"Pembuatan produk makanan lain t.t.t.l."
"";"lama-10800";"10800";"Pembuatan makanan haiwan tersedia"
"";"lama-11010";"11010";"Penyulingan, pembersihan dan pencampuran spirit"
"";"lama-11020";"11020";"Pembuatan wain"
"";"lama-11030p";"11030";"Pembuatan bir"
"";"lama-11030p";"11040";"Pembuatan malt"
"";"lama-11041";"11051";"Pembuatan minuman ringan"
"";"lama-11042";"11052";"Pengeluaran air mineral semula jadi dan minuman lain yang dibotolkan"
"";"lama-12000";"12000";"Pembuatan produk tembakau"
"";"lama-13110";"13110";"Penyediaan dan pemintalan gentian tekstil"
"";"lama-13120";"13120";"Penenunan tekstil"
"";"lama-13131";"13131";"Pembuatan batik"
"";"lama-13132";"13132";"Pewarnaan, pelunturan, pencetakan dan kemasan benang dan fabrik"
"";"lama-13139";"13139";"Kemasan tekstil lain"
"";"lama-13910";"13910";"Pembuatan fabrik dikait dan dikrusye"
"";"lama-13921";"13921";"Pembuatan artikel tersedia bagi bahan tekstil seumpamanya termasuk fabrik dikait dan dikrusye"
"";"lama-13922";"13922";"Pembuatan artikel perhiasan tersedia"
"";"lama-13930";"13930";"Pembuatan permaidani dan hamparan"
"";"lama-13940";"13940";"Pembuatan bagi tali-temali, tali, tali pintal dan jaring"
"";"lama-13990";"13990";"Pembuatan tekstil lain t.t.t.l."
"";"lama-14101";"14101";"Pembuatan pakaian spesifik"
"";"lama-14102";"14102";"Pembuatan pakaian"
"";"lama-14103";"14103";"Jahitan pakaian tempahan"
"";"lama-14109";"14109";"Pembuatan aksesori pakaian lain"
"";"lama-14200";"14200";"Pembuatan artikel yang diperbuat daripada kulit bulu"
"";"lama-14300";"14300";"Pembuatan pakaian yang dikait dan dikrusye"
"";"lama-15110";"15110";"Penyamakan dan pembersihan kulit| pembersihan dan pewarnaan bulu"
"";"lama-15120";"15120";"Pembuatan bagasi, beg tangan dan seumpamanya, pelana dan abah-abah daripada pelbagai bahan"
"";"lama-15201";"15201";"Pembuatan kasut kulit"
"";"lama-15202";"15202";"Pembuatan kasut plastik"
"";"lama-15203";"15203";"Pembuatan kasut getah"
"";"lama-15209";"15209";"Pembuatan kasut lain t.t.t.l."
"";"lama-16100";"16100";"Pengilangan dan pengetaman kayu"
"";"lama-16211";"16211";"Pembuatan kepingan venier dan papan lapis"
"";"lama-16212";"16212";"Pembuatan papan partikel dan papan gentian"
"";"lama-16221";"16221";"Pembuatan kayu untuk jurubina"
"";"lama-16222";"16222";"Pembuatan produk tanggam kayu"
"";"lama-16230";"16230";"Pembuatan bekas kayu"
"";"lama-16291";"16291";"Pembuatan kayu arang"
"";"lama-16292";"16292";"Pembuatan produk kayu lain, rotan, artikel gabus, jerami dan bahan jalinan"
"";"lama-17010p";"17010";"Pembuatan pulpa, kertas dan kertas tebal"
"";"lama-17020";"17020";"Pembuatan kertas gelugur dan kertas tebal dan bekas daripada kertas dan kertas tebal"
"";"lama-17091";"17091";"Pembuatan sampul surat dan kad surat 17092 17092 Pembuatan kertas kegunaan rumah dan pembersih peribadi"
"";"lama-17093";"17093";"Pembuatan kertas bergam atau pelekat berjalur atau bergulung dan label dan kertas dinding"
"";"lama-17094";"17094";"Pembuatan patung, barangan kertas upacara pengebumian, kertas colok"
"";"lama-17010p";"17099";"Pembuatan artikel kertas dan kertas tebal lain yang t.t.t.l."
"";"lama-17099";"17099";"Pembuatan artikel kertas dan kertas tebal lain yang t.t.t.l."
"";"lama-18110";"18110";"Percetakan"
"";"lama-18120";"18120";"Aktiviti perkhidmatan berkaitan percetakan"
"";"lama-18200";"18200";"Penerbitan semula media rakaman"
"";"lama-19100";"19100";"Pembuatan produk ketuhar kok"
"";"lama-19201";"19201";"Pembuatan produk petroleum bertapis| pembuatan produk bahan api fosil"
"";"lama-19202";"19202";"Pembuatan produk biodiesel"
"";"lama-20111";"20111";"Pembuatan gas perindustrian atau perubatan bukan organik dalam bentuk cecair atau mampat"
"";"lama-20112";"20112";"Pembuatan bahan kimia organik asas"
"";"lama-20113";"20113";"Pembuatan sebatian bukan organik"
"";"lama-20119";"20119";"Pembuatan kimia asas lain t.t.t.l."
"";"lama-20121";"20121";"Pembuatan bahan kimia organik asas"
"";"lama-20129";"20129";"Pembuatan produk campuran nitrogen"
"";"lama-20131";"20131";"Pembuatan plastik dalam bentuk primer"
"";"lama-20132";"20132";"Pembuatan getah sintetik dalam bentuk primer"
"";"lama-20133";"20133";"Pembuatan campuran getah sintetik dan getah asli atau getah - seperti perekat"
"";"lama-20210";"20210";"Pembuatan racun perosak dan produk agrokimia lain"
"";"lama-20221";"20221";"Pembuatan cat, varnis dan penyadur seumpamanya, dan mastik"
"";"lama-20222";"20222";"Pembuatan dakwat cetak"
"";"lama-20231";"20231";"Pembuatan sabun dan bahan pencuci, penyediaan membersih dan mengilat"
"";"lama-20232";"20232";"Pembuatan minyak wangi dan persediaan tandas"
"";"lama-20291";"20291";"Pembuatan plat fotografi, filem, kertas pemeka(sensitized paper) dan bahan lain yang tidak terdedah kepada pemekaan(other sensitized unexposed materials)"
"";"lama-20292";"20292";"Pembuatan dakwat menulis dan melukis"
"";"lama-20299p";"20299";"Pembuatan produk kimia lain t.t.t.l."
"";"lama-20300";"20300";"Pembuatan gentian buatan manusia"
"";"lama-21001";"21001";"Pembuatan bahan aktif perubatan untuk digunakan oleh bidang farmakologi dalam pembuatan ubat-ubatan"
"";"lama-21002";"21002";"Pemprosesan darah"
"";"lama-21003";"21003";"Pembuatan ubat-ubatan"
"";"lama-21004";"21004";"Pembuatan produk kimia bagi pencegah kehamilan"
"";"lama-21005";"21005";"Pembuatan penyediaan diagnosis perubatan"
"";"lama-21006";"21006";"Pembuatan bahan diagnosis in-vivo radioaktif"
"";"lama-21007";"21007";"Pembuatan farmaseutikal bioteknologi"
"";"lama-21009p";"21008";"Pembuatan ubat herba"
"";"lama-21009p";"21009";"Pembuatan produk farmaseutikal lain, kimia perubatan dan botani t.t.t.l."
"";"lama-22111";"22111";"Pembuatan tayar getah untuk kenderaan"
"";"lama-22112";"22112";"Pembuatan bunga tayar yang boleh ditukar ganti dan tayar celup"
"";"lama-22191";"22191";"Pembuatan produk lain daripada getah asli atau sintetik, tidak divulkan, divulkan atau dikeraskan"
"";"lama-22192";"22192";"Pembuatan sarung tangan getah"
"";"lama-22193";"22193";"Pengilangan semula getah dan pemprosesan susu getah"
"";"lama-22199";"22199";"Pembuatan produk getah lain yang t.t.t.l."
"";"lama-22201";"22201";"Pembuatan produk plastik separa siap"
"";"lama-22202";"22202";"Pembuatan produk plastik siap"
"";"lama-22203";"22203";"Pembuatan artikel plastik untuk pembungkusan barangan"
"";"lama-22204";"22204";"Pembuatan barangan plastik jurubina"
"";"lama-22205";"22205";"Pembuatan pinggan mangkuk, peralatan dapur dan barangan tandas daripada plastik"
"";"lama-22209";"22209";"Pembuatan pelbagai produk plastik t.t.t.l."
"";"lama-23101";"23101";"Pembuatan kaca rata, termasuk kaca rata berdawai, berwarna atau sedikit berwarna"
"";"lama-23102";"23102";"Pembuatan barangan kaca makmal, barangan kesihatan atau farmaseutikal"
"";"lama-23109";"23109";"Pembuatan produk kaca lain t.t.t.l."
"";"lama-23911";"23911";"Pembuatan mortar refraktori dan konkrit"
"";"lama-23912";"23912";"Pembuatan barangan seramik refraktori"
"";"lama-23921";"23921";"Pembuatan seramik bukan refraktori"
"";"lama-23929p";"23929";"Pembuatan lain-lain bahan binaan dari tanah liat"
"";"lama-23929p";"23930";"Pembuatan produk porselin dan seramik lain"
"";"lama-23930";"23930";"Pembuatan produk porselin dan seramik lain"
"";"lama-23941";"23941";"Pembuatan simen hidraulik"
"";"lama-23942";"23942";"Pembuatan kapur dan plaster"
"";"lama-23951";"23951";"Pembuatan konkrit dan mortar siap bancuh dan bancuhan kering"
"";"lama-23952";"23952";"Pembuatan konkrit pratuangan, simen atau artikel batu buatan yang digunakan dalam pembinaan"
"";"lama-23953";"23953";"Pembuatan komponen struktur pasang siap untuk bangunan atau kejuruteraan awam dari simen, batu atau konkrit buatan"
"";"lama-23959";"23959";"Pembuatan artikel konkrit, simen dan plaster lain t.t.t.l."
"";"lama-23960";"23960";"Pemotongan, pembentukan dan kemasan batu"
"";"lama-23990";"23990";"Pembuatan produk mineral bukan logam lain t.t.t.l."
"";"lama-24101";"24101";"Pengeluaran jongkong besi dan spiegeleisen dalam bentuk jongkong, blok atau dalam bentuk asal lain"
"";"lama-24102";"24102";"Pengeluaran batang dan rod keluli tahan karat atau keluli aloi lain"
"";"lama-24103";"24103";"Pembuatan tiub tidak berkelim, dengan penggelekan, picitan atau tempaan panas atau dengan tempaan atau penggelekan sejuk"
"";"lama-24104";"24104";"Pembuatan kelengkapan tiub keluli"
"";"lama-24109";"24109";"Pembuatan produk besi dan keluli asas lain t.t.t.l."
"";"lama-24201";"24201";"Peleburan timah"
"";"lama-24202";"24202";"Pengeluaran aluminium daripada alumina"
"";"lama-24209";"24209";"Pembuatan logam berharga asas lain dan logam bukan ferus lain t.t.t.l."
"";"lama-24311";"24311";"Pengacuan besi"
"";"lama-24312";"24312";"Pengacuan keluli"
"";"lama-24320";"24320";"Pengacuan logam bukan ferus"
"";"lama-25111";"25111";"Pembuatan kerangka kerja perindustrian daripada logam"
"";"lama-25112";"25112";"Pembuatan bangunan pasang siap terutamanya daripada logam"
"";"lama-25113";"25113";"Pembuatan pintu, tingkap dan bingkai, penutup tingkap dan pintu pagar daripada logam"
"";"lama-25119";"25119";"Pembuatan produk struktur logam lain"
"";"lama-25120";"25120";"Pembuatan tangki, takungan dan kontena daripada logam"
"";"lama-25130";"25130";"Pembuatan penjana wap, kecuali dandang pemanasan air berpusat"
"";"lama-25200";"25200";"Pembuatan senjata dan peluru"
"";"lama-25910";"25910";"Tempaan, tekanan, hentakan dan bentuk gelekan logam| serbuk metalurgi"
"";"lama-25920";"25920";"Rawatan dan penyalutan logam| menggunakan mesin"
"";"lama-25930";"25930";"Pembuatan kutleri, alatan pertukangan tangan dan perkakasan am"
"";"lama-25991";"25991";"Pembuatan tin untuk produk makanan dan minuman, tiub dan kotak boleh dilipat"
"";"lama-25992";"25992";"Pembuatan kabel, plaited bands (jalur/pita berpintal) dan artikel seumpamanya daripada logam"
"";"lama-25993";"25993";"Pembuatan bolt, skru, nat dan produk uliran seumpamanya"
"";"lama-25994";"25994";"Pembuatan barangan rumah logam"
"";"lama-25999";"25999";"Pembuatan sebarang produk logam rekaan lain t.t.t.l."
"";"lama-26101p";"26110";"Pembuatan sel solar, panel solar dan penyongsang fotovoltaik"
"";"lama-26101p";"26191";"Pembuatan diod, transistor dan alatan semikonduktor yang seumpamanya"
"";"lama-26102";"26192";"Pembuatan litar elektronik bersepadu dengan pemasangan mikro"
"";"lama-26103";"26193";"Pembuatan kapasitor dan perintang elektrik"
"";"lama-26104";"26194";"Pembuatan papan litar bercetak"
"";"lama-26104p";"26195";"Pembuatan komponen paparan"
"";"lama-26105";"26195";"Pembuatan komponen paparan"
"";"lama-26109";"26199";"Pembuatan komponen lain untuk aplikasi elektronik"
"";"lama-26201";"26201";"Pembuatan komputer"
"";"lama-26202";"26202";"Pembuatan kelengkapan peranti"
"";"lama-26300";"26300";"Pembuatan peralatan komunikasi"
"";"lama-26400";"26400";"Pembuatan peralatan elektronik pengguna"
"";"lama-26511";"26511";"Pembuatan kelengkapan mengukur, menguji, memandu arah dan kawalan"
"";"lama-26512";"26512";"Pembuatan kelengkapan kawalan proses perindustrian"
"";"lama-26520";"26520";"Pembuatan jam tangan dan jam dan alat ganti"
"";"lama-26600";"26600";"Pembuatan penyinaran, peralatan perubatan elektro dan elektroterapeutik"
"";"lama-26701";"26701";"Pembuatan peralatan dan kelengkapan optikal"
"";"lama-26702";"26702";"Pembuatan peralatan fotografi"
"";"lama-26800";"26800";"Pembuatan media rakaman magnetik dan optik"
"";"lama-27101";"27101";"Pembuatan motor elektrik, penjana dan transformer"
"";"lama-27102";"27102";"Pembuatan perkakasan pengagihan dan pengawalan elektrik"
"";"lama-27200";"27200";"Pembuatan bateri dan akumulator"
"";"lama-27310";"27310";"Pembuatan kabel gentian optik"
"";"lama-27320";"27320";"Pembuatan wayar dan kabel elektronik dan elektrik lain"
"";"lama-27330";"27330";"Pembuatan alatan pendawaian pembawa dan bukan pembawa arus untuk litar elektrik (tanpa mengira jenis bahan)"
"";"lama-27400";"27400";"Pembuatan kelengkapan pencahayaan elektrik"
"";"lama-27500";"27500";"Pembuatan perkakasan domestik"
"";"lama-27900";"27900";"Pembuatan pelbagai kelengkapan elektrikal selain daripada motor, penjana dan transformer, bateri dan akumulator, wayar dan alatan pendawaian, kelengkapan pencahayaan atau perkakasan domestik"
"";"lama-28110";"28110";"Pembuatan enjin dan turbin, kecuali enjin pesawat, kenderaan dan kenderaan beroda dua"
"";"lama-28120";"28120";"Pembuatan kelengkapan kuasa bendalir"
"";"lama-28130";"28130";"Pembuatan pam, pemampat, paip dan injap lain"
"";"lama-28140";"28140";"Pembuatan penggalas, gear, elemen gear dan pemanduan"
"";"lama-28150";"28150";"Pembuatan ketuhar, relau dan relau pembakar"
"";"lama-28160";"28160";"Pembuatan peralatan mengangkat dan mengendalikan"
"";"lama-28170";"28170";"Pembuatan mesin dan kelengkapan pejabat (kecuali kelengkapan komputer dan peranti)"
"";"lama-28180";"28180";"Pembuatan alatan tangan yang menggunakan kuasa dilengkapkan dengan motor elektrik atau bukan motor elektrik atau pneumatik"
"";"lama-28191";"28191";"Pembuatan kelengkapan penyejukan atau pembekuan perindustrian"
"";"lama-28192";"28192";"Pembuatan mesin penyaman udara, termasuk untuk kenderaan bermotor"
"";"lama-28199";"28199";"Pembuatan jentera tujuan umum lain t.t.t.l."
"";"lama-28210";"28210";"Pembuatan jentera pertanian dan perhutanan"
"";"lama-28220";"28220";"Pembuatan jentera pembentukan logam dan alatan mesin"
"";"lama-28230";"28230";"Pembuatan jentera untuk metalurgi"
"";"lama-28240";"28240";"Pembuatan jentera untuk perlombongan, pengkuarian dan pembinaan"
"";"lama-28250";"28250";"Pembuatan jentera untuk pemprosesan makanan, minuman dan tembakau"
"";"lama-28260";"28260";"Pembuatan jentera untuk pengeluaran tekstil, pakaian dan kulit"
"";"lama-28290";"28290";"Pembuatan jentera bertujuan khas lain t.t.t.l."
"";"lama-29101";"29101";"Pembuatan kereta penumpang"
"";"lama-29102";"29102";"Pembuatan kenderaan komersial"
"";"lama-29200";"29200";"Pembuatan badan (coachwork) untuk kenderaan bermotor| pembuatan treler dan separa treler"
"";"lama-29300";"29300";"Pembuatan alat ganti dan aksesori untuk kenderaan bermotor"
"";"lama-30110";"30110";"Pembinaan kapal dan struktur terapung"
"";"lama-30120";"30120";"Pembinaan bot persiaran dan sukan"
"";"lama-30200";"30200";"Pembuatan lokomotif kereta api dan rolling stock"
"";"lama-30300";"30300";"Pembuatan pesawat dan kapal angkasa dan jentera berkaitan"
"";"lama-30400";"30400";"Pembuatan kenderaan tempur ketenteraan"
"";"lama-30910p";"30911";"Pembuatan motosikal"
"";"lama-30910p";"30912";"Pembuatan alat ganti dan aksesori untuk motosikal"
"";"lama-30920";"30920";"Pembuatan basikal dan invalid carriages"
"";"lama-30990";"30990";"Pembuatan kelengkapan pengangkutan lain t.t.t.l."
"";"lama-31001";"31010";"Pembuatan perabot kayu"
"";"lama-31002";"31021";"Pembuatan perabot logam"
"";"lama-31003";"31022";"Pembuatan tilam selain daripada kayu"
"";"lama-31009";"31029";"Pembuatan perabot yang lain t.t.t.l."
"";"lama-32110";"32110";"Pembuatan barang kemas dan artikel berkaitan"
"";"lama-32120";"32120";"Pembuatan barang kemas tiruan dan artikel berkaitan"
"";"lama-32200";"32200";"Pembuatan instrumen muzik"
"";"lama-32300";"32300";"Pembuatan barangan sukan"
"";"lama-32400";"32400";"Pembuatan permainan dan mainan"
"";"lama-32500";"32500";"Pembuatan instrumen dan bekalan perubatan dan pergigian"
"";"lama-32901";"32901";"Pembuatan alat tulis"
"";"lama-32909";"32909";"Pembuatan lain t.t.t.l."
"";"lama-33110";"33110";"Pembaikan dan penyelenggaraan produk logam fabrikasi"
"";"lama-33120";"33120";"Pembaikan dan penyelenggaraan mesin dan peralatan industri"
"";"lama-33131";"33131";"Pembaikan dan penyelenggaraan peralatan menyukat, menguji, memandu arah dan kawalan"
"";"lama-33132";"33132";"Pembaikan dan penyelenggaraan peralatan penyinaran, perubatan elektro dan elektroterapeutik"
"";"lama-33133";"33133";"Pembaikan bagi peralatan optikal dan alatan fotografi"
"";"lama-33140";"33140";"Pembaikan dan penyelenggaraan kelengkapan elektrik kecuali penggunaan domestik"
"";"lama-33150";"33150";"Pembaikan dan penyelenggaraan kelengkapan pengangkutan kecuali motosikal dan basikal"
"";"lama-33190";"33190";"Pembaikan dan penyelenggaraan kelengkapan lain t.t.t.l."
"";"lama-33200";"33200";"Pemasangan jentera dan kelengkapan perindustrian"
"";"lama-35101p";"35110";"Aktiviti penjanaan kuasa elektrik daripada sumber tidak boleh diperbaharui"
"";"lama-35101p";"35120";"Aktiviti penjanaan kuasa elektrik daripada sumber boleh diperbaharui"
"";"lama-35102p";"35131";"Operasi penghantaran dan pengagihan kuasa elektrik"
"";"lama-35102p";"35132";"Operasi stesen atau kemudahan mengecas kenderaan elektrik dan peranti elektronik"
"";"lama-35201";"35201";"Pembuatan bahan api berunsur gas yang mempunyai spesifikasi nilai calorific, mengikut penulenan, pencampuran dan proses lain dari jenis gas yang lain"
"";"lama-35202";"35202";"Pengangkutan, pengagihan dan bekalan semua jenis bahan api berunsur gas melalui sistem saluran utama"
"";"lama-35203";"35203";"Penjualan gas kepada pengguna melalui saluran utama"
"";"lama-35301";"35301";"Pengeluaran, pengumpulan dan pengagihan wap dan air panas untuk pemanasan, tenaga dan tujuan lain"
"";"lama-35302";"35302";"Pengeluaran dan pengagih udara dingin, air yang disejukkan bagi tujuan pendinginan"
"";"lama-35303";"35303";"Pengeluaran ais, termasuk ais untuk tujuan makanan dan bukan makanan (cth. pendinginan)"
"";"lama-00000";"35400";"Aktiviti broker dan ejen bagi kuasa elektrik dan gas asli"
"";"lama-36001";"36001";"Penulenan dan pengagihan air untuk tujuan bekalan air"
"";"lama-36002";"36002";"Penyahmasinan air laut atau bawah tanah untuk menghasilkan air sebagai kepentingan produk utama"
"";"lama-37000";"37000";"Pembetungan dan aktiviti-aktiviti yang seumpamanya"
"";"lama-38111";"38111";"Pengumpulan sisa tidak berbahaya"
"";"lama-38112";"38112";"Pengumpulan bahan kitar semula"
"";"lama-38113";"38113";"Pengumpulan sampah dalam tong sampah di kawasan awam"
"";"lama-38114";"38114";"Pengumpulan sisa pembinaan dan runtuhan"
"";"lama-38115";"38115";"Operasi stesen pemindahan pembuangan sisa tidak berbahaya"
"";"lama-38121";"38121";"Pengumpulan sisa berbahaya"
"";"lama-38122";"38122";"Operasi stesen pemindahan pembuangan bagi sisa berbahaya"
"";"lama-38210";"38210";"Rawatan dan pelupusan sisa tidak berbahaya"
"";"lama-38220";"38220";"Rawatan dan pelupusan sisa berbahaya"
"";"lama-38301";"38301";"Meremukkan secara mekanikal sisa logam"
"";"lama-38302";"38302";"Meleraikan peralatan automobil, komputer, televisyen dan peralatan lain untuk pemulihan bahan"
"";"lama-38303";"38303";"Pemulihan semula getah"
"";"lama-38304";"38303";"Pemulihan semula getah"
"";"lama-38309";"38309";"Pemulihan bahan t.t.t.l."
"";"lama-39000";"39000";"Aktiviti pemulihan dan lain-lain perkhidmatan pengurusan sisa"
"";"lama-41001";"41001";"Bangunan kediaman"
"";"lama-41002";"41002";"Bangunan bukan kediaman"
"";"lama-41003";"41003";"Pemasangan dan pendirian bangunan pasang siap di tapak pembinaan"
"";"lama-41009";"41009";"Pembinaan bangunan t.t.t.l."
"";"lama-42101";"42101";"Pembinaan laluan kenderaan bermotor, lorong, jalan, laluan pejalan kaki dan kenderaan lain"
"";"lama-42102";"42102";"Kerja penurapan jalan, jalan raya, lebuh raya, jambatan atau terowong"
"";"lama-42103";"42103";"Pembinaan jambatan"
"";"lama-42104";"42104";"Pembinaan terowong"
"";"lama-42105";"42105";"Pembinaan landasan kereta api dan laluan bawah tanah"
"";"lama-42106";"42106";"Pembinaan landasan lapangan terbang"
"";"lama-42109p";"42107";"Pemasangan dan pembinaan struktur siap di tapak untuk pembinaan jalan raya / landasan kereta api"
"";"lama-42109p";"42109";"Pembinaan jalan raya dan landasan api lain t.t.t.l."
"";"lama-42201";"42201";"Saluran paip jarak jauh, talian komunikasi talian kuasa"
"";"lama-42202";"42202";"Saluran paip dalam bandar, talian dan talian kuasa dalam bandar: kerja-kerja berkaitan dalam bandar"
"";"lama-42203";"42203";"Pembinaan punca dan saluran air"
"";"lama-42204";"42204";"Loji takungan"
"";"lama-42205";"42205";"Pembinaan sistem pengairan (terusan)"
"";"lama-42206";"42206";"Pembinaan sistem pembetungan (termasuk pembaikan) dan loji pelupusan sisa kumbahan"
"";"lama-42207";"42207";"Pembinaan janakuasa"
"";"lama-42209";"42209";"Pembinaan projek utiliti lain t.t.t.l."
"";"lama-42901";"42901";"Pembinaan loji penapisan"
"";"lama-42902";"42902";"Pembinaan laluan air, kerja pelabuhan dan sungai, pleasure ports (marina), kunci air"
"";"lama-42903";"42903";"Pembinaan empangan dan daik"
"";"lama-42904";"42904";"Penggalian laluan air"
"";"lama-42905";"42905";"Kemudahan sukan luar"
"";"lama-42906";"42906";"Pembahagian tanah berserta dengan penambahbaikan tanah"
"";"lama-42909p";"42907";"Pembinaan kerja-kerja perlindungan cerun dan penyelenggaraan cerun"
"";"lama-42909p";"42908";"Pembinaan struktur pelantar minyak"
"";"lama-42909p";"42909";"Pembinaan projek kejuruteraan awam lain t.t.t.l."
"";"lama-43110";"43110";"Perobohan"
"";"lama-43121";"43121";"Pembersihan tapak pembinaan"
"";"lama-43122";"43122";"Pengalihan tanah"
"";"lama-43123";"43123";"Pengujian tanah, penggerudian dan penggalian tanah untuk tujuan pembinaan, geofizikal, geologikal atau tujuan seumpamanya"
"";"lama-43124";"43124";"Penyediaan tapak bagi perlombongan"
"";"lama-43125";"43125";"Perparitan bagi tanah pertanian atau perhutanan"
"";"lama-43126";"43126";"Kerja penebusgunaan tanah"
"";"lama-43129";"43129";"Aktiviti penyediaan tapak lain t.t.t.l."
"";"lama-43211";"43211";"Pendawaian dan pemasangan elektrik"
"";"lama-43212";"43212";"Pendawaian telekomunikasi"
"";"lama-43213";"43213";"Pendawaian rangkaian komputer dan kabel televisyen"
"";"lama-43214";"43214";"Piring satelit"
"";"lama-43215";"43215";"Sistem pencahayaan"
"";"lama-43216";"43216";"Sistem keselamatan"
"";"lama-43219p";"43217";"Pemasangan pengecas elektrik"
"";"lama-43219p";"43218";"Pemasangan sistem fotovoltaik di bangunan"
"";"lama-43219p";"43219";"Pemasangan elektrik t.t.t.l."
"";"lama-43221";"43221";"Pemasangan sistem pemanasan (elektrik, dan minyak)"
"";"lama-43222";"43222";"Pemasangan relau, menara pendinginan"
"";"lama-43223";"43223";"Pemasangan pengumpul tenaga solar elektrik"
"";"lama-43224";"43224";"Pemasangan sistem peralatan paip dan sanitasi"
"";"lama-43225";"43225";"Pemasangan peralatan dan saluran pengudaraan, penyejukan atau pendinginan udara"
"";"lama-43226";"43226";"Pemasangan kelengkapan gas"
"";"lama-43227";"43227";"Pemasangan sistem perenjis air untuk kebakaran dan padang"
"";"lama-43228";"43228";"Pemasangan paip untuk wap"
"";"lama-43229";"43229";"Pemasangan paip, pemanasan dan pendinginan udara t.t.t.l."
"";"lama-43291";"43291";"Pemasangan lif, eskalator dalam bangunan atau projek pembinaan lain"
"";"lama-43292";"43292";"Pemasangan pintu automatik dan berputar dalam bangunan atau projek pembinaan lain"
"";"lama-43293";"43293";"Pemasangan konduktor kilat dalam atau projek pembinaan lain"
"";"lama-43294";"43294";"Pemasangan sistem pembersihan vakum dalam bangunan atau projek pembinaan lain"
"";"lama-43295";"43295";"Pemasangan sistem penebatan terma, atau gegaran dalam bangunan atau pembinaan lain"
"";"lama-43299";"43299";"Pemasangan pembinaan lain t.t.t.l."
"";"lama-43301";"43301";"Pemasangan rangka pintu, tingkap, rangka/bingkai pintu dan tingkap daripada kayu atau bahan lain, dapur pasang siap, tangga, kelengkapan kedai dan perabot"
"";"lama-43302";"43302";"Melapis, memasang jubin, menggantung atau memasang kelengkapan bangunan atau projek pembinaan lain daripada pelbagai bahan"
"";"lama-43303";"43303";"Mengecat dalam dan luar bangunan"
"";"lama-43304";"43304";"Mengecat struktur kejuruteraan awam"
"";"lama-43305";"43305";"Pemasangan kaca, cermin"
"";"lama-43306";"43306";"Penyiapan dalaman bangunan"
"";"lama-43307";"43307";"Pembersihan bangunan baru selepas kerja pembinaan"
"";"lama-43309";"43309";"Penyiapan dan kemasan bangunan lain t.t.t.l."
"";"lama-00000";"43400";"Aktiviti perkhidmatan perantaraan bagi perkhidmatan pembinaan pertukangan khas"
"";"lama-43901";"43901";"Pembinaan tapak, termasuk memantak cerucuk"
"";"lama-43902";"43902";"Pembinaan elemen keluli yang bukan sendiri"
"";"lama-43903";"43903";"Memasang dan membuka semula dan platform kerja"
"";"lama-43904";"43904";"Kerja mengikat dan menyusun bata"
"";"lama-43905";"43905";"Pembinaan kolam renang terbuka"
"";"lama-43906";"43906";"Pembersihan menggunakan wap, dan aktiviti seumpamanya untuk luar bangunan"
"";"lama-43907";"43907";"Penyewaan jentera dan peralatan dengan operator"
"";"lama-43909";"43909";"Aktiviti pembinaan pertukangan khas lain t.t.t.l."
"";"lama-45101p";"45101";"Jualan borong dan runcit kenderaan bermotor baru"
"";"lama-45102p";"45102";"Jualan borong dan runcit kenderaan bermotor terpakai"
"";"lama-45103";"45103";"Jualan borong dan runcit kenderaan baru bagi industri, komersial dan pertanian"
"";"lama-45104";"45104";"Jualan borong dan runcit kenderaan terpakai bagi industri, komersial dan pertanian"
"";"lama-45105";"45105";"Jualan oleh ejen komisen"
"";"lama-45106";"45106";"Lelongan kereta (runcit)"
"";"lama-45101p";"45107";"Jualan borong dan runcit kenderaan bermotor elektrikal baru"
"";"lama-45102p";"45108";"Jualan borong kenderaan bermotor elektrikal terpakai"
"";"lama-45109";"45109";"Jualan lain-lain kenderaan bermotor t.t.t.l."
"";"lama-45201";"45201";"Pembaikan dan penyelenggaraan kenderaan bermotor"
"";"lama-45202";"45202";"Menyembur dan mengecat"
"";"lama-45203";"45203";"Mencuci dan menggilap (cuci kereta)"
"";"lama-45204";"45204";"Pembaikan tempat duduk kenderaan bermotor"
"";"lama-45205";"45205";"Pemasangan komponen (termasuk alat ganti) dan aksesori bukan sebahagian daripada proses pembuatan"
"";"lama-45300";"45300";"Jualan borong dan runcit semua jenis komponen, alat ganti, bekalan, peralatan dan aksesori kenderaan bermotor"
"";"lama-45401p";"45401";"Jualan borong dan runcit motosikal"
"";"lama-45402";"45402";"Jualan borong dan runcit komponen (termasuk alat ganti) dan aksesori motosikal"
"";"lama-45403";"45403";"Pembaikan dan penyelenggaraan motosikal"
"";"lama-45401p";"45404";"Jualan borong dan runcit motosikal elektrik baru dan terpakai"
"";"lama-00000";"45500";"Aktiviti perkhidmatan pengantaraan untuk pembaikan dan penyelenggaraan kenderaan bermotor dan motosikal"
"";"lama-46100";"46100";"Jualan borong berdasarkan kontrak atau yuran"
"";"lama-46201";"46201";"Jualan borong getah"
"";"lama-46202";"46202";"Jualan borong minyak kelapa sawit"
"";"lama-46203";"46203";"Jualan borong kayu balak dan kayu-kayan"
"";"lama-46204";"46204";"Jualan borong bunga-bungaan dan tumbuh-tumbuhan"
"";"lama-46205";"46205";"Jualan borong ternakan dan haiwan hidup"
"";"lama-46209p";"46205";"Jualan borong ternakan dan haiwan hidup"
"";"lama-46901";"46205";"Jualan borong ternakan dan haiwan hidup"
"";"lama-46209p";"46206";"Jualan borong buah-buahan/tandan kelapa sawit"
"";"lama-46209p";"46209";"Jualan borong bahan mentah pertanian dan haiwan hidup t.t.t.l."
"";"lama-46311";"46311";"Jualan borong daging, unggas dan telur"
"";"lama-46312";"46312";"Jualan borong ikan dan lain-lain makanan laut"
"";"lama-46313";"46313";"Jualan borong buah-buahan"
"";"lama-46314";"46314";"Jualan borong sayur-sayuran"
"";"lama-46319";"46319";"Jualan borong daging, ikan, buah-buahan dan sayur-sayuran t.t.t.l."
"";"lama-46321";"46321";"Jualan borong beras, bijirin lain, tepung dan gula"
"";"lama-46322";"46322";"Jualan borong hasil tenusu"
"";"lama-46323";"46323";"Jualan borong konfeksi"
"";"lama-46324";"46324";"Jualan borong biskut, kek, roti dan produk bakeri lain"
"";"lama-46325";"46325";"Jualan borong kopi, teh, koko dan minuman lain"
"";"lama-46326";"46326";"Jualan borong bir, wain dan spirit"
"";"lama-46327";"46327";"Jualan borong tembakau dan produk serta aksesori merokok"
"";"lama-46329p";"46328";"Jualan borong makanan sejuk beku dan makanan tersedia (ready-made)"
"";"lama-46329p";"46329";"Jualan borong barang makanan lain"
"";"lama-46411";"46411";"Jualan borong benang dan fabrik"
"";"lama-46412";"46412";"Jualan borong linen, tuala dan selimut isi rumah"
"";"lama-46413";"46413";"Jualan borong pakaian dan pakaian daripada bulu binatang"
"";"lama-46415";"46413";"Jualan borong pakaian dan pakaian daripada bulu binatang"
"";"lama-46414";"46414";"Jualan borong aksesori pakaian"
"";"lama-46416";"46415";"Jualan borong kasut"
"";"lama-46417";"46416";"Jualan borong bahan jahitan"
"";"lama-46419";"46419";"Jualan borong tekstil, pakaian t.t.t.l."
"";"lama-46491";"46421";"Jualan borong perabot"
"";"lama-46592";"46421";"Jualan borong perabot"
"";"lama-46499p";"46422";"Jualan borong permaidani dan hamparan"
"";"lama-46493";"46423";"Jualan borong peralatan lampu"
"";"lama-46421";"46431";"Jualan borong barangan farmaseutikal dan perubatan"
"";"lama-46422";"46432";"Jualan borong pewangi, kosmetik, sabun dan kelengkapan dandanan diri"
"";"lama-46431";"46441";"Jualan borong basikal, e-basikal, komponen (termasuk alat ganti) dan aksesori"
"";"lama-46432";"46442";"Jualan borong barangan fotografi dan optik"
"";"lama-46433";"46443";"Jualan borong barangan kulit dan aksesori kembara"
"";"lama-46434";"46444";"Jualan borong peralatan muzik, permainan dan barang mainan, barangan sukan"
"";"lama-46499p";"46445";"Jualan borong khemah dan beg tidur"
"";"lama-46441";"46451";"Jualan borong kraftangan dan bunga tiruan"
"";"lama-46442";"46452";"Jualan borong bunga keratan dan tumbuhan"
"";"lama-46443";"46453";"Jualan borong jam tangan dan jam dinding"
"";"lama-46444";"46454";"Jualan borong barang kemas"
"";"lama-46499p";"46460";"Jualan borong barangan terpakai"
"";"lama-46492";"46491";"Jualan borong perkakas isi rumah"
"";"lama-46494";"46492";"Jualan borong perkakas dapur dan kutleri, pinggan mangkuk, barangan kaca dan barangan tembikar"
"";"lama-46495";"46493";"Jualan borong barangan kayu, anyaman rotan dan barangan gabus"
"";"lama-46496p";"46494";"Jualan borong barangan elektrik dan elektronik"
"";"lama-46497";"46495";"Jualan borong alat tulis, buku, majalah dan surat khabar"
"";"lama-46499p";"46499";"Jualan borong lain-lain barangan isi rumah t.t.t.l."
"";"lama-46510";"46510";"Jualan borong perkakasan komputer, perisian dan peranti"
"";"lama-46521";"46521";"Jualan borong kelengkapan telefon dan telekomunikasi, telefon selular, alat kelui"
"";"lama-46496p";"46522";"Jualan borong komponen elektronik dan aksesori pendawaian"
"";"lama-46522";"46522";"Jualan borong komponen elektronik dan aksesori pendawaian"
"";"lama-46531";"46531";"Jualan borong jentera, kelengkapan dan bekalan pertanian dan perhutanan"
"";"lama-46532";"46532";"Jualan borong jentera pemotong rumput sebarang cara operasi"
"";"lama-46599p";"46540";"Jualan borong dron"
"";"lama-46591";"46591";"Jualan borong mesin pejabat dan kelengkapan perniagaan"
"";"lama-46599p";"46592";"Jualan borong production-line robots"
"";"lama-46593";"46593";"Jualan borong peralatan mesin berkawalan komputer"
"";"lama-46594";"46594";"Jualan borong jentera, kelengkapan dan bekalan perindustrian"
"";"lama-46595";"46595";"Jualan borong jentera dan kelengkapan perlombongan, pembinaan dan kejuruteraan awam"
"";"lama-46596";"46596";"Jualan borong lif eskalator, penghawa dingin, kelengkapan keselamatan dan pemadam api"
"";"lama-46599p";"46597";"Jualan borong senjata, sistem senjata dan peluru"
"";"lama-46599p";"46599";"Jualan borong lain-lain jentera untuk kegunaan industri, perdagangan dan pengemudian dan lain-lain perkhidmatan t.t.t.l."
"";"lama-46611";"46611";"Jualan borong petrol, diesel, pelincir"
"";"lama-46612";"46612";"Jualan borong gas petroleum cecair"
"";"lama-46619";"46619";"Jualan borong bahan api pepejal, cecair dan gas dan produk berkaitan t.t.t.l."
"";"lama-46621";"46621";"Jualan borong bijih besi dan bukan besi dan logam"
"";"lama-46622";"46622";"Jualan borong bijih besi dan bukan besi dan logam separuh siap dan produk t.t.t.l."
"";"lama-46631";"46631";"Jualan borong kayu balak, kayu bergergaji, papan lapis, venier dan produk berkaitan"
"";"lama-46632";"46632";"Jualan borong cat dan varnis"
"";"lama-46633p";"46633";"Jualan borong bahan pembinaan"
"";"lama-46634";"46634";"Jualan borong kelengkapan dan lekapan"
"";"lama-46635";"46635";"Jualan borong pemanas air"
"";"lama-46636";"46636";"Jualan borong pemasangan dan peralatan kebersihan"
"";"lama-46637";"46637";"Jualan borong alatan"
"";"lama-46633p";"46638";"Jualan borong kertas hias dinding dan pelapik lantai"
"";"lama-46639";"46639";"Jualan borong dan bekalan lain-lain bahan binaan, perkakasan, peralatan paip dan alat pemanas t.t.t.l."
"";"lama-46691";"46691";"Jualan borong bahan kimia industri"
"";"lama-46692";"46692";"Jualan borong baja dan produk agrokimia"
"";"lama-46693";"46693";"Jualan borong bahan plastik dalam bentuk asal"
"";"lama-46694";"46694";"Jualan borong sekerap getah"
"";"lama-46695";"46695";"Jualan borong gentian tekstil"
"";"lama-46696";"46696";"Jual borong kertas secara pukal, bahan pembungkusan"
"";"lama-46697";"46697";"Jual borong batu permata berharga"
"";"lama-46698";"46698";"Jual borong bahan buangan dan sekerap dan bahan lain sama ada logam dan bukan logam untuk kitar semula"
"";"lama-46699";"46699";"Melerai bahagian kenderaan, komputer, televisyen dan peralatan lain untuk mendapatkan bahagian yang boleh digunakan dan jual semula"
"";"lama-46902";"46901";"Jualan borong makanan haiwan/haiwan peliharaan"
"";"lama-46909";"46909";"Jualan borong pelbagai jenis barang tanpa pengkhususan tertentu t.t.t.l."
"";"lama-47111";"47111";"Kedai runcit"
"";"lama-47112";"47112";"Pasar raya"
"";"lama-47113";"47113";"Pasar mini"
"";"lama-47114";"47114";"Kedai serbaneka(convenience)"
"";"lama-47191";"47191";"Gedung serbaneka(convenience)"
"";"lama-47192";"47192";"Gedung serbaneka(convenience) dan pasar raya"
"";"lama-47193";"47193";"Pasar raya besar (Hypermarket)"
"";"lama-47194";"47194";"Ejen surat khabar dan kedai pelbagai barangan"
"";"lama-47992";"47195";"Jualan runcit bagi apa-apa jenis produk melalui mesin layan diri"
"";"lama-47199";"47199";"Jualan runcit lain di kedai tanpa pengkhususan t.t.t.l."
"";"lama-47211";"47211";"Jualan runcit beras, tepung, bijirin lain dan gula"
"";"lama-47810p";"47211";"Jualan runcit beras, tepung, bijirin lain dan gula"
"";"lama-47212";"47212";"Jualan runcit sayur-sayuran dan buah-buahan segar atau diawet"
"";"lama-47810p";"47212";"Jualan runcit sayur-sayuran dan buah-buahan segar atau diawet"
"";"lama-47213";"47213";"Jualan runcit produk tenusu dan telur"
"";"lama-47810p";"47213";"Jualan runcit produk tenusu dan telur"
"";"lama-47214";"47214";"Jualan runcit daging dan produk daging (unggas seperti ayam, itik, sebagainya)"
"";"lama-47810p";"47214";"Jualan runcit daging dan produk daging (unggas seperti ayam, itik, sebagainya)"
"";"lama-47215";"47215";"Jualan runcit ikan dan makanan laut lain dan lain-lain produk yang berkaitan"
"";"lama-47810p";"47215";"Jualan runcit ikan dan makanan laut lain dan lain-lain produk yang berkaitan"
"";"lama-47216";"47216";"Jualan runcit produk bakeri dan konfeksi"
"";"lama-47810p";"47216";"Jualan runcit produk bakeri dan konfeksi"
"";"lama-47217";"47217";"Jualan runcit mi, kuetiau, mihun, kulit wantan dan produk makanan lain yang dihasilkan daripada tepung atau soya"
"";"lama-47810p";"47217";"Jualan runcit mi, kuetiau, mihun, kulit wantan dan produk makanan lain yang dihasilkan daripada tepung atau soya"
"";"lama-47219";"47219";"Jualan runcit produk makanan lain t.t.t.l."
"";"lama-47810p";"47219";"Jualan runcit produk makanan lain t.t.t.l."
"";"lama-47221";"47221";"Jualan runcit bir, wain dan arak yang disuling (spirit)"
"";"lama-47810p";"47221";"Jualan runcit bir, wain dan arak yang disuling (spirit)"
"";"lama-47222";"47222";"Jualan runcit teh, kopi, minuman ringan, air mineral dan minuman lain"
"";"lama-47810p";"47222";"Jualan runcit teh, kopi, minuman ringan, air mineral dan minuman lain"
"";"lama-47230p";"47231";"Jualan runcit produk tembakau di kedai khusus"
"";"lama-47810p";"47231";"Jualan runcit produk tembakau di kedai khusus"
"";"lama-47230p";"47232";"Jualan runcit rokok elektronik dan cecair rokok elektronik"
"";"lama-47810p";"47232";"Jualan runcit rokok elektronik dan cecair rokok elektronik"
"";"lama-47300";"47300";"Jualan runcit bahan api kenderaan di kedai khusus"
"";"lama-47411";"47401";"Jualan runcit komputer, peralatan dan kelengkapan komputer"
"";"lama-47894p";"47401";"Jualan runcit komputer, peralatan dan kelengkapan komputer"
"";"lama-47412";"47402";"Jualan runcit konsol permainan video dan perisian bukan ditempah khas"
"";"lama-47894p";"47402";"Jualan runcit konsol permainan video dan perisian bukan ditempah khas"
"";"lama-47413";"47403";"Jualan runcit peralatan telekomunikasi"
"";"lama-47894p";"47403";"Jualan runcit peralatan telekomunikasi"
"";"lama-47420";"47404";"Jualan runcit peralatan audio dan video in kedai khusus"
"";"lama-47894p";"47404";"Jualan runcit peralatan audio dan video in kedai khusus"
"";"lama-47510";"47510";"Jualan runcit tekstil"
"";"lama-47820p";"47510";"Jualan runcit tekstil"
"";"lama-47520p";"47521";"Jualan runcit bahan binaan, perkakasan, cat dan kaca"
"";"lama-47520p";"47529";"Jualan runcit perkakasan, bahan binaan, cat dan kaca t.t.t.l."
"";"lama-47531";"47531";"Jualan runcit karpet dan hamparan"
"";"lama-47891";"47531";"Jualan runcit karpet dan hamparan"
"";"lama-47532";"47532";"Jualan runcit langsir dan langsir jaring"
"";"lama-47533";"47533";"Jualan runcit kertas dinding dan alas lantai"
"";"lama-47591";"47591";"Jualan runcit perabot isi rumah"
"";"lama-47592";"47592";"Jualan runcit peralatan lampu"
"";"lama-47593";"47593";"Jualan runcit perkakas isi rumah, perkakas dapur dan kutleri, pinggan mangkuk, barangan kaca dan barangan tembikar"
"";"lama-47594";"47594";"Jualan runcit kayu, barangan gabus dan barangan anyaman rotan"
"";"lama-47595";"47595";"Jualan runcit perkakas isi rumah"
"";"lama-47894p";"47595";"Jualan runcit perkakas isi rumah"
"";"lama-47596";"47596";"Jualan runcit peralatan muzik dan skor"
"";"lama-47597";"47597";"Jualan runcit sistem keselamatan"
"";"lama-47598";"47599";"Jualan runcit barangan dan peralatan isi rumah t.t.t.l."
"";"lama-47611";"47611";"Jualan runcit bekalan dan peralatan pejabat"
"";"lama-47612";"47612";"Jualan runcit buku, surat khabar dan alat tulis"
"";"lama-47892";"47612";"Jualan runcit buku, surat khabar dan alat tulis"
"";"lama-47631p";"47621";"Jualan runcit barangan dan peralatan sukan"
"";"lama-47632";"47622";"Jualan runcit peralatan memancing"
"";"lama-47633";"47623";"Jualan runcit barangan berkhemah"
"";"lama-47634";"47624";"Jualan runcit bot dan peralatannya"
"";"lama-47635";"47625";"Jualan runcit basikal, e-basikal dan alat ganti serta aksesori berkaitan"
"";"lama-47631p";"47626";"Jualan runcit pakaian dan kasut sukan khas"
"";"lama-47711p";"47626";"Jualan runcit pakaian dan kasut sukan khas"
"";"lama-47712p";"47626";"Jualan runcit pakaian dan kasut sukan khas"
"";"lama-47820p";"47626";"Jualan runcit pakaian dan kasut sukan khas"
"";"lama-47640p";"47631";"Jualan runcit permainan dan barang mainan, diperbuat dari pelbagai bahan"
"";"lama-47893";"47631";"Jualan runcit permainan dan barang mainan, diperbuat dari pelbagai bahan"
"";"lama-47640p";"47632";"Jualan runcit dron mainan"
"";"lama-47739p";"47691";"Jualan runcit aksesori perkahwinan"
"";"lama-47620";"47692";"Jualan runcit rekod muzik, pita audio, cakera padat (CD), kaset, pita video, cakera VCD dan DVD, serta pita dan cakera kosong"
"";"lama-47895";"47692";"Jualan runcit rekod muzik, pita audio, cakera padat (CD), kaset, pita video, cakera VCD dan DVD, serta pita dan cakera kosong"
"";"lama-47739p";"47693";"Jualan runcit barangan filateli (setem), numismatik (duit syiling), dan barangan koleksi"
"";"lama-47739p";"47694";"Jualan runcit bekalan seni"
"";"lama-47739p";"47695";"Jualan runcit dron"
"";"lama-47999";"47699";"Jualan runcit barangan kebudayaan dan rekreasi t.t.t.l."
"";"lama-47711p";"47711";"Jualan runcit pakaian, artikel bagi bulu binatang dan aksesori pakaian"
"";"lama-47820p";"47711";"Jualan runcit pakaian, artikel bagi bulu binatang dan aksesori pakaian"
"";"lama-47712p";"47712";"Jualan runcit kasut"
"";"lama-47820p";"47712";"Jualan runcit kasut"
"";"lama-47713p";"47713";"Jualan runcit barangan kulit, aksesori kulit serta gantian kulit"
"";"lama-47711p";"47714";"Jualan runcit pakaian dan aksesori bayi"
"";"lama-47712p";"47714";"Jualan runcit pakaian dan aksesori bayi"
"";"lama-47739p";"47714";"Jualan runcit pakaian dan aksesori bayi"
"";"lama-47820p";"47714";"Jualan runcit pakaian dan aksesori bayi"
"";"lama-47711p";"47719";"Jualan runcit pakaian, kasut dan artikel kulit t.t.t.l."
"";"lama-47712p";"47719";"Jualan runcit pakaian, kasut dan artikel kulit t.t.t.l."
"";"lama-47713p";"47719";"Jualan runcit pakaian, kasut dan artikel kulit t.t.t.l."
"";"lama-47820p";"47719";"Jualan runcit pakaian, kasut dan artikel kulit t.t.t.l."
"";"lama-47721";"47721";"Jualan runcit di kedai khusus yang menjual barang farmaseutikal/farmasi, perubatan dan ortopedik"
"";"lama-47722";"47722";"Jualan runcit di kedai khusus yang menjual pewangi, kosmetik dan kelengkapan dandanan diri"
"";"lama-47731";"47731";"Jualan runcit peralatan fotografi dan kepersisan"
"";"lama-47732";"47732";"Jualan runcit jam tangan, jam dinding"
"";"lama-47733";"47733";"Jualan runcit barang kemas"
"";"lama-47734";"47734";"Jualan runcit bunga, tumbuhan, biji benih dan baja"
"";"lama-47735";"47735";"Jualan runcit cenderahati, kraftangan dan barang keagamaan [seperti kedai sembayang cina dan sebagainya]"
"";"lama-47736";"47736";"Jualan runcit minyak tanah, gas memasak, batu arang dan kayu api"
"";"lama-47737";"47737";"Jualan runcit cermin mata dan barang optik lain"
"";"lama-47738";"47738";"Jualan runcit ikan akuarium, haiwan peliharaan dan makanannya"
"";"lama-47739p";"47739";"Jualan runcit di kedai khusus yang menjual barang baru lain t.t.t.l."
"";"lama-47741";"47741";"Jualan runcit buku terpakai"
"";"lama-47742";"47742";"Jualan runcit barang elektrik dan elektronik terpakai"
"";"lama-47743";"47743";"Jualan runcit barang antik"
"";"lama-47744";"47744";"Aktiviti perantara dalam jualan runcit bagi barangan terpakai"
"";"lama-47749p";"47745";"Jualan runcit pakaian terpakai"
"";"lama-47749p";"47746";"Jualan runcit mainan terpakai"
"";"lama-47749p";"47749";"Jualan runcit barangan terpakai t.t.t.l."
"";"lama-47912";"47901";"Jualan runcit sebarang jenis produk melalui internet"
"";"lama-47913";"47902";"Jualan langsung melalui televisyen, radio dan telefon"
"";"lama-47914";"47903";"Jualan runcit lelongan melalui internet"
"";"lama-47911";"47909";"Aktiviti perkhidmatan perantaraan untuk jualan runcit t.t.t.l."
"";"lama-47991";"47909";"Aktiviti perkhidmatan perantaraan untuk jualan runcit t.t.t.l."
"";"lama-49110";"49110";"Pengangkutan penumpang antara bandar melalui laluan rel"
"";"lama-49120";"49120";"Pengangkutan muatan antara bandar, pinggir bandar dan bandar melalui laluan rel"
"";"lama-49211";"49211";"Perkhidmatan bas bandaraya"
"";"lama-49212";"49212";"Perkhidmatan pengangkutan rel penumpang bandar dan pinggir bandar"
"";"lama-49221";"49221";"Perkhidmatan bas ekspres"
"";"lama-49222";"49222";"Perkhidmatan bas pekerja"
"";"lama-49223";"49223";"Perkhidmatan bas sekolah"
"";"lama-49224";"49224";"Perkhidmatan operasi teksi dan limosin"
"";"lama-49225";"49225";"Sewa kereta dengan pemandu"
"";"lama-49229";"49229";"Pengangkutan darat penumpang lain t.t.t.l."
"";"lama-49230";"49230";"Pengangkutan muatan melalui jalan raya"
"";"lama-49300";"49300";"Pengangkutan melalui saluran paip"
"";"lama-50111";"50111";"Operasi rombongan, cruise atau bot persiaran"
"";"lama-50112";"50112";"Operasi feri, teksi air"
"";"lama-50113";"50113";"Sewaan bot santai dengan krew bagi pengangkutan laut dan pesisir pantai"
"";"lama-50121";"50121";"Pengangkutan muatan laut dan pesisir pantai, berjadual atau tidak berjadual"
"";"lama-50122";"50122";"Pengangkutan tunda atau tolak tongkang, pelantar minyak"
"";"lama-50211";"50211";"Pengangkutan penumpang melalui sungai, terusan, tasik dan laluan air pedalaman lain"
"";"lama-50212";"50212";"Sewaan bot santai dengan krew bagi pengangkutan air pedalaman"
"";"lama-50220";"50220";"Pengangkutan muatan melalui sungai, terusan, tasik dan laluan air pedalaman lain"
"";"lama-51101";"51101";"Pengangkutan penumpang melalui udara mengikut laluan dan jadual biasa"
"";"lama-51102p";"51102";"Pengangkutan penumpang tidak berjadual"
"";"lama-51103p";"51103";"Penyewaan peralatan pengangkutan dengan operator untuk tujuan pengangkutan penumpang"
"";"lama-51102p";"51104";"Pengangkutan penumpang melalui Sistem Kawalan Udara Tanpa Pemandu (UAS-Dron)"
"";"lama-51103p";"51104";"Pengangkutan penumpang melalui Sistem Kawalan Udara Tanpa Pemandu (UAS-Dron)"
"";"lama-51201";"51201";"Pengangkutan muatan udara mengikut laluan dan berjadual biasa"
"";"lama-51202p";"51202";"Pengangkutan muatan udara tidak berjadual"
"";"lama-51203p";"51203";"Penyewaan peralatan pengangkutan udara dengan operator untuk tujuan pengangkutan muatan"
"";"lama-51202p";"51204";"Pengangkutan muatan melalui Sistem Kawalan Udara Tanpa Pemandu (UAS-Dron)"
"";"lama-51203p";"51205";"Penyewaan peralatan pengangkutan udara melalui Sistem Kawalan Udara Tanpa Pemandu (UAS-Dron)"
"";"lama-52100";"52100";"Perkhidmatan penggudangan dan penyimpanan"
"";"lama-52211";"52211";"Operasi kemudahan terminal pengangkutan darat"
"";"lama-52212";"52212";"Perkhidmatan tunda dan bantuan tepi jalan"
"";"lama-52213";"52213";"Operasi kemudahan meletak kenderaan bermotor (medan letak kenderaan / parkir)"
"";"lama-52214";"52214";"Perkhidmatan operasi lebuh raya, jambatan dan terowong"
"";"lama-52219";"52219";"Aktiviiti perkhidmatan lain berkaitan pengangkutan darat t.t.t.l."
"";"lama-52221";"52221";"Operasi perkhidmatan pelabuhan dan limbungan"
"";"lama-52222";"52222";"Perkhidmatan penyelamat dan pengapungan semula kapal"
"";"lama-52229";"52229";"Aktiviti perkhidmatan lain berkaitan pengangkutan air t.t.t.l."
"";"lama-52231";"52231";"Operasi kemudahan terminal pengangkutan udara"
"";"lama-52232";"52232";"Lapangan terbang dan aktiviti kawalan trafik udara"
"";"lama-52233";"52233";"Aktiviti perkhidmatan asas di padang terbang"
"";"lama-52234";"52234";"Aktiviti perkhidmatan pemadaman dan pencegahan kebakaran di lapangan terbang"
"";"lama-52239";"52239";"Aktiviti perkhidmatan lain berkaitan pengangkutan udara t.t.t.l."
"";"lama-52241";"52241";"Perkhidmatan pemunggahan"
"";"lama-52249";"52249";"Aktiviti pengendalian kargo lain t.t.t.l."
"";"lama-52291";"52291";"Penghantaran muatan"
"";"lama-52299";"52299";"Aktiviti sokongan pengangkutan lain t.t.t.l."
"";"lama-52292";"52310";"Aktiviti perkhidmatan perantaraan untuk pengangkutan muatan"
"";"lama-00000";"52320";"Aktiviti perkhidmatan perantaraan untuk pengangkutan penumpang"
"";"lama-53100";"53100";"Perkhidmatan pos nasional"
"";"lama-53200";"53200";"Aktiviti kurier selain daripada aktiviti pos nasional"
"";"lama-00000";"53300";"Aktiviti perkhidmatan perantaraan untuk aktiviti pos dan kurier"
"";"lama-55101";"55101";"Hotel dan hotel resort"
"";"lama-55102";"55102";"Motel dan hotel bajet"
"";"lama-55103p";"55103";"Hotel Apartmen"
"";"lama-55104";"55104";"Chalet"
"";"lama-55105";"55105";"Rumah rehat/rumah tetamu"
"";"lama-55106p";"55106";"Homestay"
"";"lama-55108";"55106";"Homestay"
"";"lama-55103p";"55201";"Rumah percutian dan apartmen"
"";"lama-55106p";"55202";"Aktiviti penginapan jangka pendek lain t.t.t.l."
"";"lama-55107";"55202";"Aktiviti penginapan jangka pendek lain t.t.t.l."
"";"lama-55109p";"55202";"Aktiviti penginapan jangka pendek lain t.t.t.l."
"";"lama-55200p";"55301";"Tapak perkhemahan, taman kenderaan rekreasi dan taman treler"
"";"lama-55200p";"55302";"Glamping"
"";"lama-00000";"55400";"Aktiviti perkhidmatan perantaraan untuk penginapan"
"";"lama-55900";"55900";"Penginapan lain"
"";"lama-56101";"56101";"Restoran/kedai makan"
"";"lama-56102";"56102";"Kafeteria/kantin"
"";"lama-56103";"56103";"Restoran makanan segera"
"";"lama-56104";"56104";"Vendor bergerak"
"";"lama-56105";"56104";"Vendor bergerak"
"";"lama-56106";"56105";"Gerai/penjaja makanan"
"";"lama-56107";"56105";"Gerai/penjaja makanan"
"";"lama-56210";"56210";"Katering makanan"
"";"lama-56290";"56290";"Aktiviti perkhidmatan makanan lain"
"";"lama-56301";"56301";"Pub, bar, disko, coffee house, ruang koktel dan karaoke"
"";"lama-56302";"56302";"Kedai kopi"
"";"lama-56303";"56303";"Gerai/penjaja minuman"
"";"lama-56304";"56304";"Perkhidmatan minuman bergerak"
"";"lama-56309";"56309";"Tempat minuman lain t.t.t.l."
"";"lama-00000";"56400";"Aktiviti perkhidmatan perantaraan untuk perkhidmatan makanan dan minuman"
"";"lama-58110p";"58110";"Penerbitan buku"
"";"lama-58130p";"58120";"Penerbitan surat khabar"
"";"lama-58130p";"58130";"Penerbitan jurnal, majalah dan terbitan berkala"
"";"lama-58110p";"58190";"Aktiviti penerbitan lain dan bahan bercetak lain t.t.t.l."
"";"lama-58120";"58190";"Aktiviti penerbitan lain dan bahan bercetak lain t.t.t.l."
"";"lama-58190";"58190";"Aktiviti penerbitan lain dan bahan bercetak lain t.t.t.l."
"";"lama-58202";"58211";"Penerbitan permainan video"
"";"lama-00000";"58212";"Aktiviti perkhidmatan perantaraan untuk penerbitan perisian permainan video"
"";"lama-58201";"58291";"Aplikasi perniagaan dan aplikasi lain"
"";"lama-58203";"58292";"Sistem operasi"
"";"lama-59110";"59110";"Aktiviti pengeluaran wayang gambar, video dan program televisyen"
"";"lama-59120";"59120";"Aktiviti pasca produksi wayang gambar, video dan program televisyen"
"";"lama-59130";"59130";"Aktiviti pengedaran wayang gambar, video rakaman dan program televisyen"
"";"lama-59140";"59140";"Aktiviti penayangan wayang gambar"
"";"lama-59200";"59200";"Aktiviti rakaman bunyi dan penerbitan muzik"
"";"lama-60100";"60100";"Aktiviti penyiaran radio dan pengedaran audio"
"";"lama-60200";"60200";"Aktiviti pemprograman, penyiaran dan pengedaran video televisyen"
"";"lama-63910";"60310";"Aktiviti agensi dan sindiket berita"
"";"lama-00000";"60391";"Aktiviti pencipta kandungan video dalam talian"
"";"lama-00000";"60399";"Laman rangkaian sosial dan aktiviti pengedaran kandungan lain"
"";"lama-61101";"61101";"Perkhidmatan telekomunikasi berwayar dan penyedia akses internet oleh pengendali infrastruktur berwayar"
"";"lama-61102";"61101";"Perkhidmatan telekomunikasi berwayar dan penyedia akses internet oleh pengendali infrastruktur berwayar"
"";"lama-61201";"61102";"Perkhidmatan telekomunikasi tanpa wayar dan penyedia akses internet oleh pengendali infrastruktur tanpa wayar"
"";"lama-61202";"61102";"Perkhidmatan telekomunikasi tanpa wayar dan penyedia akses internet oleh pengendali infrastruktur tanpa wayar"
"";"lama-61300";"61103";"Perkhidmatan telekomunikasi satelit"
"";"lama-61903";"61201";"Penjualan semula perkhidmatan telekomunikasi berwayar, tanpa wayar dan satelit"
"";"lama-00000";"61202";"Perkhidmatan perantaraan bagi aktiviti telekomunikasi berwayar, tanpa wayar dan satelit"
"";"lama-61901";"61203";"Penyediaan akses internet melalui rangkaian di antara pelanggan dan Penyedia Perkhidmatan Internet (ISP) yang bukan dimiliki atau dikawal oleh ISP"
"";"lama-61902";"61901";"Penyediaan perkhidmatan telekomunikasi melalui sambungan telekom sedia ada"
"";"lama-61904";"61902";"Penyediaan perkhidmatan telekomunikasi melalui sambungan telekom VOIP (Voice Over Internet Protocol) sedia ada"
"";"lama-61905";"61903";"Penyediaan aplikasi telekomunikasi yang khusus"
"";"lama-61909";"61909";"Aktiviti telekomunikasi lain t.t.t.l."
"";"lama-62010p";"62110";"Pembangunan permainan video, perisian permainan video dan peralatan perisian permainan video"
"";"lama-62010p";"62191";"Aktiviti pengaturcaraan perisian dan aplikasi"
"";"lama-62010p";"62199";"Aktiviti pengaturcaraan komputer lain t.t.t.l."
"";"lama-62021";"62201";"Perundingan komputer"
"";"lama-62022";"62202";"Aktiviti pengurusan kemudahan komputer"
"";"lama-62091";"62901";"Sistem keselamatan Teknologi Maklumat dan komunikasi (ICT) lain"
"";"lama-62099";"62909";"Aktiviti perkhidmatan teknologi maklumat dan komputer lain t.t.t.l."
"";"lama-63111p";"63101";"Aktiviti penyediaan infrastruktur untuk pengehosan (hosting), perkhidmatan prosesan data dan aktiviti berkaitan"
"";"lama-63112p";"63102";"Aktiviti pemprosesan data"
"";"lama-63111p";"63103";"Aktiviti pusat data"
"";"lama-63112p";"63103";"Aktiviti pusat data"
"";"lama-63990p";"63103";"Aktiviti pusat data"
"";"lama-63120";"63901";"Portal carian web"
"";"lama-63990p";"63909";"Aktiviti perkhidmatan maklumat lain t.t.t.l."
"";"lama-64110";"64110";"Perbankan pusat"
"";"lama-64191";"64191";"Bank Perdagangan"
"";"lama-64192";"64192";"Bank Islam"
"";"lama-64193";"64193";"Bank Luar Pesisir Pantai"
"";"lama-64194";"64194";"Bank Pelaburan"
"";"lama-64195";"64195";"Institusi Pembangunan Kewangan (dengan fungsi pengambilan deposit)"
"";"lama-64199";"64199";"Perantaraan kewangan lain (dengan fungsi pengambilan deposit) t.t.t.l."
"";"lama-64200p";"64210";"Aktiviti syarikat pemegang"
"";"lama-64200p";"64220";"Aktiviti saluran pembiayaan"
"";"lama-64309p";"64310";"Aktiviti dana pelaburan pasaran wang"
"";"lama-64309p";"64320";"Aktiviti dana pelaburan bukan pasaran wang"
"";"lama-64301";"64331";"Syarikat modal usahasama"
"";"lama-64302";"64332";"Unit tabung amanah tidak termasuk REITs"
"";"lama-64303";"64333";"Harta unit amanah (REITs)"
"";"lama-64304";"64334";"Pengurusan akaun amanah lain"
"";"lama-64309p";"64339";"Entiti amanah, tabung dan kewangan seumpamanya t.t.t.l."
"";"lama-64910";"64910";"Aktiviti pajakan kewangan"
"";"lama-64929p";"64920";"Aktiviti pembiayaan perdagangan antarabangsa"
"";"lama-64991";"64930";"Aktiviti pemfaktoran"
"";"lama-64929p";"64940";"Aktiviti pensekuritian"
"";"lama-64921";"64951";"Institusi pembangunan kewangan (tanpa fungsi pengambilan deposit)"
"";"lama-64922";"64952";"Perkhidmatan kad kredit"
"";"lama-64923";"64953";"Aktiviti peminjaman wang berlesen"
"";"lama-64924";"64954";"Kedai pajak gadai dan tukang pajak"
"";"lama-64925";"64955";"Koperasi dengan fungsi kredit"
"";"lama-64929p";"64959";"Pemberian kredit lain t.t.t.l."
"";"lama-64992";"64991";"Wakil pejabat bank asing"
"";"lama-64993";"64992";"Syarikat nomini"
"";"lama-64999p";"64993";"Bursa aset digital (aset kripto)"
"";"lama-64999p";"64999";"Aktiviti perkhidmatan kewangan lain, kecuali insurans/takaful dan tabungan pencen, t.t.t.l."
"";"lama-65111";"65111";"Insurans hayat"
"";"lama-65112";"65112";"Takaful keluarga"
"";"lama-65121";"65121";"Insurans am"
"";"lama-65122";"65122";"Takaful am"
"";"lama-65123";"65123";"Insurans komposit"
"";"lama-65124";"65124";"Insurans luar pesisir pantai"
"";"lama-65125";"65125";"Takaful luar pesisir pantai"
"";"lama-65201";"65201";"Insurans semula hayat"
"";"lama-65202";"65202";"Takaful semula keluarga"
"";"lama-65203";"65203";"Insurans semula am"
"";"lama-65204";"65204";"Takaful semula am"
"";"lama-65205";"65205";"Takaful semula komposit"
"";"lama-65206";"65206";"Insurans semula luar pesisir pantai"
"";"lama-65207";"65207";"Takaful semula luar pesisir pantai"
"";"lama-65301";"65301";"Tabungan pencen"
"";"lama-65302";"65302";"Tabungan hemat"
"";"lama-66111";"66111";"Bursa saham"
"";"lama-66112";"66112";"Bursa untuk kontrak komoditi"
"";"lama-66113";"66113";"Bursa sekuriti"
"";"lama-66114";"66114";"Bursa kontrak komoditi masa hadapan"
"";"lama-66119";"66119";"Pentadbiran pasaran kewangan t.t.t.l."
"";"lama-66121";"66121";"Broker stok, saham dan bon"
"";"lama-66122";"66122";"Broker dan peniaga komoditi"
"";"lama-66123";"66123";"Peniaga jongkong emas"
"";"lama-66124";"66124";"Broker dan peniaga tukaran wang asing (Bureaux de change)"
"";"lama-66125";"66125";"Perkhidmatan pengurup wang"
"";"lama-66129";"66129";"Broker dan peniaga kewangan dan komoditi masa hadapan lain"
"";"lama-66191";"66191";"Perkhidmatan penasihat pelaburan"
"";"lama-66192";"66192";"Perkhidmatan perundingan kewangan"
"";"lama-66199p";"66193";"Aktiviti perkhidmatan pemprosesan transaksi/pembayaran (pembayaran dalam talian)"
"";"lama-66199p";"66199";"Aktiviti sokongan kepada kewangan t.t.t.l."
"";"lama-66211";"66211";"Perkhidmatan penyesuaian insurans"
"";"lama-66212";"66212";"Perkhidmatan penyesuaian takaful"
"";"lama-66221";"66221";"Ejen insurans"
"";"lama-66222";"66222";"Ejen takaful"
"";"lama-66223";"66223";"Broker insurans"
"";"lama-66224";"66224";"Broker takaful"
"";"lama-66290";"66290";"Aktiviti sokongan kepada insurans/takaful dan tabungan pencen lain"
"";"lama-66301";"66301";"Pengurusan tabung pencen"
"";"lama-66302";"66302";"Pengurusan aset/portfolio"
"";"lama-66303";"66303";"Syarikat pengurusan unit amanah"
"";"lama-68101";"68101";"Pembelian, penjualan, penyewaan dan pengendalian bagi hartanah milikan sendiri atau pajakan  bangunan kediaman"
"";"lama-68102";"68102";"Pembelian, penjualan, penyewaan dan pengendalian bagi hartanah milikan sendiri atau pajakan  bangunan bukan kediaman"
"";"lama-68103";"68103";"Pembelian, penjualan, penyewaan dan pengendalian bagi hartanah milikan sendiri atau pajakan  tanah"
"";"lama-68104";"68104";"Pembangunan bagi projek yang dibina untuk operasi sendiri"
"";"lama-68109";"68109";"Aktiviti hartanah bagi harta milikan sendiri atau pajakan t.t.t.l."
"";"lama-68201";"68210";"Aktiviti perkhidmatan perantaraan untuk hartanah"
"";"lama-68202";"68291";"Pengurusan hartanah"
"";"lama-68203";"68292";"Perkhidmatan penilaian hartanah"
"";"lama-68209";"68299";"Aktiviti hartanah atas dasar bayaran atau kontrak t.t.t.l."
"";"lama-69100";"69100";"Aktiviti guaman"
"";"lama-69200p";"69201";"Aktiviti perakaunan, simpan kira| perundingan percukaian"
"";"lama-69200p";"69202";"Perkhidmatan audit"
"";"lama-70100";"70100";"Aktiviti ibu pejabat"
"";"lama-70201";"70201";"Perkhidmatan perundingan pengurusan perniagaan"
"";"lama-70202";"70202";"Perkhidmatan perundingan sumber manusia"
"";"lama-70209p";"70203";"Aktiviti perundingan berkaitan penggunaan Sistem Kawalan Udara Tanpa Pemandu (UAS-Dron)"
"";"lama-70209p";"70204";"Perkhidmatan perundingan kesihatan dan keselamatan pekerjaan"
"";"lama-70209p";"70209";"Aktiviti perundingan pengurusan lain t.t.t.l."
"";"lama-71101";"71101";"Perkhidmatan arkitek"
"";"lama-71102";"71102";"Perkhidmatan kejuruteraan"
"";"lama-71103";"71103";"Perkhidmatan juruukur tanah"
"";"lama-71109";"71109";"Aktiviti arkitek dan kejuruteraan lain dan perundingan teknikal berkaitan t.t.t.l."
"";"lama-71200";"71200";"Ujian teknikal dan analisis"
"";"lama-72101";"72101";"Penyelidikan dan pembangunan sains semula jadi"
"";"lama-72102";"72102";"Penyelidikan dan pembangunan kejuruteraan dan teknologi"
"";"lama-72103";"72103";"Penyelidikan dan pembangunan sains perubatan, sains kesihatan dan hayat, serta sains veterinar"
"";"lama-72104";"72104";"Penyelidikan dan pembangunan bioteknologi"
"";"lama-72105";"72105";"Penyelidikan dan pembangunan pertanian, perhutanan dan perikanan"
"";"lama-72106";"72106";"Penyelidikan dan pembangunan teknologi maklumat dan komunikasi (ICT)"
"";"lama-72109";"72109";"Penyelidikan dan pembangunan sains semula jadi dan kejuruteraan lain t.t.t.l."
"";"lama-72201";"72201";"Penyelidikan dan pembangunan sains sosial"
"";"lama-72202";"72202";"Penyelidikan dan pembangunan kemanusiaan"
"";"lama-72209";"72209";"Penyelidikan dan pembangunan sosial sains dan kemanusiaan lain, t.t.t.l."
"";"lama-73100";"73100";"Aktiviti pengiklanan"
"";"lama-73200";"73200";"Penyelidikan pasaran dan tinjauan pendapat umum"
"";"lama-70203";"73300";"Aktiviti perhubungan awam"
"";"lama-74101";"74101";"Aktiviti hiasan dalaman"
"";"lama-74102";"74102";"Aktiviti pereka grafik"
"";"lama-74103";"74103";"Aktiviti rekaan fesyen"
"";"lama-74109";"74109";"Aktiviti reka bentuk khusus t.t.t.l."
"";"lama-74200";"74200";"Aktiviti fotografi"
"";"lama-74901";"74300";"Aktiviti penterjemahan dan pentafsiran"
"";"lama-74909p";"74910";"Aktiviti pembrokeran dan pemasaran paten"
"";"lama-74902";"74991";"Aktiviti broker perniagaan"
"";"lama-74903";"74992";"Perunding keselamatan"
"";"lama-74904";"74993";"Aktiviti juruukur bahan"
"";"lama-74905";"74994";"Aktiviti perunding selain daripada perunding arkitek, kejuruteraan dan pengurusan"
"";"lama-74909p";"74999";"Aktiviti professional, saintifik dan teknikal lain t.t.t.l."
"";"lama-75000";"75000";"Aktiviti veterinar(doktor haiwan)"
"";"lama-77101p";"77101";"Penyewaan dan pemajakan operasi kereta penumpang (tanpa pemandu)"
"";"lama-77102p";"77102";"Penyewaan dan pemajakan operasi trak, karavan bermotor, treler pelbagai guna dan kenderaan rekreasi (tanpa pemandu)"
"";"lama-77101p";"77103";"Penyewaan dan pemajakan operasi motosikal (tanpa pemandu)"
"";"lama-77102p";"77103";"Penyewaan dan pemajakan operasi motosikal (tanpa pemandu)"
"";"lama-77211";"77211";"Penyewaan dan pemajakan bot rekreasi, kanu, bot layar dan kapal layar mewah tanpa operator"
"";"lama-77212";"77212";"Penyewaan dan pemajakan basikal"
"";"lama-77213";"77213";"Penyewaan dan pemajakan kerusi pantai dan payung"
"";"lama-77219";"77219";"Penyewaan dan pemajakan peralatan rekreasi dan kelengkapan sukan lain t.t.t.l."
"";"lama-77291";"77291";"Penyewaan dan pemajakan barang tekstil, pakaian dan kasut"
"";"lama-77292";"77292";"Penyewaan dan pemajakan barang perabot, tembikar dan kaca, perkakas dapur, peralatan makan, barang elektrik dan peralatan rumah"
"";"lama-77293";"77293";"Penyewaan dan pemajak barang kemas, peralatan muzik, hiasan latar dan kostum"
"";"lama-77294";"77294";"Penyewaan dan pemajakan buku, jurnal dan majalah"
"";"lama-77295";"77295";"Penyewaan dan pemajakan mesin dan kelengkapan yang digunakan oleh amatur"
"";"lama-77297";"77295";"Penyewaan dan pemajakan mesin dan kelengkapan yang digunakan oleh amatur"
"";"lama-77296";"77296";"Penyewaan pokok dan bunga"
"";"lama-77299p";"77297";"Penyewaan kanopi dan gazebo/pondok wakaf"
"";"lama-77220";"77298";"Penyewaan permainan video, cakera video, rekod"
"";"lama-77299p";"77298";"Penyewaan permainan video, cakera video, rekod"
"";"lama-77299p";"77299";"Penyewaan dan pemajakan barangan persendirian dan isi rumah lain t.t.t.l."
"";"lama-77301";"77301";"Penyewaan dan pemajakan operasi, tanpa operator, untuk mesin dan kelengkapan lain yang biasanya digunakan sebagai barang modal oleh industri"
"";"lama-77302";"77302";"Penyewaan dan pemajakan operasi kelengkapan pengangkutan darat (selain daripada kenderaan bermotor) tanpa pemandu"
"";"lama-77303";"77303";"Penyewaan dan pemajakan operasi kelengkapan pengangkutan air tanpa pengendali"
"";"lama-77304";"77304";"Penyewaan dan pemajakan operasi kelengkapan pengangkutan udara tanpa pengendali"
"";"lama-77305";"77305";"Penyewaan dan pemajakan operasi jentera dan kelengkapan pertanian dan perhutanan tanpa pengendali"
"";"lama-77306";"77306";"Penyewaan dan pemajakan operasi jentera dan kelengkapan pembinaan dan kejuruteraan awam tanpa pengendali"
"";"lama-77307";"77307";"Penyewaan dan pemajakan operasi jentera dan kelengkapan pejabat tanpa pengendali"
"";"lama-77309";"77309";"Penyewaan dan pemajakan bagi jentera, kelengkapan dan barangan ketara t.t.t.l."
"";"lama-77400";"77400";"Pemajakan harta intelektual dan produk seumpamanya, kecuali karya berhak cipta"
"";"lama-00000";"77510";"Aktiviti perkhidmatan perantaraan untuk penyewaan dan pemajakan kereta, rumah motor, dan treler"
"";"lama-00000";"77520";"Aktiviti perkhidmatan perantaraan untuk penyewaan dan pemajakan barangan ketara lain dan aset tidak ketara bukan kewangan"
"";"lama-78100";"78100";"Aktiviti agensi penempatan pekerjaan"
"";"lama-78200";"78201";"Aktiviti agensi pekerjaan sementara"
"";"lama-78300";"78202";"Penyediaan sumber manusia untuk perniagaan pelanggan"
"";"lama-79110";"79110";"Aktiviti agensi pengembaraan"
"";"lama-79120";"79120";"Aktiviti operator pelancongan"
"";"lama-79900";"79900";"Aktiviti lain yang berkaitan dengan pelancongan"
"";"lama-80100";"80111";"Aktiviti keselamatan persendirian"
"";"lama-80300";"80112";"Aktiviti penyiasatan dan detektif"
"";"lama-80200";"80190";"Aktiviti keselamatan t.t.t.l."
"";"lama-81100";"81100";"Aktiviti sokongan gabungan kemudahan"
"";"lama-81210";"81210";"Pembersihan am bangunan"
"";"lama-81291";"81291";"Pembersihan semua jenis bangunan"
"";"lama-81292";"81292";"Perkhidmatan pembersihan dan penyelenggaraan kolam renang"
"";"lama-81293";"81293";"Pembersihan mesin perindustrian"
"";"lama-81294";"81294";"Pembersihan kereta api, bas, kapal terbang"
"";"lama-81295";"81295";"Perkhidmatan pembersihan kawalan haiwan perosak yang tiada kaitan dengan pertanian"
"";"lama-81296";"81296";"Aktiviti disinfeksi dan penghapusan"
"";"lama-81297";"81297";"Pembersihan kapal tangki dan kenderaan tangki"
"";"lama-81299";"81299";"Aktiviti pembersihan bangunan dan perindustrian lain, t.t.t.l."
"";"lama-81300";"81300";"Aktiviti perkhidmatan landskap"
"";"lama-82191";"82101";"Penyediaan dokumen, penyuntingan dan/atau membaca pruf"
"";"lama-82192";"82102";"Menaip, word processing atau desktop publishing"
"";"lama-82193";"82103";"Perkhidmatan sokongan kesetiausahaan"
"";"lama-82194";"82104";"Transkripsi dokumen dan perkhidmatan kesetiausahaan lain"
"";"lama-82195";"82105";"Penyediaan dan penyewaan peti surat dan perkhidmatan pos dan mel lain"
"";"lama-82196";"82106";"Fotokopi, pendua, blueprint"
"";"lama-82110";"82199";"Aktiviti pentadbiran dan sokongan pejabat t.t.t.l."
"";"lama-82199";"82109";"Aktiviti pentadbiran dan sokongan pejabat t.t.t.l."
"";"lama-82200";"82200";"Aktiviti pusat panggilan"
"";"lama-82301";"82301";"Mengurus, mempromosi dan/atau mengendali acara"
"";"lama-82302";"82302";"Mesyuarat, insentif, konvensyen, pameran (MICE)"
"";"lama-00000";"82400";"Aktiviti perkhidmatan perantaraan untuk aktiviti perkhidmatan sokongan perniagaan t.t.t.l., kecuali perantaraan kewangan"
"";"lama-82910";"82910";"Aktiviti agensi kutipan dan biro kredit"
"";"lama-82920";"82920";"Aktiviti pembungkusan"
"";"lama-82990";"82990";"Aktiviti perkhidmatan sokongan perniagaan lain t.t.t.l."
"";"lama-84111";"84111";"Aktiviti perkhidmatan awam am (keseluruhan)"
"";"lama-84112";"84112";"Aktiviti perkhidmatan sampingan untuk kerajaan secara keseluruhannya"
"";"lama-84121";"84121";"Perkhidmatan pentadbiran pendidikan"
"";"lama-84122";"84122";"Perkhidmatan pentadbiran penjagaan kesihatan"
"";"lama-84123";"84123";"Perkhidmatan pentadbiran perumahan dan kerajaan tempatan"
"";"lama-84124";"84124";"Perkhidmatan pentadbiran rekreasi, kebudayaan, kesenian dan sukan"
"";"lama-84125";"84125";"Perkhidmatan pentadbiran hal ehwal agama"
"";"lama-84126";"84126";"Perkhidmatan pentadbiran kebajikan"
"";"lama-84129";"84129";"Perkhidmatan hal ehwal komuniti dan sosial lain"
"";"lama-84139p";"84130";"Peraturan aktiviti yang menyediakan perkhidmatan alam sekitar"
"";"lama-84131";"84141";"Hal ehwal perdagangan domestik dan antarabangsa"
"";"lama-84132";"84142";"Hal ehwal pertanian dan pembangunan luar bandar"
"";"lama-84133";"84143";"Hal ehwal perusahaan utama"
"";"lama-84134";"84144";"Hal ehwal kerja awam"
"";"lama-84135";"84145";"Hal ehwal pengangkutan"
"";"lama-84136";"84146";"Hal ehwal tenaga, telekomunikasi dan pos"
"";"lama-84137";"84147";"Hal ehwal pelancongan"
"";"lama-84138";"84148";"Hal ehwal sumber manusia"
"";"lama-84139p";"84149";"Peraturan dan sumbangan lain ke arah kecekapan operasi perniagaan t.t.t.l."
"";"lama-84210";"84210";"Hal ehwal luar negeri"
"";"lama-84220";"84220";"Aktiviti pertahanan"
"";"lama-84231";"84231";"Perkhidmatan polis"
"";"lama-84232";"84232";"Perkhidmatan penjara"
"";"lama-84233";"84233";"Perkhidmatan imigresen"
"";"lama-84234";"84234";"Perkhidmatan pendaftaran negara"
"";"lama-84235";"84235";"Perkhidmatan badan kehakiman dan perundangan"
"";"lama-84236";"84236";"Aktiviti pemadaman dan pencegahan kebakaran"
"";"lama-84239";"84239";"Perkhidmatan berkaitan hal ehwal ketenteraman dan keselamatan awam lain"
"";"lama-84300";"84300";"Aktiviti keselamatan sosial wajib"
"";"lama-85101";"85101";"Pendidikan pra-sekolah (Awam)"
"";"lama-85102";"85102";"Pendidikan pra-sekolah (Swasta)"
"";"lama-85103";"85201";"Pendidikan rendah (Awam)"
"";"lama-85104";"85202";"Pendidikan rendah (Swasta)"
"";"lama-85211";"85311";"Pendidikan sekolah menengah am (Awam)"
"";"lama-85212";"85312";"Pendidikan sekolah menengah am (Swasta)"
"";"lama-85221p";"85321";"Pendidikan menengah vokasional (Awam)"
"";"lama-85222p";"85322";"Pendidikan menengah vokasional (Swasta)"
"";"lama-85221p";"85331";"Pendidikan lepasan menengah bukan tertiari (Awam)"
"";"lama-85222p";"85332";"Pendidikan lepasan menengah bukan tertiari (Swasta)"
"";"lama-85301";"85401";"Pendidikan kolej dan universiti (Awam)"
"";"lama-85302";"85402";"Pendidikan kolej dan universiti (Swasta)"
"";"lama-85411";"85511";"Pengajaran sukan"
"";"lama-85412";"85512";"Pengajaran seni mempertahankan diri"
"";"lama-85419";"85519";"Pendidikan sukan dan rekreasi lain yang t.t.t.l."
"";"lama-85421";"85521";"Sekolah muzik dan tarian"
"";"lama-85429";"85529";"Pendidikan kebudayaan lain yang t.t.t.l."
"";"lama-85492";"85530";"Aktiviti sekolah memandu"
"";"lama-85491";"85591";"Pusat tuisyen"
"";"lama-85493";"85592";"Pengajaran agama"
"";"lama-85494";"85593";"Latihan komputer"
"";"lama-85499p";"85594";"Pengajaran bahasa dan pengajaran kemahiran perbualan"
"";"lama-85499p";"85599";"Pendidikan lain t.t.t.l."
"";"lama-00000";"85610";"Aktiviti perkhidmatan perantaraan untuk kursus dan tutor"
"";"lama-85500";"85690";"Perkhidmatan sokongan pendidikan lain yang t.t.t.l."
"";"lama-86101";"86101";"Aktiviti hospital"
"";"lama-86102";"86102";"Perkhidmatan rumah bersalin"
"";"lama-86201";"86201";"Perkhidmatan perubatan am(klinik dan sebagainya)"
"";"lama-86202";"86202";"Perkhidmatan perubatan khas"
"";"lama-86203";"86203";"Perkhidmatan berkaitan gigi"
"";"lama-00000";"86910";"Aktiviti perkhidmatan perantaraan untuk perkhidmatan perubatan, pergigian dan kesihatan kemanusiaan yang lain"
"";"lama-86901";"86991";"Pusat dialisis"
"";"lama-86902";"86992";"Makmal perubatan"
"";"lama-86903";"86993";"Perkhidmatan fisioterapi dan terapi pekerjaan"
"";"lama-86904";"86994";"Aktiviti perubatan tradisional dan komplementari"
"";"lama-86905";"86994";"Aktiviti perubatan tradisional dan komplementari"
"";"lama-86906";"86995";"Perkhidmatan ambulans"
"";"lama-86909";"86999";"Perkhidmatan kesihatan kemanusiaan lain t.t.t.l."
"";"lama-87101";"87101";"Rumah untuk orang tua dengan perawatan"
"";"lama-87102";"87102";"Rumah penjagaan"
"";"lama-87103";"87103";"Paliatif atau hospis"
"";"lama-87201";"87201";"Pusat pemulihan dadah"
"";"lama-87209";"87209";"Aktiviti rumah penjagaan lain untuk penyakit mental t.t.t.l."
"";"lama-87300p";"87301";"Aktiviti rumah penjagaan untuk individu yang lebih tua"
"";"lama-87300p";"87302";"Aktiviti rumah penjagaan untuk individu dengan kecacatan fizikal"
"";"lama-00000";"87910";"Aktiviti perkhidmatan pengantaraan untuk rumah penjagaan lain"
"";"lama-87901";"87991";"Rumah anak yatim"
"";"lama-87902";"87992";"Perkhidmatan rumah kebajikan"
"";"lama-87909";"87999";"Aktiviti rumah penjagaan lain t.t.t.l."
"";"lama-88101";"88101";"Aktiviti penjagaan harian untuk orang tua atau orang kurang upaya"
"";"lama-88109";"88109";"Aktiviti kerja sosial lain tanpa penginapan untuk orang tua atau orang kurang upaya"
"";"lama-88901";"88901";"Perkhidmatan kaunseling"
"";"lama-88902";"88902";"Aktiviti penjagaan harian kanak-kanak"
"";"lama-88909";"88909";"Aktiviti kerja sosial lain tanpa penginapan t.t.t.l."
"";"lama-90004p";"90111";"Aktiviti penciptaan sastera"
"";"lama-90005";"90111";"Aktiviti penciptaan sastera"
"";"lama-90004p";"90112";"Aktiviti gubahan muzik"
"";"lama-90003";"90121";"Aktiviti artis bebas"
"";"lama-90009p";"90122";"Penciptaan seni visual dalam bentuk digital"
"";"lama-90009p";"90123";"Penciptaan seni yang menggunakan pemasangan cahaya"
"";"lama-90009p";"90130";"Aktiviti penciptaan seni lain"
"";"lama-90001p";"90201";"Pementasan secara langsung"
"";"lama-90001p";"90202";"Aktiviti pempengaruh media sosial (influencers) yang muncul dalam vlog"
"";"lama-90009p";"90209";"Aktiviti seni persembahan t.t.t.l."
"";"lama-90002";"90310";"Operasi kemudahan dan tapak seni"
"";"lama-90007";"90390";"Aktiviti sokongan lain kepada penciptaan seni dan seni persembahan"
"";"lama-90009p";"90390";"Aktiviti sokongan lain kepada penciptaan seni dan seni persembahan"
"";"lama-91011";"91110";"Aktiviti perpustakaan"
"";"lama-91012";"91120";"Aktiviti arkib"
"";"lama-91021";"91210";"Aktiviti muzium dan koleksi"
"";"lama-91022";"91220";"Aktiviti tapak bersejarah dan monumen"
"";"lama-90006";"91300";"Pemeliharaan, pemulihan dan aktiviti sokongan lain bagi warisan budaya"
"";"lama-90009p";"91300";"Pemeliharaan, pemulihan dan aktiviti sokongan lain bagi warisan budaya"
"";"lama-91031";"91410";"Aktiviti taman botani dan taman zoologi"
"";"lama-91032";"91420";"Aktiviti rizab semula jadi"
"";"lama-92000";"92000";"Aktiviti perjudian dan pertaruhan"
"";"lama-93111";"93111";"Arena sukan, gelanggang, trek dan padang stadium"
"";"lama-93115";"93111";"Arena sukan, gelanggang, trek dan stadium"
"";"lama-93112";"93112";"Litar perlumbaan untuk kenderaan bermotor"
"";"lama-93113";"93113";"Taman ekuestrian"
"";"lama-93114";"93114";"Kolam renang dan arena luncur ais"
"";"lama-93119p";"93115";"Pusat snuker dan biliard"
"";"lama-93116";"93116";"Padang golf"
"";"lama-93117";"93117";"Pusat boling"
"";"lama-93118";"93118";"Pusat kecergasan"
"";"lama-93119p";"93119";"Operasi kemudahan sukan t.t.t.l."
"";"lama-93120p";"93121";"Operasi kelab bola sepak"
"";"lama-93120p";"93122";"Operasi kelab badminton"
"";"lama-93120p";"93123";"Operasi kelab golf"
"";"lama-93120p";"93124";"Operasi kelab e-sukan"
"";"lama-93120p";"93129";"Aktiviti kelab sukan t.t.t.l."
"";"lama-93191";"93191";"Aktiviti penerbit acara sukan, dengan atau tanpa kemudahan"
"";"lama-93192";"93192";"Aktiviti liga sukan dan badan pengawal selia"
"";"lama-93193";"93193";"Aktiviti berkaitan promosi acara sukan"
"";"lama-93199p";"93194";"Aktiviti peserta e-sukan bekerja sendiri"
"";"lama-93199p";"93195";"Operasi kawasan pemeliharaan bagi sukan memancing dan memburu"
"";"lama-93199p";"93199";"Aktiviti sukan lain t.t.t.l."
"";"lama-93210p";"93211";"Aktiviti taman hiburan dan taman tema"
"";"lama-93210p";"93212";"Aktiviti taman tema air"
"";"lama-93291";"93291";"Aktiviti taman rekreasi dan pantai"
"";"lama-93292";"93292";"Operasi kemudahan pengangkutan rekreasi"
"";"lama-93293";"93293";"Penyewaan peralatan rekreasi dan hiburan sebagai sebahagian daripada kemudahan rekreasi"
"";"lama-93294";"93294";"Operasi pesta dan pertunjukan yang bersifat rekreasi"
"";"lama-93295";"93295";"Operasi lantai tarian dan dewan tari-menari"
"";"lama-93296";"93296";"Aktiviti penerbit atau usahawan acara langsung selain seni atau sukan, dengan atau tanpa kemudahan"
"";"lama-93299p";"93297";"Pusat karaoke"
"";"lama-93299p";"93298";"Operasi permainan slot syiling"
"";"lama-93297";"93299";"Lain-lain aktiviti hiburan dan rekreasi t.t.t.l."
"";"lama-93299p";"93299";"Lain-lain aktiviti hiburan dan rekreasi t.t.t.l."
"";"lama-94110";"94110";"Aktiviti keahlian organisasi perniagaan dan majikan"
"";"lama-94120";"94120";"Aktiviti keahlian organisasi profesional"
"";"lama-94200";"94200";"Aktiviti kesatuan buruh"
"";"lama-94910";"94910";"Aktiviti organisasi keagamaan"
"";"lama-94920";"94920";"Aktiviti organisasi politik"
"";"lama-94990";"94990";"Aktiviti keahlian organisasi lain t.t.t.l."
"";"lama-95111p";"95101";"Pembaikan dan penyelenggaraan peralatan elektronik"
"";"lama-95112";"95102";"Pembaikan dan penyelenggaraan terminal komputer"
"";"lama-95113";"95103";"Pembaikan dan penyelenggaraan hand-held computers (PDAs)"
"";"lama-95121";"95104";"Pembaikan dan penyelenggaraan telefon tanpa wayar"
"";"lama-95122";"95105";"Pembaikan dan penyelenggaraan telefon selular"
"";"lama-95123";"95106";"Pembaikan dan penyelenggaraan peralatan rangkaian telekomunikasi"
"";"lama-95124";"95107";"Pembaikan dan penyelenggaraan TV komersial, kamera video dan mesin faks"
"";"lama-95127";"95107";"Pembaikan dan penyelenggaraan TV komersial, kamera video dan mesin faks"
"";"lama-95125";"95108";"Pembaikan dan penyelenggaraan transmisi komunikasi"
"";"lama-95126";"95108";"Pembaikan dan penyelenggaraan transmisi komunikasi"
"";"lama-95111p";"95109";"Pembaikan dan penyelenggaraan komputer dan peralatan komunikasi t.t.t.l."
"";"lama-95211";"95211";"Pembaikan dan penyelenggaraan TV dan penerima radio"
"";"lama-95212";"95212";"Pembaikan dan penyelenggaraan pemain audio dan video"
"";"lama-95213";"95212";"Pembaikan dan penyelenggaraan pemain audio dan video"
"";"lama-95299p";"95213";"Pembaikan dan penyelenggaraan peranti permainan video"
"";"lama-95214";"95214";"Pembaikan dan penyelenggaraan kamera video bagi isi rumah dan peralatan fotografi"
"";"lama-95299p";"95219";"Pembaikan dan penyelenggaraan peralatan elektronik pengguna t.t.t.l."
"";"lama-95221";"95221";"Pembaikan dan penyelenggaraan kelengkapan isi rumah"
"";"lama-95222";"95222";"Pembaikan dan penyelenggaraan peralatan rumah dan halaman"
"";"lama-95230";"95230";"Pembaikan dan penyelenggaraan kelengkapan kasut dan barangan kulit"
"";"lama-95240";"95240";"Pembaikan dan penyelenggaraan perabot dan kelengkapan rumah"
"";"lama-95291";"95291";"Pembaikan dan penyelenggaraan basikal dan basikal elektrik"
"";"lama-95292";"95292";"Pembaikan dan pemindaan pakaian"
"";"lama-95293";"95293";"Pembaikan dan pemindaan barangan kemas"
"";"lama-95294";"95294";"Pembaikan jam tangan, jam dan kelengkapannya"
"";"lama-95295";"95295";"Pembaikan barangan sukan"
"";"lama-95296";"95296";"Pembaikan peralatan muzikal"
"";"lama-95299p";"95299";"Pembaikan barangan persendirian dan isi rumah t.t.t.l."
"";"lama-00000";"95400";"Aktiviti perkhidmatan perantaraan untuk pembaikan dan penyelenggaraan komputer, barangan persendirian dan isi rumah"
"";"lama-96011";"96101";"Pencucian dan cucian kering, menggosok serta menyeterika"
"";"lama-96013";"96101";"Pencucian dan cucian kering, menggosok serta menyeterika"
"";"lama-96012";"96102";"Mensyampu karpet dan permaidani, serta pengeringan dan cucian langsir"
"";"lama-96014";"96103";"Perkhidmatan pembekalan lampin"
"";"lama-96020p";"96210";"Aktiviti mendandan rambut dan gunting rambut"
"";"lama-96020p";"96220";"Aktiviti penjagaan kecantikan dan rawatan kecantikan lain"
"";"lama-96091";"96230";"Aktiviti spa harian, sauna dan mandian wap"
"";"lama-96031";"96301";"Menyediakan jenazah untuk pengebumian atau pembakaran mayat serta perkhidmatan pengurusan dan pembalseman (pengawetan) mayat"
"";"lama-96032";"96302";"Menyediakan perkhidmatan pengebumian atau pembakaran mayat"
"";"lama-96033";"96303";"Penyewaan ruang yang dilengkapi di rumah pengebumian"
"";"lama-96034";"96304";"Penyewaan atau penjualan kubur"
"";"lama-96035";"96305";"Penyelenggaraan kubur dan makam"
"";"lama-00000";"96400";"Aktiviti perkhidmatan pengantaraan untuk perkhidmatan persendirian"
"";"lama-96092";"96901";"Aktiviti astrologikal dan kerohanian"
"";"lama-96093";"96902";"Aktiviti sosial"
"";"lama-96094";"96903";"Perkhidmatan jagaan haiwan"
"";"lama-96095";"96904";"Organisasi genealogikal"
"";"lama-96096";"96905";"Pengilat kasut, porter, valet memakir kereta"
"";"lama-96097";"96906";"Operasi konsensi bagi perkhidmatan mesin duit syiling untuk kegunaan persendirian"
"";"lama-96099p";"96907";"Aktiviti penganjur bagi acara persendirian"
"";"lama-96099p";"96909";"Aktiviti perkhidmatan lain t.t.t.l."
"";"lama-97000";"97000";"Aktiviti isi rumah sebagai majikan bagi personel domestik"
"";"lama-98100";"98100";"Aktiviti mengeluarkan barangan yang tidak dapat dibezakan oleh isi rumah persendirian untuk kegunaan sendiri"
"";"lama-98200";"98200";"Aktiviti menyediakan perkhidmatan yang tidak dapat dibezakan oleh isi rumah persendirian untuk kegunaan sendiri"
"";"lama-99000";"99000";"Aktiviti badan dan pertubuhan luar wilayah"