"";"01111";"01111";"Penanaman jagung"
"";"01112";"01112";"Penanaman tanaman kekacang"
"";"01113";"01113";"Penanaman bijian berminyak"
"";"01119";"01119";"Penanaman bijirin lain t.t.t.l."
"";"01120";"01120";"Penanaman beras (padi)"
"";"01131p";"01131";"Penanaman sawi"
"";"01135p";"01131";"Penanaman sawi"
"";"01131p";"01132";"Penanaman bayam"
"";"01135p";"01132";"Penanaman bayam"
"";"01133";"01133";"Penanaman tembikai"
"";"01134";"01134";"Penanaman cendawan dan truffles"
"";"01132p";"01135";"Penanaman timun"
"";"01135p";"01135";"Penanaman timun"
"";"01132p";"01136";"Penanaman terung (aubergines)"
"";"01135p";"01136";"Penanaman terung (aubergines)"
"";"01131p";"01137";"Penanaman kobis"
"";"01135p";"01137";"Penanaman kobis"
"";"01132p";"01138";"Penanaman tomato"
"";"01135p";"01138";"Penanaman tomato"
"";"01135p";"01139";"Penanaman sayur-sayuran dan ubi lain t.t.t.l."
"";"01136";"01139";"Penanaman sayur-sayuran dan ubi lain t.t.t.l."
"";"01137";"01139";"Penanaman sayur-sayuran dan ubi lain t.t.t.l."
"";"01138";"01139";"Penanaman sayur-sayuran dan ubi lain t.t.t.l."
"";"01140";"01140";"Penanaman tebu"
"";"01150";"01150";"Penanaman tembakau"
"";"01160p";"01161";"Penanaman kenaf"
"";"01160p";"01169";"Penanaman tanaman berserat yang lain t.t.t.l."
"";"01282";"01170";"Penanaman cili dan lada (lada benggala spp.)"
"";"01191";"01191";"Penanaman bunga"
"";"01192";"01192";"Penanaman biji benih bungaan"
"";"01193";"01193";"Penanaman sagu (rumbia)"
"";"01199p";"01194";"Penanaman napier"
"";"01296";"01195";"Penanaman pokok roselle"
"";"01199p";"01199";"Penanaman tanaman bukan kekal lain t.t.t.l."
"";"01210";"01210";"Penanaman anggur"
"";"01221";"01221";"Penanaman pisang"
"";"01222";"01222";"Penanaman mangga"
"";"01223";"01223";"Penanaman durian"
"";"01224";"01224";"Penanaman rambutan"
"";"01225";"01225";"Penanaman buah belimbing"
"";"01226";"01226";"Penanaman betik"
"";"01227";"01227";"Penanaman nanas"
"";"01228";"01228";"Penanaman buah naga"
"";"01229";"01229";"Penanaman buah-buahan tropika dan subtropika lain t.t.t.l."
"";"01231";"01231";"Penanaman limau bali"
"";"01232";"01232";"Penanaman lemon dan limau nipis"
"";"01233";"01233";"Penanaman tangerine dan mandarin"
"";"01239";"01239";"Penanaman buah-buahan sitrus lain t.t.t.l."
"";"01241";"01241";"Penanaman jambu batu"
"";"01249";"01249";"Penanaman buah-buahan delima dan berbiji lain t.t.t.l."
"";"01251p";"01251";"Penanaman buah beri"
"";"01252";"01252";"Penanaman biji buah buah-buahan"
"";"01253";"01253";"Penanaman kekacang yang boleh dimakan"
"";"01259";"01259";"Penanaman pokok dan buah-buahan bertandan lain"
"";"01261";"01261";"Penanaman kelapa sawit (estet)"
"";"01262";"01262";"Penanaman kelapa sawit (kebun kecil)"
"";"01263";"01263";"Penanaman kelapa (estet dan kebun kecil)"
"";"01269";"01269";"Penanaman buah-buah lain untuk minyak t.t.t.l."
"";"01271";"01271";"Penanaman kopi"
"";"01272";"01272";"Penanaman teh"
"";"01273";"01273";"Penanaman koko"
"";"01279";"01279";"Penanaman tanaman minuman lain t.t.t.l."
"";"01281";"01281";"Penanaman lada hitam (piper nigrum)"
"";"01289p";"01282";"Penanaman sacha inchi"
"";"01283";"01283";"Penanaman buah pala"
"";"01284";"01284";"Penanaman halia"
"";"01285";"01285";"Penanaman tanaman yang digunakan terutamanya untuk penghasilan minyak wangi, untuk farmasi atau untuk racun serangga, kulat atau untuk tujuan yang seumpamanya"
"";"01289p";"01289";"Penanaman tanaman rempah ratus dan aromatik lain t.t.t.l."
"";"01291";"01291";"Penanaman pokok getah (estet)"
"";"01292";"01292";"Penanaman pokok getah (kebun kecil)"
"";"01293";"01293";"Penanaman pokok untuk pengekstrakan sap"
"";"01294";"01294";"Penanaman pokok nipah"
"";"01295";"01295";"Penanaman pokok pinang"
"";"01299";"01299";"Penanaman tanaman kekal lain t.t.t.l."
"";"01301";"01301";"Penanaman tumbuhan sebagai tanaman"
"";"01302";"01302";"Penanaman tumbuhan untuk tujuan hiasan"
"";"01303";"01303";"Penanaman tumbuhan untuk bebawang, ubi dan akar| keratan dan slips| cendawan"
"";"01304";"01304";"Operasi tapak semaian pokok (nurseries)"
"";"01411p";"01411";"Penternakan, pembiakan dan pengeluaran lembu"
"";"01413";"01411";"Penternakan, pembiakan dan pengeluaran lembu"
"";"01411p";"01412";"Penternakan, pembiakan dan pengeluaran kerbau"
"";"01412";"01413";"Pengeluaran susu mentah daripada lembu atau kerbau"
"";"01420";"01420";"Penternakan dan pembiakan kuda, keldai, baghal atau hinnes"
"";"01430";"01430";"Penternakan dan pembiakan unta (dromedary) dan camelid"
"";"01441p";"01441";"Penternakan, pembiakan dan pengeluaran biri-biri"
"";"01441p";"01442";"Penternakan, pembiakan dan pengeluaran kambing"
"";"01442";"01443";"Pengeluaran susu mentah biri-biri atau kambing"
"";"01443";"01444";"Pengeluaran bulu belum proses"
"";"01450";"01450";"Penternakan, pembiakan dan pengeluaran babi"
"";"01461p";"01461";"Penternakan, pembiakan dan pengeluaran ayam, ayam daging"
"";"01461p";"01462";"Penternakan, pembiakan dan pengeluaran ayam penelur"
"";"01462";"01463";"Penternakan, pembiakan dan pengeluaran itik"
"";"01464";"01464";"Penternakan, pembiakan dan pengeluaran burung puyuh"
"";"01463";"01465";"Penternakan dan pembiakan unggas lain t.t.t.l."
"";"01465";"01465";"Penternakan dan pembiakan unggas lain t.t.t.l."
"";"01466";"01466";"Pengeluaran telur ayam"
"";"01467";"01467";"Pengeluaran telur itik"
"";"01468";"01468";"Pengeluaran telur unggas lain t.t.t.l."
"";"01469";"01469";"Operasi penetasan unggas"
"";"01491";"01491";"Penternakan, pembiakan dan pengeluaran haiwan separuh jinak"
"";"01492";"01492";"Pengeluaran kulit berbulu, kulit burung atau reptilia dari operasi ladang ternakan"
"";"01493";"01493";"Operasi ternakan cacing, moluska, siput"
"";"01494";"01494";"Penternakan ulat sutera dan pengeluaran hasil kepompong ulat sutera"
"";"01495";"01495";"Penternakan lebah dan pengeluaran hasil madu dan lilin lebah"
"";"01496";"01496";"Penternakan dan pembiakan haiwan peliharaan"
"";"01497";"01497";"Penternakan dan pembiakan burung walit"
"";"01499";"01499";"Penternakan pelbagai/haiwan lain t.t.t.l."
"";"01500";"01500";"Pertanian campuran"
"";"01610";"01610";"Aktiviti pertanian untuk pengeluaran tanaman berasaskan yuran atau kontrak"
"";"01620";"01620";"Aktiviti pertanian untuk pengeluaran ternakan berasaskan yuran atau kontrak"
"";"01631p";"01631";"Penyediaan tanaman untuk pasaran utama"
"";"01632";"01632";"Penyediaan daun tembakau"
"";"01633";"01633";"Penyediaan biji koko"
"";"01634";"01634";"Menjemur sayur-sayuran dan buah-buahan"
"";"01631p";"01639";"Aktiviti lain selepas tuaian tanaman t.t.t.l."
"";"01640";"01640";"Pemprosesan benih untuk pembiakan"
"";"01701";"01701";"Pemburuan dan penjeratan haiwan secara komersial"
"";"01702";"01702";"Penangkapan haiwan liar (hidup atau mati)"
"";"02101";"02101";"Penanaman, penanaman semula, pemindahan, pengurusan dan pemuliharaan hutan dan kawasan lapang"
"";"02102";"02102";"Penanaman untuk tunas semula, kayu pulpa dan kayu api"
"";"02103";"02103";"Operasi tapak semaian pokok hutan"
"";"02104";"02104";"Pengumpulan dan pemeliharaan hutan liar (spesis pokok hutan paya gambut)"
"";"02105";"02105";"Ladang hutan"
"";"02201p";"02201";"Pengeluaran kayu balak untuk industri berasaskan kayu"
"";"02202p";"02202";"Pengeluaran kayu balak yang digunakan dalam bentuk belum proses"
"";"02203p";"02203";"Pengeluaran arang kayu dalam hutan (menggunakan kaedah tradisional)"
"";"02204p";"02204";"Pembalakan kayu getah"
"";"02201p";"02205";"Pengumpulan kayu balak"
"";"02202p";"02205";"Pengumpulan kayu balak"
"";"02203p";"02205";"Pengumpulan kayu balak"
"";"02204p";"02205";"Pengumpulan kayu balak"
"";"02301";"02301";"Pengumpulan rotan, buluh"
"";"02302";"02302";"Pemungutan sarang burung"
"";"02303";"02303";"Pengumpulan pokok sagu liar"
"";"02309";"02309";"Pengumpulan produk hutan bukan kayu t.t.t.l."
"";"02401";"02401";"Menjalankan sebahagian daripada aktiviti operasi perhutanan dan ladang hutan secara berasaskan bayaran atau kontrak untuk perkhidmatan perhutanan"
"";"02402";"02402";"Menjalankan sebahagian daripada aktiviti operasi perhutanan secara berasaskan bayaran atau kontrak untuk perkhidmatan pembalakan"
"";"03111p";"03111";"Perikanan komersil di laut dan perairan pantai"
"";"03112";"03112";"Pemungutan krustasea dan moluska laut"
"";"03113";"03113";"Pengambilan haiwan akuatik: sea squirts, tunikat, landak laut"
"";"03114p";"03114";"Aktiviti atas vessel yang melibatkan penangkapan, pemprosesan dan pengawetan ikan"
"";"03115";"03115";"Pengumpulan organisma perikanan dan hasil laut lain (tiram semulajadi, span, batu karang dan alga)"
"";"03111p";"03116";"Pemungutan ikan hiasan di laut"
"";"03119";"03119";"Perikanan laut t.t.t.l."
"";"03121p";"03121";"Perikanan komersil di darat"
"";"03122";"03122";"Pengambilan krustasea dan moluska air tawar"
"";"03123";"03123";"Pengambilan haiwan akuatik air tawar"
"";"03124";"03124";"Pengumpulan flora dan fauna air tawar"
"";"03121p";"03125";"Pemungutan ikan hiasan air tawar"
"";"03129p";"03129";"Perikanan air tawar lain t.t.t.l."
"";"03211p";"03211";"Ternakan ikan di laut"
"";"03212";"03212";"Pengeluaran dwi-cangkerang spat (tiram, kupang), anak udang kara, anak udang dan benih ikan"
"";"03213";"03213";"Penanaman rumpair merah dan rumpai laut lain yang boleh dimakan"
"";"03214";"03214";"Pengkulturan krustasea, dwi-cangkerang, moluska dan haiwan akuatik lain di laut"
"";"03215";"03215";"Aktiviti akuakultur air payau"
"";"03211p";"03216";"Ternakan ikan hiasan"
"";"03217";"03217";"Operasi penetasan anak benih (laut)"
"";"03218";"03218";"Operasi ladang ternakan cacing laut untuk makanan ikan"
"";"03216";"03219";"Ternakan akuakultur laut lain t.t.t.l."
"";"03219p";"03219";"Ternakan akuakultur laut lain t.t.t.l."
"";"03221p";"03221";"Fish farming in freshwater"
"";"03222";"03222";"Ternakan udang air tawar"
"";"03223";"03223";"Pengkulturan krustasea, dwi-cangkerang, moluska dan haiwan akuatik lain di air tawar"
"";"03224";"03224";"Operasi penetasan anak benih (air tawar)"
"";"03225";"03225";"Penternakan katak"
"";"03221p";"03226";"Ternakan ikan hiasan air tawar"
"";"03229p";"03229";"Akuakultur air tawar lain t.t.t.l."
"";"03114p";"03301";"Aktiviti atas vessel yang melibatkan pemprosesan dan pegawetan"
"";"03229p";"03302";"Penyelenggaraan tempat dan peralatan akuakultur"
"";"03129p";"03309";"Aktiviti sokongan perikanan dan akuakultur lain t.t.t.l."
"";"03229p";"03309";"Aktiviti sokongan perikanan dan akuakultur lain t.t.t.l."
"";"05100";"05100";"Perlombongan batu arang pepejal"
"";"05200";"05200";"Perlombongan lignit (batu arang perang)"
"";"06101";"06100";"Pengekstrakan petroleum mentah"
"";"06102";"06100";"Pengekstrakan petroleum mentah"
"";"06103";"06100";"Pengekstrakan petroleum mentah"
"";"06104";"06100";"Pengekstrakan petroleum mentah"
"";"06201";"06201";"Pengekstrakan gas asli"
"";"06203";"06201";"Pengekstrakan gas asli"
"";"06204";"06201";"Pengekstrakan gas asli"
"";"06205";"06201";"Pengekstrakan gas asli"
"";"06202";"06202";"Pengekstrakan kondensat"
"";"07101";"07101";"Perlombongan bijih yang tinggi kandungan besi"
"";"07102";"07102";"Pengekstrakan dan penggumpalan bijih besi"
"";"07210";"07210";"Perlombongan bijih uranium dan torium"
"";"07291";"07291";"Perlombongan bijih timah"
"";"07292";"07292";"Perlombongan tembaga"
"";"07293";"07293";"Perlombongan bauksit (aluminium)"
"";"07294";"07294";"Pembilasan amang"
"";"07298";"07294";"Pembilasan amang"
"";"07295";"07295";"Perlombongan emas dan perak"
"";"07296";"07295";"Perlombongan emas dan perak"
"";"07299p";"07296";"Perlombongan unsur nadir bumi (REE)"
"";"07297";"07299";"Perlombongan bijih logam bukan besi lain t.t.t.l."
"";"07299p";"07299";"Perlombongan bijih logam bukan besi lain t.t.t.l."
"";"08101";"08101";"Pengkuarian batu untuk industri batu dimensi"
"";"08102";"08102";"Aktiviti mengekstrak dan memproses mineral bukan logam"
"";"08103";"08102";"Aktiviti mengekstrak dan memproses mineral bukan logam"
"";"08108p";"08103";"Perlombongan kaolin"
"";"08104";"08104";"Perlombongan kapur dan dolomit yang tidak dirawat"
"";"08105";"08105";"Pengekstrakan, pengorekan, pemecahan dan penghancuran pasir industri, pasir untuk pembinaan, batu dan kerikil"
"";"08106";"08105";"Pengekstrakan, pengorekan, pemecahan dan penghancuran pasir industri, pasir untuk pembinaan, batu dan kerikil"
"";"08107p";"08106";"Perlombongan pasir silika"
"";"08108p";"08107";"Perlombongan tanah liat dan tanah liat refraktori"
"";"08109";"08108";"Pengkuarian, penghancuran dan pemecahan granit"
"";"08107p";"08109";"Pengkuarian batu, pasir dan tanah liat t.t.t.l."
"";"08999p";"08109";"Pengkuarian batu, pasir dan tanah liat t.t.t.l."
"";"08911";"08911";"Perlombongan fosfat semulajadi"
"";"08912";"08912";"Perlombongan garam kalium (potassium) semulajadi"
"";"08913";"08913";"Perlombongan sulfur semulajadi"
"";"08914";"08914";"Pengekstrakan dan penyediaan pirit dan pirotit, kecuali penyalaian"
"";"08915";"08915";"Perlombongan barium sulfat semulajadi dan karbonat (baryte dan witerit)"
"";"08916";"08916";"Perlombongan borat semula jadi, magnesium sulfat semulajadi (kieserit)"
"";"08917";"08917";"Perlombongan earth colours, fluorspar dan mineral lain yang tinggi kandungan mineral sebagai sumber kimia"
"";"08918";"08918";"Perlombongan guano"
"";"08921";"08920";"Pengekstrakan tanah gambut"
"";"08922";"08920";"Pengekstrakan tanah gambut"
"";"08923";"08920";"Pengekstrakan tanah gambut"
"";"08931";"08931";"Pengekstrakan garam dari bawah tanah"
"";"08932";"08932";"Pengeluaran garam melalui penyejatan air laut atau air masin lain"
"";"08933";"08933";"Penghancuran, penulenan dan penapisan garam oleh pengeluar"
"";"08991";"08991";"Perlombongan dan pengkuarian bahan pelelas (bahan kesat)"
"";"08992";"08992";"Perlombongan dan pengkuarian asbestos"
"";"08993";"08993";"Perlombongan dan pengkuarian fosil bersilika"
"";"08994";"08994";"Perlombongan dan pengkuarian grafit semulajadi"
"";"08995";"08995";"Perlombongan dan pengkuarian steatite (talkum)"
"";"08996";"08996";"Perlombongan dan pengkuarian batu permata"
"";"08999";"08999";"Perlombongan dan pengkuarian lain t.t.t.l."
"";"09101";"09101";"Aktiviti pengekstrakan petroleum dan gas yang dibekalkan atas dasar kontrak atau bayaran"
"";"09102";"09102";"Perkhidmatan memadam kebakaran di lapangan minyak dan gas"
"";"09900";"09900";"Aktiviti sokongan untuk perlombongan dan pengkuarian lain"
"";"10101";"10101";"Pemprosesan dan pengawetan daging dan pengeluaran produk daging"
"";"10102";"10102";"Pemprosesan dan pengawetan ayam itik dan produk ayam itik"
"";"10103";"10103";"Pengeluaran belulang dan kulit yang berasal dari rumah penyembelihan"
"";"10104";"10104";"Operasi rumah penyembelihan yang terlibat dalam pembunuhan, pembersihan atau pembungkusan daging"
"";"10109";"10109";"Pemprosesan dan pengawetan daging t.t.t.l."
"";"10201";"10201";"Pengetinan ikan, krustasea dan moluska"
"";"10202";"10202";"Pemprosesan, penggaraman dan pengawetan ikan, krustasea dan moluska"
"";"10203";"10203";"Pengeluaran makanan berasaskan ikan untuk manusia atau haiwan"
"";"10204";"10204";"Pengeluaran keropok"
"";"10205";"10205";"Pemprosesan rumpai laut"
"";"10301";"10301";"Pembuatan produk makanan buah-buahan dan sayur-sayuran"
"";"10302";"10302";"Pembuatan jus buah-buahan dan sayur-sayuran"
"";"10303";"10303";"Pengetinan nanas"
"";"10304";"10304";"Pembuatan jem, marmalad dan sajian jeli"
"";"10305";"10305";"Pembuatan jem, marmalad dan sajian jeli"
"";"10306";"10306";"Pembuatan produk tauhu"
"";"10401";"10401";"Pembuatan minyak sawit mentah"
"";"10402";"10402";"Pembuatan minyak sawit bertapis"
"";"10403";"10403";"Pembuatan minyak isirung sawit"
"";"10404p";"10404";"Pembuatan minyak sayuran mentah dan bertapis"
"";"10405";"10405";"Pembuatan minyak kelapa"
"";"10406";"10406";"Pembuatan sebatian lemak masakan"
"";"10407";"10407";"Pembuatan minyak dan lemak haiwan"
"";"10501";"10501";"Pembuatan ais krim dan ais lain yang boleh dimakan"
"";"10502";"10502";"Pembuatan susu pekat, tepung dan sejat"
"";"10509";"10509";"Pembuatan produk tenusu t.t.t.l."
"";"10611";"10611";"Pengilangan beras"
"";"10612p";"10611";"Pengilangan beras"
"";"10612p";"10612";"Pengilangan beras"
"";"10613";"10612";"Pengilangan beras"
"";"10619";"10619";"Pembuatan produk bijian t.t.t.l."
"";"10404p";"10621";"Pembuatan kanji dan produk berkanji"
"";"10621";"10621";"Pembuatan kanji dan produk berkanji"
"";"10622";"10622";"Pembuatan glukosa, sirap glukosa, maltosa, inulin"
"";"10623";"10623";"Pembuatan sagu dan tepung ubi kayu/ produk"
"";"10711";"10711";"Pembuatan biskut dan cookies"
"";"10712";"10712";"Pembuatan roti, kek dan produk bakeri lain"
"";"10713";"10713";"Pembuatan produk snek"
"";"10714";"10714";"Pembuatan produk bakeri yang dibeku"
"";"10721";"10721";"Pembuatan gula"
"";"10722";"10722";"Pembuatan produk daripada gula"
"";"10731";"10731";"Pembuatan produk koko"
"";"10732";"10732";"Pembuatan coklat dan produk coklat"
"";"10733";"10733";"Pembuatan konfeksi gula"
"";"10741";"10741";"Pembuatan bihun, mi dan produk lain yang berkaitan"
"";"10742";"10742";"Pembuatan pasta"
"";"10750";"10750";"Pembuatan makanan dan hidangan tersedia"
"";"10791";"10761";"Pembuatan kopi"
"";"10792";"10762";"Pembuatan teh"
"";"10793";"10791";"Pembuatan sos dan bahan perasa"
"";"10794";"10792";"Pembuatan rempah dan serbuk kari"
"";"10795";"10793";"Pembuatan produk telur"
"";"10799";"10799";"Pembuatan produk makanan lain t.t.t.l."
"";"10800";"10800";"Pembuatan makanan haiwan tersedia"
"";"11010";"11010";"Penyulingan, pembersihan dan pencampuran spirit"
"";"11020";"11020";"Pembuatan wain"
"";"11030p";"11030";"Pembuatan bir"
"";"11030p";"11040";"Pembuatan malt"
"";"11041";"11051";"Pembuatan minuman ringan"
"";"11042";"11052";"Pengeluaran air mineral semula jadi dan minuman lain yang dibotolkan"
"";"12000";"12000";"Pembuatan produk tembakau"
"";"13110";"13110";"Penyediaan dan pemintalan gentian tekstil"
"";"13120";"13120";"Penenunan tekstil"
"";"13131";"13131";"Pembuatan batik"
"";"13132";"13132";"Pewarnaan, pelunturan, pencetakan dan kemasan benang dan fabrik"
"";"13139";"13139";"Kemasan tekstil lain"
"";"13910";"13910";"Pembuatan fabrik dikait dan dikrusye"
"";"13921";"13921";"Pembuatan artikel tersedia bagi bahan tekstil seumpamanya termasuk fabrik dikait dan dikrusye"
"";"13922";"13922";"Pembuatan artikel perhiasan tersedia"
"";"13930";"13930";"Pembuatan permaidani dan hamparan"
"";"13940";"13940";"Pembuatan bagi tali-temali, tali, tali pintal dan jaring"
"";"13990";"13990";"Pembuatan tekstil lain t.t.t.l."
"";"14101";"14101";"Pembuatan pakaian spesifik"
"";"14102";"14102";"Pembuatan pakaian"
"";"14103";"14103";"Jahitan pakaian tempahan"
"";"14109";"14109";"Pembuatan aksesori pakaian lain"
"";"14200";"14200";"Pembuatan artikel yang diperbuat daripada kulit bulu"
"";"14300";"14300";"Pembuatan pakaian yang dikait dan dikrusye"
"";"15110";"15110";"Penyamakan dan pembersihan kulit| pembersihan dan pewarnaan bulu"
"";"15120";"15120";"Pembuatan bagasi, beg tangan dan seumpamanya, pelana dan abah-abah daripada pelbagai bahan"
"";"15201";"15201";"Pembuatan kasut kulit"
"";"15202";"15202";"Pembuatan kasut plastik"
"";"15203";"15203";"Pembuatan kasut getah"
"";"15209";"15209";"Pembuatan kasut lain t.t.t.l."
"";"16100";"16100";"Pengilangan dan pengetaman kayu"
"";"16211";"16211";"Pembuatan kepingan venier dan papan lapis"
"";"16212";"16212";"Pembuatan papan partikel dan papan gentian"
"";"16221";"16221";"Pembuatan kayu untuk jurubina"
"";"16222";"16222";"Pembuatan produk tanggam kayu"
"";"16230";"16230";"Pembuatan bekas kayu"
"";"16291";"16291";"Pembuatan kayu arang"
"";"16292";"16292";"Pembuatan produk kayu lain, rotan, artikel gabus, jerami dan bahan jalinan"
"";"17010p";"17010";"Pembuatan pulpa, kertas dan kertas tebal"
"";"17020";"17020";"Pembuatan kertas gelugur dan kertas tebal dan bekas daripada kertas dan kertas tebal"
"";"17091";"17091";"Pembuatan sampul surat dan kad surat 17092 17092 Pembuatan kertas kegunaan rumah dan pembersih peribadi"
"";"17093";"17093";"Pembuatan kertas bergam atau pelekat berjalur atau bergulung dan label dan kertas dinding"
"";"17094";"17094";"Pembuatan patung, barangan kertas upacara pengebumian, kertas colok"
"";"17010p";"17099";"Pembuatan artikel kertas dan kertas tebal lain yang t.t.t.l."
"";"17099";"17099";"Pembuatan artikel kertas dan kertas tebal lain yang t.t.t.l."
"";"18110";"18110";"Percetakan"
"";"18120";"18120";"Aktiviti perkhidmatan berkaitan percetakan"
"";"18200";"18200";"Penerbitan semula media rakaman"
"";"19100";"19100";"Pembuatan produk ketuhar kok"
"";"19201";"19201";"Pembuatan produk petroleum bertapis| pembuatan produk bahan api fosil"
"";"19202";"19202";"Pembuatan produk biodiesel"
"";"20111";"20111";"Pembuatan gas perindustrian atau perubatan bukan organik dalam bentuk cecair atau mampat"
"";"20112";"20112";"Pembuatan bahan kimia organik asas"
"";"20113";"20113";"Pembuatan sebatian bukan organik"
"";"20119";"20119";"Pembuatan kimia asas lain t.t.t.l."
"";"20121";"20121";"Pembuatan bahan kimia organik asas"
"";"20129";"20129";"Pembuatan produk campuran nitrogen"
"";"20131";"20131";"Pembuatan plastik dalam bentuk primer"
"";"20132";"20132";"Pembuatan getah sintetik dalam bentuk primer"
"";"20133";"20133";"Pembuatan campuran getah sintetik dan getah asli atau getah - seperti perekat"
"";"20210";"20210";"Pembuatan racun perosak dan produk agrokimia lain"
"";"20221";"20221";"Pembuatan cat, varnis dan penyadur seumpamanya, dan mastik"
"";"20222";"20222";"Pembuatan dakwat cetak"
"";"20231";"20231";"Pembuatan sabun dan bahan pencuci, penyediaan membersih dan mengilat"
"";"20232";"20232";"Pembuatan minyak wangi dan persediaan tandas"
"";"20291";"20291";"Pembuatan plat fotografi, filem, kertas pemeka(sensitized paper) dan bahan lain yang tidak terdedah kepada pemekaan(other sensitized unexposed materials)"
"";"20292";"20292";"Pembuatan dakwat menulis dan melukis"
"";"20299p";"20299";"Pembuatan produk kimia lain t.t.t.l."
"";"20300";"20300";"Pembuatan gentian buatan manusia"
"";"21001";"21001";"Pembuatan bahan aktif perubatan untuk digunakan oleh bidang farmakologi dalam pembuatan ubat-ubatan"
"";"21002";"21002";"Pemprosesan darah"
"";"21003";"21003";"Pembuatan ubat-ubatan"
"";"21004";"21004";"Pembuatan produk kimia bagi pencegah kehamilan"
"";"21005";"21005";"Pembuatan penyediaan diagnosis perubatan"
"";"21006";"21006";"Pembuatan bahan diagnosis in-vivo radioaktif"
"";"21007";"21007";"Pembuatan farmaseutikal bioteknologi"
"";"21009p";"21008";"Pembuatan ubat herba"
"";"21009p";"21009";"Pembuatan produk farmaseutikal lain, kimia perubatan dan botani t.t.t.l."
"";"22111";"22111";"Pembuatan tayar getah untuk kenderaan"
"";"22112";"22112";"Pembuatan bunga tayar yang boleh ditukar ganti dan tayar celup"
"";"22191";"22191";"Pembuatan produk lain daripada getah asli atau sintetik, tidak divulkan, divulkan atau dikeraskan"
"";"22192";"22192";"Pembuatan sarung tangan getah"
"";"22193";"22193";"Pengilangan semula getah dan pemprosesan susu getah"
"";"22199";"22199";"Pembuatan produk getah lain yang t.t.t.l."
"";"22201";"22201";"Pembuatan produk plastik separa siap"
"";"22202";"22202";"Pembuatan produk plastik siap"
"";"22203";"22203";"Pembuatan artikel plastik untuk pembungkusan barangan"
"";"22204";"22204";"Pembuatan barangan plastik jurubina"
"";"22205";"22205";"Pembuatan pinggan mangkuk, peralatan dapur dan barangan tandas daripada plastik"
"";"22209";"22209";"Pembuatan pelbagai produk plastik t.t.t.l."
"";"23101";"23101";"Pembuatan kaca rata, termasuk kaca rata berdawai, berwarna atau sedikit berwarna"
"";"23102";"23102";"Pembuatan barangan kaca makmal, barangan kesihatan atau farmaseutikal"
"";"23109";"23109";"Pembuatan produk kaca lain t.t.t.l."
"";"23911";"23911";"Pembuatan mortar refraktori dan konkrit"
"";"23912";"23912";"Pembuatan barangan seramik refraktori"
"";"23921";"23921";"Pembuatan seramik bukan refraktori"
"";"23929p";"23929";"Pembuatan lain-lain bahan binaan dari tanah liat"
"";"23929p";"23930";"Pembuatan produk porselin dan seramik lain"
"";"23930";"23930";"Pembuatan produk porselin dan seramik lain"
"";"23941";"23941";"Pembuatan simen hidraulik"
"";"23942";"23942";"Pembuatan kapur dan plaster"
"";"23951";"23951";"Pembuatan konkrit dan mortar siap bancuh dan bancuhan kering"
"";"23952";"23952";"Pembuatan konkrit pratuangan, simen atau artikel batu buatan yang digunakan dalam pembinaan"
"";"23953";"23953";"Pembuatan komponen struktur pasang siap untuk bangunan atau kejuruteraan awam dari simen, batu atau konkrit buatan"
"";"23959";"23959";"Pembuatan artikel konkrit, simen dan plaster lain t.t.t.l."
"";"23960";"23960";"Pemotongan, pembentukan dan kemasan batu"
"";"23990";"23990";"Pembuatan produk mineral bukan logam lain t.t.t.l."
"";"24101";"24101";"Pengeluaran jongkong besi dan spiegeleisen dalam bentuk jongkong, blok atau dalam bentuk asal lain"
"";"24102";"24102";"Pengeluaran batang dan rod keluli tahan karat atau keluli aloi lain"
"";"24103";"24103";"Pembuatan tiub tidak berkelim, dengan penggelekan, picitan atau tempaan panas atau dengan tempaan atau penggelekan sejuk"
"";"24104";"24104";"Pembuatan kelengkapan tiub keluli"
"";"24109";"24109";"Pembuatan produk besi dan keluli asas lain t.t.t.l."
"";"24201";"24201";"Peleburan timah"
"";"24202";"24202";"Pengeluaran aluminium daripada alumina"
"";"24209";"24209";"Pembuatan logam berharga asas lain dan logam bukan ferus lain t.t.t.l."
"";"24311";"24311";"Pengacuan besi"
"";"24312";"24312";"Pengacuan keluli"
"";"24320";"24320";"Pengacuan logam bukan ferus"
"";"25111";"25111";"Pembuatan kerangka kerja perindustrian daripada logam"
"";"25112";"25112";"Pembuatan bangunan pasang siap terutamanya daripada logam"
"";"25113";"25113";"Pembuatan pintu, tingkap dan bingkai, penutup tingkap dan pintu pagar daripada logam"
"";"25119";"25119";"Pembuatan produk struktur logam lain"
"";"25120";"25120";"Pembuatan tangki, takungan dan kontena daripada logam"
"";"25130";"25130";"Pembuatan penjana wap, kecuali dandang pemanasan air berpusat"
"";"25200";"25200";"Pembuatan senjata dan peluru"
"";"25910";"25910";"Tempaan, tekanan, hentakan dan bentuk gelekan logam| serbuk metalurgi"
"";"25920";"25920";"Rawatan dan penyalutan logam| menggunakan mesin"
"";"25930";"25930";"Pembuatan kutleri, alatan pertukangan tangan dan perkakasan am"
"";"25991";"25991";"Pembuatan tin untuk produk makanan dan minuman, tiub dan kotak boleh dilipat"
"";"25992";"25992";"Pembuatan kabel, plaited bands (jalur/pita berpintal) dan artikel seumpamanya daripada logam"
"";"25993";"25993";"Pembuatan bolt, skru, nat dan produk uliran seumpamanya"
"";"25994";"25994";"Pembuatan barangan rumah logam"
"";"25999";"25999";"Pembuatan sebarang produk logam rekaan lain t.t.t.l."
"";"26101p";"26110";"Pembuatan sel solar, panel solar dan penyongsang fotovoltaik"
"";"26101p";"26191";"Pembuatan diod, transistor dan alatan semikonduktor yang seumpamanya"
"";"26102";"26192";"Pembuatan litar elektronik bersepadu dengan pemasangan mikro"
"";"26103";"26193";"Pembuatan kapasitor dan perintang elektrik"
"";"26104";"26194";"Pembuatan papan litar bercetak"
"";"26104p";"26195";"Pembuatan komponen paparan"
"";"26105";"26195";"Pembuatan komponen paparan"
"";"26109";"26199";"Pembuatan komponen lain untuk aplikasi elektronik"
"";"26201";"26201";"Pembuatan komputer"
"";"26202";"26202";"Pembuatan kelengkapan peranti"
"";"26300";"26300";"Pembuatan peralatan komunikasi"
"";"26400";"26400";"Pembuatan peralatan elektronik pengguna"
"";"26511";"26511";"Pembuatan kelengkapan mengukur, menguji, memandu arah dan kawalan"
"";"26512";"26512";"Pembuatan kelengkapan kawalan proses perindustrian"
"";"26520";"26520";"Pembuatan jam tangan dan jam dan alat ganti"
"";"26600";"26600";"Pembuatan penyinaran, peralatan perubatan elektro dan elektroterapeutik"
"";"26701";"26701";"Pembuatan peralatan dan kelengkapan optikal"
"";"26702";"26702";"Pembuatan peralatan fotografi"
"";"26800";"26800";"Pembuatan media rakaman magnetik dan optik"
"";"27101";"27101";"Pembuatan motor elektrik, penjana dan transformer"
"";"27102";"27102";"Pembuatan perkakasan pengagihan dan pengawalan elektrik"
"";"27200";"27200";"Pembuatan bateri dan akumulator"
"";"27310";"27310";"Pembuatan kabel gentian optik"
"";"27320";"27320";"Pembuatan wayar dan kabel elektronik dan elektrik lain"
"";"27330";"27330";"Pembuatan alatan pendawaian pembawa dan bukan pembawa arus untuk litar elektrik (tanpa mengira jenis bahan)"
"";"27400";"27400";"Pembuatan kelengkapan pencahayaan elektrik"
"";"27500";"27500";"Pembuatan perkakasan domestik"
"";"27900";"27900";"Pembuatan pelbagai kelengkapan elektrikal selain daripada motor, penjana dan transformer, bateri dan akumulator, wayar dan alatan pendawaian, kelengkapan pencahayaan atau perkakasan domestik"
"";"28110";"28110";"Pembuatan enjin dan turbin, kecuali enjin pesawat, kenderaan dan kenderaan beroda dua"
"";"28120";"28120";"Pembuatan kelengkapan kuasa bendalir"
"";"28130";"28130";"Pembuatan pam, pemampat, paip dan injap lain"
"";"28140";"28140";"Pembuatan penggalas, gear, elemen gear dan pemanduan"
"";"28150";"28150";"Pembuatan ketuhar, relau dan relau pembakar"
"";"28160";"28160";"Pembuatan peralatan mengangkat dan mengendalikan"
"";"28170";"28170";"Pembuatan mesin dan kelengkapan pejabat (kecuali kelengkapan komputer dan peranti)"
"";"28180";"28180";"Pembuatan alatan tangan yang menggunakan kuasa dilengkapkan dengan motor elektrik atau bukan motor elektrik atau pneumatik"
"";"28191";"28191";"Pembuatan kelengkapan penyejukan atau pembekuan perindustrian"
"";"28192";"28192";"Pembuatan mesin penyaman udara, termasuk untuk kenderaan bermotor"
"";"28199";"28199";"Pembuatan jentera tujuan umum lain t.t.t.l."
"";"28210";"28210";"Pembuatan jentera pertanian dan perhutanan"
"";"28220";"28220";"Pembuatan jentera pembentukan logam dan alatan mesin"
"";"28230";"28230";"Pembuatan jentera untuk metalurgi"
"";"28240";"28240";"Pembuatan jentera untuk perlombongan, pengkuarian dan pembinaan"
"";"28250";"28250";"Pembuatan jentera untuk pemprosesan makanan, minuman dan tembakau"
"";"28260";"28260";"Pembuatan jentera untuk pengeluaran tekstil, pakaian dan kulit"
"";"28290";"28290";"Pembuatan jentera bertujuan khas lain t.t.t.l."
"";"29101";"29101";"Pembuatan kereta penumpang"
"";"29102";"29102";"Pembuatan kenderaan komersial"
"";"29200";"29200";"Pembuatan badan (coachwork) untuk kenderaan bermotor| pembuatan treler dan separa treler"
"";"29300";"29300";"Pembuatan alat ganti dan aksesori untuk kenderaan bermotor"
"";"30110";"30110";"Pembinaan kapal dan struktur terapung"
"";"30120";"30120";"Pembinaan bot persiaran dan sukan"
"";"30200";"30200";"Pembuatan lokomotif kereta api dan rolling stock"
"";"30300";"30300";"Pembuatan pesawat dan kapal angkasa dan jentera berkaitan"
"";"30400";"30400";"Pembuatan kenderaan tempur ketenteraan"
"";"30910p";"30911";"Pembuatan motosikal"
"";"30910p";"30912";"Pembuatan alat ganti dan aksesori untuk motosikal"
"";"30920";"30920";"Pembuatan basikal dan invalid carriages"
"";"30990";"30990";"Pembuatan kelengkapan pengangkutan lain t.t.t.l."
"";"31001";"31010";"Pembuatan perabot kayu"
"";"31002";"31021";"Pembuatan perabot logam"
"";"31003";"31022";"Pembuatan tilam selain daripada kayu"
"";"31009";"31029";"Pembuatan perabot yang lain t.t.t.l."
"";"32110";"32110";"Pembuatan barang kemas dan artikel berkaitan"
"";"32120";"32120";"Pembuatan barang kemas tiruan dan artikel berkaitan"
"";"32200";"32200";"Pembuatan instrumen muzik"
"";"32300";"32300";"Pembuatan barangan sukan"
"";"32400";"32400";"Pembuatan permainan dan mainan"
"";"32500";"32500";"Pembuatan instrumen dan bekalan perubatan dan pergigian"
"";"32901";"32901";"Pembuatan alat tulis"
"";"32909";"32909";"Pembuatan lain t.t.t.l."
"";"33110";"33110";"Pembaikan dan penyelenggaraan produk logam fabrikasi"
"";"33120";"33120";"Pembaikan dan penyelenggaraan mesin dan peralatan industri"
"";"33131";"33131";"Pembaikan dan penyelenggaraan peralatan menyukat, menguji, memandu arah dan kawalan"
"";"33132";"33132";"Pembaikan dan penyelenggaraan peralatan penyinaran, perubatan elektro dan elektroterapeutik"
"";"33133";"33133";"Pembaikan bagi peralatan optikal dan alatan fotografi"
"";"33140";"33140";"Pembaikan dan penyelenggaraan kelengkapan elektrik kecuali penggunaan domestik"
"";"33150";"33150";"Pembaikan dan penyelenggaraan kelengkapan pengangkutan kecuali motosikal dan basikal"
"";"33190";"33190";"Pembaikan dan penyelenggaraan kelengkapan lain t.t.t.l."
"";"33200";"33200";"Pemasangan jentera dan kelengkapan perindustrian"
"";"35101p";"35110";"Aktiviti penjanaan kuasa elektrik daripada sumber tidak boleh diperbaharui"
"";"35101p";"35120";"Aktiviti penjanaan kuasa elektrik daripada sumber boleh diperbaharui"
"";"35102p";"35131";"Operasi penghantaran dan pengagihan kuasa elektrik"
"";"35102p";"35132";"Operasi stesen atau kemudahan mengecas kenderaan elektrik dan peranti elektronik"
"";"35201";"35201";"Pembuatan bahan api berunsur gas yang mempunyai spesifikasi nilai calorific, mengikut penulenan, pencampuran dan proses lain dari jenis gas yang lain"
"";"35202";"35202";"Pengangkutan, pengagihan dan bekalan semua jenis bahan api berunsur gas melalui sistem saluran utama"
"";"35203";"35203";"Penjualan gas kepada pengguna melalui saluran utama"
"";"35301";"35301";"Pengeluaran, pengumpulan dan pengagihan wap dan air panas untuk pemanasan, tenaga dan tujuan lain"
"";"35302";"35302";"Pengeluaran dan pengagih udara dingin, air yang disejukkan bagi tujuan pendinginan"
"";"35303";"35303";"Pengeluaran ais, termasuk ais untuk tujuan makanan dan bukan makanan (cth. pendinginan)"
"";"00000";"35400";"Aktiviti broker dan ejen bagi kuasa elektrik dan gas asli"
"";"36001";"36001";"Penulenan dan pengagihan air untuk tujuan bekalan air"
"";"36002";"36002";"Penyahmasinan air laut atau bawah tanah untuk menghasilkan air sebagai kepentingan produk utama"
"";"37000";"37000";"Pembetungan dan aktiviti-aktiviti yang seumpamanya"
"";"38111";"38111";"Pengumpulan sisa tidak berbahaya"
"";"38112";"38112";"Pengumpulan bahan kitar semula"
"";"38113";"38113";"Pengumpulan sampah dalam tong sampah di kawasan awam"
"";"38114";"38114";"Pengumpulan sisa pembinaan dan runtuhan"
"";"38115";"38115";"Operasi stesen pemindahan pembuangan sisa tidak berbahaya"
"";"38121";"38121";"Pengumpulan sisa berbahaya"
"";"38122";"38122";"Operasi stesen pemindahan pembuangan bagi sisa berbahaya"
"";"38210";"38210";"Rawatan dan pelupusan sisa tidak berbahaya"
"";"38220";"38220";"Rawatan dan pelupusan sisa berbahaya"
"";"38301";"38301";"Meremukkan secara mekanikal sisa logam"
"";"38302";"38302";"Meleraikan peralatan automobil, komputer, televisyen dan peralatan lain untuk pemulihan bahan"
"";"38303";"38303";"Pemulihan semula getah"
"";"38304";"38303";"Pemulihan semula getah"
"";"38309";"38309";"Pemulihan bahan t.t.t.l."
"";"39000";"39000";"Aktiviti pemulihan dan lain-lain perkhidmatan pengurusan sisa"
"";"41001";"41001";"Bangunan kediaman"
"";"41002";"41002";"Bangunan bukan kediaman"
"";"41003";"41003";"Pemasangan dan pendirian bangunan pasang siap di tapak pembinaan"
"";"41009";"41009";"Pembinaan bangunan t.t.t.l."
"";"42101";"42101";"Pembinaan laluan kenderaan bermotor, lorong, jalan, laluan pejalan kaki dan kenderaan lain"
"";"42102";"42102";"Kerja penurapan jalan, jalan raya, lebuh raya, jambatan atau terowong"
"";"42103";"42103";"Pembinaan jambatan"
"";"42104";"42104";"Pembinaan terowong"
"";"42105";"42105";"Pembinaan landasan kereta api dan laluan bawah tanah"
"";"42106";"42106";"Pembinaan landasan lapangan terbang"
"";"42109p";"42107";"Pemasangan dan pembinaan struktur siap di tapak untuk pembinaan jalan raya / landasan kereta api"
"";"42109p";"42109";"Pembinaan jalan raya dan landasan api lain t.t.t.l."
"";"42201";"42201";"Saluran paip jarak jauh, talian komunikasi talian kuasa"
"";"42202";"42202";"Saluran paip dalam bandar, talian dan talian kuasa dalam bandar: kerja-kerja berkaitan dalam bandar"
"";"42203";"42203";"Pembinaan punca dan saluran air"
"";"42204";"42204";"Loji takungan"
"";"42205";"42205";"Pembinaan sistem pengairan (terusan)"
"";"42206";"42206";"Pembinaan sistem pembetungan (termasuk pembaikan) dan loji pelupusan sisa kumbahan"
"";"42207";"42207";"Pembinaan janakuasa"
"";"42209";"42209";"Pembinaan projek utiliti lain t.t.t.l."
"";"42901";"42901";"Pembinaan loji penapisan"
"";"42902";"42902";"Pembinaan laluan air, kerja pelabuhan dan sungai, pleasure ports (marina), kunci air"
"";"42903";"42903";"Pembinaan empangan dan daik"
"";"42904";"42904";"Penggalian laluan air"
"";"42905";"42905";"Kemudahan sukan luar"
"";"42906";"42906";"Pembahagian tanah berserta dengan penambahbaikan tanah"
"";"42909p";"42907";"Pembinaan kerja-kerja perlindungan cerun dan penyelenggaraan cerun"
"";"42909p";"42908";"Pembinaan struktur pelantar minyak"
"";"42909p";"42909";"Pembinaan projek kejuruteraan awam lain t.t.t.l."
"";"43110";"43110";"Perobohan"
"";"43121";"43121";"Pembersihan tapak pembinaan"
"";"43122";"43122";"Pengalihan tanah"
"";"43123";"43123";"Pengujian tanah, penggerudian dan penggalian tanah untuk tujuan pembinaan, geofizikal, geologikal atau tujuan seumpamanya"
"";"43124";"43124";"Penyediaan tapak bagi perlombongan"
"";"43125";"43125";"Perparitan bagi tanah pertanian atau perhutanan"
"";"43126";"43126";"Kerja penebusgunaan tanah"
"";"43129";"43129";"Aktiviti penyediaan tapak lain t.t.t.l."
"";"43211";"43211";"Pendawaian dan pemasangan elektrik"
"";"43212";"43212";"Pendawaian telekomunikasi"
"";"43213";"43213";"Pendawaian rangkaian komputer dan kabel televisyen"
"";"43214";"43214";"Piring satelit"
"";"43215";"43215";"Sistem pencahayaan"
"";"43216";"43216";"Sistem keselamatan"
"";"43219p";"43217";"Pemasangan pengecas elektrik"
"";"43219p";"43218";"Pemasangan sistem fotovoltaik di bangunan"
"";"43219p";"43219";"Pemasangan elektrik t.t.t.l."
"";"43221";"43221";"Pemasangan sistem pemanasan (elektrik, dan minyak)"
"";"43222";"43222";"Pemasangan relau, menara pendinginan"
"";"43223";"43223";"Pemasangan pengumpul tenaga solar elektrik"
"";"43224";"43224";"Pemasangan sistem peralatan paip dan sanitasi"
"";"43225";"43225";"Pemasangan peralatan dan saluran pengudaraan, penyejukan atau pendinginan udara"
"";"43226";"43226";"Pemasangan kelengkapan gas"
"";"43227";"43227";"Pemasangan sistem perenjis air untuk kebakaran dan padang"
"";"43228";"43228";"Pemasangan paip untuk wap"
"";"43229";"43229";"Pemasangan paip, pemanasan dan pendinginan udara t.t.t.l."
"";"43291";"43291";"Pemasangan lif, eskalator dalam bangunan atau projek pembinaan lain"
"";"43292";"43292";"Pemasangan pintu automatik dan berputar dalam bangunan atau projek pembinaan lain"
"";"43293";"43293";"Pemasangan konduktor kilat dalam atau projek pembinaan lain"
"";"43294";"43294";"Pemasangan sistem pembersihan vakum dalam bangunan atau projek pembinaan lain"
"";"43295";"43295";"Pemasangan sistem penebatan terma, atau gegaran dalam bangunan atau pembinaan lain"
"";"43299";"43299";"Pemasangan pembinaan lain t.t.t.l."
"";"43301";"43301";"Pemasangan rangka pintu, tingkap, rangka/bingkai pintu dan tingkap daripada kayu atau bahan lain, dapur pasang siap, tangga, kelengkapan kedai dan perabot"
"";"43302";"43302";"Melapis, memasang jubin, menggantung atau memasang kelengkapan bangunan atau projek pembinaan lain daripada pelbagai bahan"
"";"43303";"43303";"Mengecat dalam dan luar bangunan"
"";"43304";"43304";"Mengecat struktur kejuruteraan awam"
"";"43305";"43305";"Pemasangan kaca, cermin"
"";"43306";"43306";"Penyiapan dalaman bangunan"
"";"43307";"43307";"Pembersihan bangunan baru selepas kerja pembinaan"
"";"43309";"43309";"Penyiapan dan kemasan bangunan lain t.t.t.l."
"";"00000";"43400";"Aktiviti perkhidmatan perantaraan bagi perkhidmatan pembinaan pertukangan khas"
"";"43901";"43901";"Pembinaan tapak, termasuk memantak cerucuk"
"";"43902";"43902";"Pembinaan elemen keluli yang bukan sendiri"
"";"43903";"43903";"Memasang dan membuka semula dan platform kerja"
"";"43904";"43904";"Kerja mengikat dan menyusun bata"
"";"43905";"43905";"Pembinaan kolam renang terbuka"
"";"43906";"43906";"Pembersihan menggunakan wap, dan aktiviti seumpamanya untuk luar bangunan"
"";"43907";"43907";"Penyewaan jentera dan peralatan dengan operator"
"";"43909";"43909";"Aktiviti pembinaan pertukangan khas lain t.t.t.l."
"";"45101p";"45101";"Jualan borong dan runcit kenderaan bermotor baru"
"";"45102p";"45102";"Jualan borong dan runcit kenderaan bermotor terpakai"
"";"45103";"45103";"Jualan borong dan runcit kenderaan baru bagi industri, komersial dan pertanian"
"";"45104";"45104";"Jualan borong dan runcit kenderaan terpakai bagi industri, komersial dan pertanian"
"";"45105";"45105";"Jualan oleh ejen komisen"
"";"45106";"45106";"Lelongan kereta (runcit)"
"";"45101p";"45107";"Jualan borong dan runcit kenderaan bermotor elektrikal baru"
"";"45102p";"45108";"Jualan borong kenderaan bermotor elektrikal terpakai"
"";"45109";"45109";"Jualan lain-lain kenderaan bermotor t.t.t.l."
"";"45201";"45201";"Pembaikan dan penyelenggaraan kenderaan bermotor"
"";"45202";"45202";"Menyembur dan mengecat"
"";"45203";"45203";"Mencuci dan menggilap (cuci kereta)"
"";"45204";"45204";"Pembaikan tempat duduk kenderaan bermotor"
"";"45205";"45205";"Pemasangan komponen (termasuk alat ganti) dan aksesori bukan sebahagian daripada proses pembuatan"
"";"45300";"45300";"Jualan borong dan runcit semua jenis komponen, alat ganti, bekalan, peralatan dan aksesori kenderaan bermotor"
"";"45401p";"45401";"Jualan borong dan runcit motosikal"
"";"45402";"45402";"Jualan borong dan runcit komponen (termasuk alat ganti) dan aksesori motosikal"
"";"45403";"45403";"Pembaikan dan penyelenggaraan motosikal"
"";"45401p";"45404";"Jualan borong dan runcit motosikal elektrik baru dan terpakai"
"";"00000";"45500";"Aktiviti perkhidmatan pengantaraan untuk pembaikan dan penyelenggaraan kenderaan bermotor dan motosikal"
"";"46100";"46100";"Jualan borong berdasarkan kontrak atau yuran"
"";"46201";"46201";"Jualan borong getah"
"";"46202";"46202";"Jualan borong minyak kelapa sawit"
"";"46203";"46203";"Jualan borong kayu balak dan kayu-kayan"
"";"46204";"46204";"Jualan borong bunga-bungaan dan tumbuh-tumbuhan"
"";"46205";"46205";"Jualan borong ternakan dan haiwan hidup"
"";"46209p";"46205";"Jualan borong ternakan dan haiwan hidup"
"";"46901";"46205";"Jualan borong ternakan dan haiwan hidup"
"";"46209p";"46206";"Jualan borong buah-buahan/tandan kelapa sawit"
"";"46209p";"46209";"Jualan borong bahan mentah pertanian dan haiwan hidup t.t.t.l."
"";"46311";"46311";"Jualan borong daging, unggas dan telur"
"";"46312";"46312";"Jualan borong ikan dan lain-lain makanan laut"
"";"46313";"46313";"Jualan borong buah-buahan"
"";"46314";"46314";"Jualan borong sayur-sayuran"
"";"46319";"46319";"Jualan borong daging, ikan, buah-buahan dan sayur-sayuran t.t.t.l."
"";"46321";"46321";"Jualan borong beras, bijirin lain, tepung dan gula"
"";"46322";"46322";"Jualan borong hasil tenusu"
"";"46323";"46323";"Jualan borong konfeksi"
"";"46324";"46324";"Jualan borong biskut, kek, roti dan produk bakeri lain"
"";"46325";"46325";"Jualan borong kopi, teh, koko dan minuman lain"
"";"46326";"46326";"Jualan borong bir, wain dan spirit"
"";"46327";"46327";"Jualan borong tembakau dan produk serta aksesori merokok"
"";"46329p";"46328";"Jualan borong makanan sejuk beku dan makanan tersedia (ready-made)"
"";"46329p";"46329";"Jualan borong barang makanan lain"
"";"46411";"46411";"Jualan borong benang dan fabrik"
"";"46412";"46412";"Jualan borong linen, tuala dan selimut isi rumah"
"";"46413";"46413";"Jualan borong pakaian dan pakaian daripada bulu binatang"
"";"46415";"46413";"Jualan borong pakaian dan pakaian daripada bulu binatang"
"";"46414";"46414";"Jualan borong aksesori pakaian"
"";"46416";"46415";"Jualan borong kasut"
"";"46417";"46416";"Jualan borong bahan jahitan"
"";"46419";"46419";"Jualan borong tekstil, pakaian t.t.t.l."
"";"46491";"46421";"Jualan borong perabot"
"";"46592";"46421";"Jualan borong perabot"
"";"46499p";"46422";"Jualan borong permaidani dan hamparan"
"";"46493";"46423";"Jualan borong peralatan lampu"
"";"46421";"46431";"Jualan borong barangan farmaseutikal dan perubatan"
"";"46422";"46432";"Jualan borong pewangi, kosmetik, sabun dan kelengkapan dandanan diri"
"";"46431";"46441";"Jualan borong basikal, e-basikal, komponen (termasuk alat ganti) dan aksesori"
"";"46432";"46442";"Jualan borong barangan fotografi dan optik"
"";"46433";"46443";"Jualan borong barangan kulit dan aksesori kembara"
"";"46434";"46444";"Jualan borong peralatan muzik, permainan dan barang mainan, barangan sukan"
"";"46499p";"46445";"Jualan borong khemah dan beg tidur"
"";"46441";"46451";"Jualan borong kraftangan dan bunga tiruan"
"";"46442";"46452";"Jualan borong bunga keratan dan tumbuhan"
"";"46443";"46453";"Jualan borong jam tangan dan jam dinding"
"";"46444";"46454";"Jualan borong barang kemas"
"";"46499p";"46460";"Jualan borong barangan terpakai"
"";"46492";"46491";"Jualan borong perkakas isi rumah"
"";"46494";"46492";"Jualan borong perkakas dapur dan kutleri, pinggan mangkuk, barangan kaca dan barangan tembikar"
"";"46495";"46493";"Jualan borong barangan kayu, anyaman rotan dan barangan gabus"
"";"46496p";"46494";"Jualan borong barangan elektrik dan elektronik"
"";"46497";"46495";"Jualan borong alat tulis, buku, majalah dan surat khabar"
"";"46499p";"46499";"Jualan borong lain-lain barangan isi rumah t.t.t.l."
"";"46510";"46510";"Jualan borong perkakasan komputer, perisian dan peranti"
"";"46521";"46521";"Jualan borong kelengkapan telefon dan telekomunikasi, telefon selular, alat kelui"
"";"46496p";"46522";"Jualan borong komponen elektronik dan aksesori pendawaian"
"";"46522";"46522";"Jualan borong komponen elektronik dan aksesori pendawaian"
"";"46531";"46531";"Jualan borong jentera, kelengkapan dan bekalan pertanian dan perhutanan"
"";"46532";"46532";"Jualan borong jentera pemotong rumput sebarang cara operasi"
"";"46599p";"46540";"Jualan borong dron"
"";"46591";"46591";"Jualan borong mesin pejabat dan kelengkapan perniagaan"
"";"46599p";"46592";"Jualan borong production-line robots"
"";"46593";"46593";"Jualan borong peralatan mesin berkawalan komputer"
"";"46594";"46594";"Jualan borong jentera, kelengkapan dan bekalan perindustrian"
"";"46595";"46595";"Jualan borong jentera dan kelengkapan perlombongan, pembinaan dan kejuruteraan awam"
"";"46596";"46596";"Jualan borong lif eskalator, penghawa dingin, kelengkapan keselamatan dan pemadam api"
"";"46599p";"46597";"Jualan borong senjata, sistem senjata dan peluru"
"";"46599p";"46599";"Jualan borong lain-lain jentera untuk kegunaan industri, perdagangan dan pengemudian dan lain-lain perkhidmatan t.t.t.l."
"";"46611";"46611";"Jualan borong petrol, diesel, pelincir"
"";"46612";"46612";"Jualan borong gas petroleum cecair"
"";"46619";"46619";"Jualan borong bahan api pepejal, cecair dan gas dan produk berkaitan t.t.t.l."
"";"46621";"46621";"Jualan borong bijih besi dan bukan besi dan logam"
"";"46622";"46622";"Jualan borong bijih besi dan bukan besi dan logam separuh siap dan produk t.t.t.l."
"";"46631";"46631";"Jualan borong kayu balak, kayu bergergaji, papan lapis, venier dan produk berkaitan"
"";"46632";"46632";"Jualan borong cat dan varnis"
"";"46633p";"46633";"Jualan borong bahan pembinaan"
"";"46634";"46634";"Jualan borong kelengkapan dan lekapan"
"";"46635";"46635";"Jualan borong pemanas air"
"";"46636";"46636";"Jualan borong pemasangan dan peralatan kebersihan"
"";"46637";"46637";"Jualan borong alatan"
"";"46633p";"46638";"Jualan borong kertas hias dinding dan pelapik lantai"
"";"46639";"46639";"Jualan borong dan bekalan lain-lain bahan binaan, perkakasan, peralatan paip dan alat pemanas t.t.t.l."
"";"46691";"46691";"Jualan borong bahan kimia industri"
"";"46692";"46692";"Jualan borong baja dan produk agrokimia"
"";"46693";"46693";"Jualan borong bahan plastik dalam bentuk asal"
"";"46694";"46694";"Jualan borong sekerap getah"
"";"46695";"46695";"Jualan borong gentian tekstil"
"";"46696";"46696";"Jual borong kertas secara pukal, bahan pembungkusan"
"";"46697";"46697";"Jual borong batu permata berharga"
"";"46698";"46698";"Jual borong bahan buangan dan sekerap dan bahan lain sama ada logam dan bukan logam untuk kitar semula"
"";"46699";"46699";"Melerai bahagian kenderaan, komputer, televisyen dan peralatan lain untuk mendapatkan bahagian yang boleh digunakan dan jual semula"
"";"46902";"46901";"Jualan borong makanan haiwan/haiwan peliharaan"
"";"46909";"46909";"Jualan borong pelbagai jenis barang tanpa pengkhususan tertentu t.t.t.l."
"";"47111";"47111";"Kedai runcit"
"";"47112";"47112";"Pasar raya"
"";"47113";"47113";"Pasar mini"
"";"47114";"47114";"Kedai serbaneka(convenience)"
"";"47191";"47191";"Gedung serbaneka(convenience)"
"";"47192";"47192";"Gedung serbaneka(convenience) dan pasar raya"
"";"47193";"47193";"Pasar raya besar (Hypermarket)"
"";"47194";"47194";"Ejen surat khabar dan kedai pelbagai barangan"
"";"47992";"47195";"Jualan runcit bagi apa-apa jenis produk melalui mesin layan diri"
"";"47199";"47199";"Jualan runcit lain di kedai tanpa pengkhususan t.t.t.l."
"";"47211";"47211";"Jualan runcit beras, tepung, bijirin lain dan gula"
"";"47810p";"47211";"Jualan runcit beras, tepung, bijirin lain dan gula"
"";"47212";"47212";"Jualan runcit sayur-sayuran dan buah-buahan segar atau diawet"
"";"47810p";"47212";"Jualan runcit sayur-sayuran dan buah-buahan segar atau diawet"
"";"47213";"47213";"Jualan runcit produk tenusu dan telur"
"";"47810p";"47213";"Jualan runcit produk tenusu dan telur"
"";"47214";"47214";"Jualan runcit daging dan produk daging (unggas seperti ayam, itik, sebagainya)"
"";"47810p";"47214";"Jualan runcit daging dan produk daging (unggas seperti ayam, itik, sebagainya)"
"";"47215";"47215";"Jualan runcit ikan dan makanan laut lain dan lain-lain produk yang berkaitan"
"";"47810p";"47215";"Jualan runcit ikan dan makanan laut lain dan lain-lain produk yang berkaitan"
"";"47216";"47216";"Jualan runcit produk bakeri dan konfeksi"
"";"47810p";"47216";"Jualan runcit produk bakeri dan konfeksi"
"";"47217";"47217";"Jualan runcit mi, kuetiau, mihun, kulit wantan dan produk makanan lain yang dihasilkan daripada tepung atau soya"
"";"47810p";"47217";"Jualan runcit mi, kuetiau, mihun, kulit wantan dan produk makanan lain yang dihasilkan daripada tepung atau soya"
"";"47219";"47219";"Jualan runcit produk makanan lain t.t.t.l."
"";"47810p";"47219";"Jualan runcit produk makanan lain t.t.t.l."
"";"47221";"47221";"Jualan runcit bir, wain dan arak yang disuling (spirit)"
"";"47810p";"47221";"Jualan runcit bir, wain dan arak yang disuling (spirit)"
"";"47222";"47222";"Jualan runcit teh, kopi, minuman ringan, air mineral dan minuman lain"
"";"47810p";"47222";"Jualan runcit teh, kopi, minuman ringan, air mineral dan minuman lain"
"";"47230p";"47231";"Jualan runcit produk tembakau di kedai khusus"
"";"47810p";"47231";"Jualan runcit produk tembakau di kedai khusus"
"";"47230p";"47232";"Jualan runcit rokok elektronik dan cecair rokok elektronik"
"";"47810p";"47232";"Jualan runcit rokok elektronik dan cecair rokok elektronik"
"";"47300";"47300";"Jualan runcit bahan api kenderaan di kedai khusus"
"";"47411";"47401";"Jualan runcit komputer, peralatan dan kelengkapan komputer"
"";"47894p";"47401";"Jualan runcit komputer, peralatan dan kelengkapan komputer"
"";"47412";"47402";"Jualan runcit konsol permainan video dan perisian bukan ditempah khas"
"";"47894p";"47402";"Jualan runcit konsol permainan video dan perisian bukan ditempah khas"
"";"47413";"47403";"Jualan runcit peralatan telekomunikasi"
"";"47894p";"47403";"Jualan runcit peralatan telekomunikasi"
"";"47420";"47404";"Jualan runcit peralatan audio dan video in kedai khusus"
"";"47894p";"47404";"Jualan runcit peralatan audio dan video in kedai khusus"
"";"47510";"47510";"Jualan runcit tekstil"
"";"47820p";"47510";"Jualan runcit tekstil"
"";"47520p";"47521";"Jualan runcit bahan binaan, perkakasan, cat dan kaca"
"";"47520p";"47529";"Jualan runcit perkakasan, bahan binaan, cat dan kaca t.t.t.l."
"";"47531";"47531";"Jualan runcit karpet dan hamparan"
"";"47891";"47531";"Jualan runcit karpet dan hamparan"
"";"47532";"47532";"Jualan runcit langsir dan langsir jaring"
"";"47533";"47533";"Jualan runcit kertas dinding dan alas lantai"
"";"47591";"47591";"Jualan runcit perabot isi rumah"
"";"47592";"47592";"Jualan runcit peralatan lampu"
"";"47593";"47593";"Jualan runcit perkakas isi rumah, perkakas dapur dan kutleri, pinggan mangkuk, barangan kaca dan barangan tembikar"
"";"47594";"47594";"Jualan runcit kayu, barangan gabus dan barangan anyaman rotan"
"";"47595";"47595";"Jualan runcit perkakas isi rumah"
"";"47894p";"47595";"Jualan runcit perkakas isi rumah"
"";"47596";"47596";"Jualan runcit peralatan muzik dan skor"
"";"47597";"47597";"Jualan runcit sistem keselamatan"
"";"47598";"47599";"Jualan runcit barangan dan peralatan isi rumah t.t.t.l."
"";"47611";"47611";"Jualan runcit bekalan dan peralatan pejabat"
"";"47612";"47612";"Jualan runcit buku, surat khabar dan alat tulis"
"";"47892";"47612";"Jualan runcit buku, surat khabar dan alat tulis"
"";"47631p";"47621";"Jualan runcit barangan dan peralatan sukan"
"";"47632";"47622";"Jualan runcit peralatan memancing"
"";"47633";"47623";"Jualan runcit barangan berkhemah"
"";"47634";"47624";"Jualan runcit bot dan peralatannya"
"";"47635";"47625";"Jualan runcit basikal, e-basikal dan alat ganti serta aksesori berkaitan"
"";"47631p";"47626";"Jualan runcit pakaian dan kasut sukan khas"
"";"47711p";"47626";"Jualan runcit pakaian dan kasut sukan khas"
"";"47712p";"47626";"Jualan runcit pakaian dan kasut sukan khas"
"";"47820p";"47626";"Jualan runcit pakaian dan kasut sukan khas"
"";"47640p";"47631";"Jualan runcit permainan dan barang mainan, diperbuat dari pelbagai bahan"
"";"47893";"47631";"Jualan runcit permainan dan barang mainan, diperbuat dari pelbagai bahan"
"";"47640p";"47632";"Jualan runcit dron mainan"
"";"47739p";"47691";"Jualan runcit aksesori perkahwinan"
"";"47620";"47692";"Jualan runcit rekod muzik, pita audio, cakera padat (CD), kaset, pita video, cakera VCD dan DVD, serta pita dan cakera kosong"
"";"47895";"47692";"Jualan runcit rekod muzik, pita audio, cakera padat (CD), kaset, pita video, cakera VCD dan DVD, serta pita dan cakera kosong"
"";"47739p";"47693";"Jualan runcit barangan filateli (setem), numismatik (duit syiling), dan barangan koleksi"
"";"47739p";"47694";"Jualan runcit bekalan seni"
"";"47739p";"47695";"Jualan runcit dron"
"";"47999";"47699";"Jualan runcit barangan kebudayaan dan rekreasi t.t.t.l."
"";"47711p";"47711";"Jualan runcit pakaian, artikel bagi bulu binatang dan aksesori pakaian"
"";"47820p";"47711";"Jualan runcit pakaian, artikel bagi bulu binatang dan aksesori pakaian"
"";"47712p";"47712";"Jualan runcit kasut"
"";"47820p";"47712";"Jualan runcit kasut"
"";"47713p";"47713";"Jualan runcit barangan kulit, aksesori kulit serta gantian kulit"
"";"47711p";"47714";"Jualan runcit pakaian dan aksesori bayi"
"";"47712p";"47714";"Jualan runcit pakaian dan aksesori bayi"
"";"47739p";"47714";"Jualan runcit pakaian dan aksesori bayi"
"";"47820p";"47714";"Jualan runcit pakaian dan aksesori bayi"
"";"47711p";"47719";"Jualan runcit pakaian, kasut dan artikel kulit t.t.t.l."
"";"47712p";"47719";"Jualan runcit pakaian, kasut dan artikel kulit t.t.t.l."
"";"47713p";"47719";"Jualan runcit pakaian, kasut dan artikel kulit t.t.t.l."
"";"47820p";"47719";"Jualan runcit pakaian, kasut dan artikel kulit t.t.t.l."
"";"47721";"47721";"Jualan runcit di kedai khusus yang menjual barang farmaseutikal/farmasi, perubatan dan ortopedik"
"";"47722";"47722";"Jualan runcit di kedai khusus yang menjual pewangi, kosmetik dan kelengkapan dandanan diri"
"";"47731";"47731";"Jualan runcit peralatan fotografi dan kepersisan"
"";"47732";"47732";"Jualan runcit jam tangan, jam dinding"
"";"47733";"47733";"Jualan runcit barang kemas"
"";"47734";"47734";"Jualan runcit bunga, tumbuhan, biji benih dan baja"
"";"47735";"47735";"Jualan runcit cenderahati, kraftangan dan barang keagamaan [seperti kedai sembayang cina dan sebagainya]"
"";"47736";"47736";"Jualan runcit minyak tanah, gas memasak, batu arang dan kayu api"
"";"47737";"47737";"Jualan runcit cermin mata dan barang optik lain"
"";"47738";"47738";"Jualan runcit ikan akuarium, haiwan peliharaan dan makanannya"
"";"47739p";"47739";"Jualan runcit di kedai khusus yang menjual barang baru lain t.t.t.l."
"";"47741";"47741";"Jualan runcit buku terpakai"
"";"47742";"47742";"Jualan runcit barang elektrik dan elektronik terpakai"
"";"47743";"47743";"Jualan runcit barang antik"
"";"47744";"47744";"Aktiviti perantara dalam jualan runcit bagi barangan terpakai"
"";"47749p";"47745";"Jualan runcit pakaian terpakai"
"";"47749p";"47746";"Jualan runcit mainan terpakai"
"";"47749p";"47749";"Jualan runcit barangan terpakai t.t.t.l."
"";"47912";"47901";"Jualan runcit sebarang jenis produk melalui internet"
"";"47913";"47902";"Jualan langsung melalui televisyen, radio dan telefon"
"";"47914";"47903";"Jualan runcit lelongan melalui internet"
"";"47911";"47909";"Aktiviti perkhidmatan perantaraan untuk jualan runcit t.t.t.l."
"";"47991";"47909";"Aktiviti perkhidmatan perantaraan untuk jualan runcit t.t.t.l."
"";"49110";"49110";"Pengangkutan penumpang antara bandar melalui laluan rel"
"";"49120";"49120";"Pengangkutan muatan antara bandar, pinggir bandar dan bandar melalui laluan rel"
"";"49211";"49211";"Perkhidmatan bas bandaraya"
"";"49212";"49212";"Perkhidmatan pengangkutan rel penumpang bandar dan pinggir bandar"
"";"49221";"49221";"Perkhidmatan bas ekspres"
"";"49222";"49222";"Perkhidmatan bas pekerja"
"";"49223";"49223";"Perkhidmatan bas sekolah"
"";"49224";"49224";"Perkhidmatan operasi teksi dan limosin"
"";"49225";"49225";"Sewa kereta dengan pemandu"
"";"49229";"49229";"Pengangkutan darat penumpang lain t.t.t.l."
"";"49230";"49230";"Pengangkutan muatan melalui jalan raya"
"";"49300";"49300";"Pengangkutan melalui saluran paip"
"";"50111";"50111";"Operasi rombongan, cruise atau bot persiaran"
"";"50112";"50112";"Operasi feri, teksi air"
"";"50113";"50113";"Sewaan bot santai dengan krew bagi pengangkutan laut dan pesisir pantai"
"";"50121";"50121";"Pengangkutan muatan laut dan pesisir pantai, berjadual atau tidak berjadual"
"";"50122";"50122";"Pengangkutan tunda atau tolak tongkang, pelantar minyak"
"";"50211";"50211";"Pengangkutan penumpang melalui sungai, terusan, tasik dan laluan air pedalaman lain"
"";"50212";"50212";"Sewaan bot santai dengan krew bagi pengangkutan air pedalaman"
"";"50220";"50220";"Pengangkutan muatan melalui sungai, terusan, tasik dan laluan air pedalaman lain"
"";"51101";"51101";"Pengangkutan penumpang melalui udara mengikut laluan dan jadual biasa"
"";"51102p";"51102";"Pengangkutan penumpang tidak berjadual"
"";"51103p";"51103";"Penyewaan peralatan pengangkutan dengan operator untuk tujuan pengangkutan penumpang"
"";"51102p";"51104";"Pengangkutan penumpang melalui Sistem Kawalan Udara Tanpa Pemandu (UAS-Dron)"
"";"51103p";"51104";"Pengangkutan penumpang melalui Sistem Kawalan Udara Tanpa Pemandu (UAS-Dron)"
"";"51201";"51201";"Pengangkutan muatan udara mengikut laluan dan berjadual biasa"
"";"51202p";"51202";"Pengangkutan muatan udara tidak berjadual"
"";"51203p";"51203";"Penyewaan peralatan pengangkutan udara dengan operator untuk tujuan pengangkutan muatan"
"";"51202p";"51204";"Pengangkutan muatan melalui Sistem Kawalan Udara Tanpa Pemandu (UAS-Dron)"
"";"51203p";"51205";"Penyewaan peralatan pengangkutan udara melalui Sistem Kawalan Udara Tanpa Pemandu (UAS-Dron)"
"";"52100";"52100";"Perkhidmatan penggudangan dan penyimpanan"
"";"52211";"52211";"Operasi kemudahan terminal pengangkutan darat"
"";"52212";"52212";"Perkhidmatan tunda dan bantuan tepi jalan"
"";"52213";"52213";"Operasi kemudahan meletak kenderaan bermotor (medan letak kenderaan / parkir)"
"";"52214";"52214";"Perkhidmatan operasi lebuh raya, jambatan dan terowong"
"";"52219";"52219";"Aktiviiti perkhidmatan lain berkaitan pengangkutan darat t.t.t.l."
"";"52221";"52221";"Operasi perkhidmatan pelabuhan dan limbungan"
"";"52222";"52222";"Perkhidmatan penyelamat dan pengapungan semula kapal"
"";"52229";"52229";"Aktiviti perkhidmatan lain berkaitan pengangkutan air t.t.t.l."
"";"52231";"52231";"Operasi kemudahan terminal pengangkutan udara"
"";"52232";"52232";"Lapangan terbang dan aktiviti kawalan trafik udara"
"";"52233";"52233";"Aktiviti perkhidmatan asas di padang terbang"
"";"52234";"52234";"Aktiviti perkhidmatan pemadaman dan pencegahan kebakaran di lapangan terbang"
"";"52239";"52239";"Aktiviti perkhidmatan lain berkaitan pengangkutan udara t.t.t.l."
"";"52241";"52241";"Perkhidmatan pemunggahan"
"";"52249";"52249";"Aktiviti pengendalian kargo lain t.t.t.l."
"";"52291";"52291";"Penghantaran muatan"
"";"52299";"52299";"Aktiviti sokongan pengangkutan lain t.t.t.l."
"";"52292";"52310";"Aktiviti perkhidmatan perantaraan untuk pengangkutan muatan"
"";"00000";"52320";"Aktiviti perkhidmatan perantaraan untuk pengangkutan penumpang"
"";"53100";"53100";"Perkhidmatan pos nasional"
"";"53200";"53200";"Aktiviti kurier selain daripada aktiviti pos nasional"
"";"00000";"53300";"Aktiviti perkhidmatan perantaraan untuk aktiviti pos dan kurier"
"";"55101";"55101";"Hotel dan hotel resort"
"";"55102";"55102";"Motel dan hotel bajet"
"";"55103p";"55103";"Hotel Apartmen"
"";"55104";"55104";"Chalet"
"";"55105";"55105";"Rumah rehat/rumah tetamu"
"";"55106p";"55106";"Homestay"
"";"55108";"55106";"Homestay"
"";"55103p";"55201";"Rumah percutian dan apartmen"
"";"55106p";"55202";"Aktiviti penginapan jangka pendek lain t.t.t.l."
"";"55107";"55202";"Aktiviti penginapan jangka pendek lain t.t.t.l."
"";"55109p";"55202";"Aktiviti penginapan jangka pendek lain t.t.t.l."
"";"55200p";"55301";"Tapak perkhemahan, taman kenderaan rekreasi dan taman treler"
"";"55200p";"55302";"Glamping"
"";"00000";"55400";"Aktiviti perkhidmatan perantaraan untuk penginapan"
"";"55900";"55900";"Penginapan lain"
"";"56101";"56101";"Restoran/kedai makan"
"";"56102";"56102";"Kafeteria/kantin"
"";"56103";"56103";"Restoran makanan segera"
"";"56104";"56104";"Vendor bergerak"
"";"56105";"56104";"Vendor bergerak"
"";"56106";"56105";"Gerai/penjaja makanan"
"";"56107";"56105";"Gerai/penjaja makanan"
"";"56210";"56210";"Katering makanan"
"";"56290";"56290";"Aktiviti perkhidmatan makanan lain"
"";"56301";"56301";"Pub, bar, disko, coffee house, ruang koktel dan karaoke"
"";"56302";"56302";"Kedai kopi"
"";"56303";"56303";"Gerai/penjaja minuman"
"";"56304";"56304";"Perkhidmatan minuman bergerak"
"";"56309";"56309";"Tempat minuman lain t.t.t.l."
"";"00000";"56400";"Aktiviti perkhidmatan perantaraan untuk perkhidmatan makanan dan minuman"
"";"58110p";"58110";"Penerbitan buku"
"";"58130p";"58120";"Penerbitan surat khabar"
"";"58130p";"58130";"Penerbitan jurnal, majalah dan terbitan berkala"
"";"58110p";"58190";"Aktiviti penerbitan lain dan bahan bercetak lain t.t.t.l."
"";"58120";"58190";"Aktiviti penerbitan lain dan bahan bercetak lain t.t.t.l."
"";"58190";"58190";"Aktiviti penerbitan lain dan bahan bercetak lain t.t.t.l."
"";"58202";"58211";"Penerbitan permainan video"
"";"00000";"58212";"Aktiviti perkhidmatan perantaraan untuk penerbitan perisian permainan video"
"";"58201";"58291";"Aplikasi perniagaan dan aplikasi lain"
"";"58203";"58292";"Sistem operasi"
"";"59110";"59110";"Aktiviti pengeluaran wayang gambar, video dan program televisyen"
"";"59120";"59120";"Aktiviti pasca produksi wayang gambar, video dan program televisyen"
"";"59130";"59130";"Aktiviti pengedaran wayang gambar, video rakaman dan program televisyen"
"";"59140";"59140";"Aktiviti penayangan wayang gambar"
"";"59200";"59200";"Aktiviti rakaman bunyi dan penerbitan muzik"
"";"60100";"60100";"Aktiviti penyiaran radio dan pengedaran audio"
"";"60200";"60200";"Aktiviti pemprograman, penyiaran dan pengedaran video televisyen"
"";"63910";"60310";"Aktiviti agensi dan sindiket berita"
"";"00000";"60391";"Aktiviti pencipta kandungan video dalam talian"
"";"00000";"60399";"Laman rangkaian sosial dan aktiviti pengedaran kandungan lain"
"";"61101";"61101";"Perkhidmatan telekomunikasi berwayar dan penyedia akses internet oleh pengendali infrastruktur berwayar"
"";"61102";"61101";"Perkhidmatan telekomunikasi berwayar dan penyedia akses internet oleh pengendali infrastruktur berwayar"
"";"61201";"61102";"Perkhidmatan telekomunikasi tanpa wayar dan penyedia akses internet oleh pengendali infrastruktur tanpa wayar"
"";"61202";"61102";"Perkhidmatan telekomunikasi tanpa wayar dan penyedia akses internet oleh pengendali infrastruktur tanpa wayar"
"";"61300";"61103";"Perkhidmatan telekomunikasi satelit"
"";"61903";"61201";"Penjualan semula perkhidmatan telekomunikasi berwayar, tanpa wayar dan satelit"
"";"00000";"61202";"Perkhidmatan perantaraan bagi aktiviti telekomunikasi berwayar, tanpa wayar dan satelit"
"";"61901";"61203";"Penyediaan akses internet melalui rangkaian di antara pelanggan dan Penyedia Perkhidmatan Internet (ISP) yang bukan dimiliki atau dikawal oleh ISP"
"";"61902";"61901";"Penyediaan perkhidmatan telekomunikasi melalui sambungan telekom sedia ada"
"";"61904";"61902";"Penyediaan perkhidmatan telekomunikasi melalui sambungan telekom VOIP (Voice Over Internet Protocol) sedia ada"
"";"61905";"61903";"Penyediaan aplikasi telekomunikasi yang khusus"
"";"61909";"61909";"Aktiviti telekomunikasi lain t.t.t.l."
"";"62010p";"62110";"Pembangunan permainan video, perisian permainan video dan peralatan perisian permainan video"
"";"62010p";"62191";"Aktiviti pengaturcaraan perisian dan aplikasi"
"";"62010p";"62199";"Aktiviti pengaturcaraan komputer lain t.t.t.l."
"";"62021";"62201";"Perundingan komputer"
"";"62022";"62202";"Aktiviti pengurusan kemudahan komputer"
"";"62091";"62901";"Sistem keselamatan Teknologi Maklumat dan komunikasi (ICT) lain"
"";"62099";"62909";"Aktiviti perkhidmatan teknologi maklumat dan komputer lain t.t.t.l."
"";"63111p";"63101";"Aktiviti penyediaan infrastruktur untuk pengehosan (hosting), perkhidmatan prosesan data dan aktiviti berkaitan"
"";"63112p";"63102";"Aktiviti pemprosesan data"
"";"63111p";"63103";"Aktiviti pusat data"
"";"63112p";"63103";"Aktiviti pusat data"
"";"63990p";"63103";"Aktiviti pusat data"
"";"63120";"63901";"Portal carian web"
"";"63990p";"63909";"Aktiviti perkhidmatan maklumat lain t.t.t.l."
"";"64110";"64110";"Perbankan pusat"
"";"64191";"64191";"Bank Perdagangan"
"";"64192";"64192";"Bank Islam"
"";"64193";"64193";"Bank Luar Pesisir Pantai"
"";"64194";"64194";"Bank Pelaburan"
"";"64195";"64195";"Institusi Pembangunan Kewangan (dengan fungsi pengambilan deposit)"
"";"64199";"64199";"Perantaraan kewangan lain (dengan fungsi pengambilan deposit) t.t.t.l."
"";"64200p";"64210";"Aktiviti syarikat pemegang"
"";"64200p";"64220";"Aktiviti saluran pembiayaan"
"";"64309p";"64310";"Aktiviti dana pelaburan pasaran wang"
"";"64309p";"64320";"Aktiviti dana pelaburan bukan pasaran wang"
"";"64301";"64331";"Syarikat modal usahasama"
"";"64302";"64332";"Unit tabung amanah tidak termasuk REITs"
"";"64303";"64333";"Harta unit amanah (REITs)"
"";"64304";"64334";"Pengurusan akaun amanah lain"
"";"64309p";"64339";"Entiti amanah, tabung dan kewangan seumpamanya t.t.t.l."
"";"64910";"64910";"Aktiviti pajakan kewangan"
"";"64929p";"64920";"Aktiviti pembiayaan perdagangan antarabangsa"
"";"64991";"64930";"Aktiviti pemfaktoran"
"";"64929p";"64940";"Aktiviti pensekuritian"
"";"64921";"64951";"Institusi pembangunan kewangan (tanpa fungsi pengambilan deposit)"
"";"64922";"64952";"Perkhidmatan kad kredit"
"";"64923";"64953";"Aktiviti peminjaman wang berlesen"
"";"64924";"64954";"Kedai pajak gadai dan tukang pajak"
"";"64925";"64955";"Koperasi dengan fungsi kredit"
"";"64929p";"64959";"Pemberian kredit lain t.t.t.l."
"";"64992";"64991";"Wakil pejabat bank asing"
"";"64993";"64992";"Syarikat nomini"
"";"64999p";"64993";"Bursa aset digital (aset kripto)"
"";"64999p";"64999";"Aktiviti perkhidmatan kewangan lain, kecuali insurans/takaful dan tabungan pencen, t.t.t.l."
"";"65111";"65111";"Insurans hayat"
"";"65112";"65112";"Takaful keluarga"
"";"65121";"65121";"Insurans am"
"";"65122";"65122";"Takaful am"
"";"65123";"65123";"Insurans komposit"
"";"65124";"65124";"Insurans luar pesisir pantai"
"";"65125";"65125";"Takaful luar pesisir pantai"
"";"65201";"65201";"Insurans semula hayat"
"";"65202";"65202";"Takaful semula keluarga"
"";"65203";"65203";"Insurans semula am"
"";"65204";"65204";"Takaful semula am"
"";"65205";"65205";"Takaful semula komposit"
"";"65206";"65206";"Insurans semula luar pesisir pantai"
"";"65207";"65207";"Takaful semula luar pesisir pantai"
"";"65301";"65301";"Tabungan pencen"
"";"65302";"65302";"Tabungan hemat"
"";"66111";"66111";"Bursa saham"
"";"66112";"66112";"Bursa untuk kontrak komoditi"
"";"66113";"66113";"Bursa sekuriti"
"";"66114";"66114";"Bursa kontrak komoditi masa hadapan"
"";"66119";"66119";"Pentadbiran pasaran kewangan t.t.t.l."
"";"66121";"66121";"Broker stok, saham dan bon"
"";"66122";"66122";"Broker dan peniaga komoditi"
"";"66123";"66123";"Peniaga jongkong emas"
"";"66124";"66124";"Broker dan peniaga tukaran wang asing (Bureaux de change)"
"";"66125";"66125";"Perkhidmatan pengurup wang"
"";"66129";"66129";"Broker dan peniaga kewangan dan komoditi masa hadapan lain"
"";"66191";"66191";"Perkhidmatan penasihat pelaburan"
"";"66192";"66192";"Perkhidmatan perundingan kewangan"
"";"66199p";"66193";"Aktiviti perkhidmatan pemprosesan transaksi/pembayaran (pembayaran dalam talian)"
"";"66199p";"66199";"Aktiviti sokongan kepada kewangan t.t.t.l."
"";"66211";"66211";"Perkhidmatan penyesuaian insurans"
"";"66212";"66212";"Perkhidmatan penyesuaian takaful"
"";"66221";"66221";"Ejen insurans"
"";"66222";"66222";"Ejen takaful"
"";"66223";"66223";"Broker insurans"
"";"66224";"66224";"Broker takaful"
"";"66290";"66290";"Aktiviti sokongan kepada insurans/takaful dan tabungan pencen lain"
"";"66301";"66301";"Pengurusan tabung pencen"
"";"66302";"66302";"Pengurusan aset/portfolio"
"";"66303";"66303";"Syarikat pengurusan unit amanah"
"";"68101";"68101";"Pembelian, penjualan, penyewaan dan pengendalian bagi hartanah milikan sendiri atau pajakan  bangunan kediaman"
"";"68102";"68102";"Pembelian, penjualan, penyewaan dan pengendalian bagi hartanah milikan sendiri atau pajakan  bangunan bukan kediaman"
"";"68103";"68103";"Pembelian, penjualan, penyewaan dan pengendalian bagi hartanah milikan sendiri atau pajakan  tanah"
"";"68104";"68104";"Pembangunan bagi projek yang dibina untuk operasi sendiri"
"";"68109";"68109";"Aktiviti hartanah bagi harta milikan sendiri atau pajakan t.t.t.l."
"";"68201";"68210";"Aktiviti perkhidmatan perantaraan untuk hartanah"
"";"68202";"68291";"Pengurusan hartanah"
"";"68203";"68292";"Perkhidmatan penilaian hartanah"
"";"68209";"68299";"Aktiviti hartanah atas dasar bayaran atau kontrak t.t.t.l."
"";"69100";"69100";"Aktiviti guaman"
"";"69200p";"69201";"Aktiviti perakaunan, simpan kira| perundingan percukaian"
"";"69200p";"69202";"Perkhidmatan audit"
"";"70100";"70100";"Aktiviti ibu pejabat"
"";"70201";"70201";"Perkhidmatan perundingan pengurusan perniagaan"
"";"70202";"70202";"Perkhidmatan perundingan sumber manusia"
"";"70209p";"70203";"Aktiviti perundingan berkaitan penggunaan Sistem Kawalan Udara Tanpa Pemandu (UAS-Dron)"
"";"70209p";"70204";"Perkhidmatan perundingan kesihatan dan keselamatan pekerjaan"
"";"70209p";"70209";"Aktiviti perundingan pengurusan lain t.t.t.l."
"";"71101";"71101";"Perkhidmatan arkitek"
"";"71102";"71102";"Perkhidmatan kejuruteraan"
"";"71103";"71103";"Perkhidmatan juruukur tanah"
"";"71109";"71109";"Aktiviti arkitek dan kejuruteraan lain dan perundingan teknikal berkaitan t.t.t.l."
"";"71200";"71200";"Ujian teknikal dan analisis"
"";"72101";"72101";"Penyelidikan dan pembangunan sains semula jadi"
"";"72102";"72102";"Penyelidikan dan pembangunan kejuruteraan dan teknologi"
"";"72103";"72103";"Penyelidikan dan pembangunan sains perubatan, sains kesihatan dan hayat, serta sains veterinar"
"";"72104";"72104";"Penyelidikan dan pembangunan bioteknologi"
"";"72105";"72105";"Penyelidikan dan pembangunan pertanian, perhutanan dan perikanan"
"";"72106";"72106";"Penyelidikan dan pembangunan teknologi maklumat dan komunikasi (ICT)"
"";"72109";"72109";"Penyelidikan dan pembangunan sains semula jadi dan kejuruteraan lain t.t.t.l."
"";"72201";"72201";"Penyelidikan dan pembangunan sains sosial"
"";"72202";"72202";"Penyelidikan dan pembangunan kemanusiaan"
"";"72209";"72209";"Penyelidikan dan pembangunan sosial sains dan kemanusiaan lain, t.t.t.l."
"";"73100";"73100";"Aktiviti pengiklanan"
"";"73200";"73200";"Penyelidikan pasaran dan tinjauan pendapat umum"
"";"70203";"73300";"Aktiviti perhubungan awam"
"";"74101";"74101";"Aktiviti hiasan dalaman"
"";"74102";"74102";"Aktiviti pereka grafik"
"";"74103";"74103";"Aktiviti rekaan fesyen"
"";"74109";"74109";"Aktiviti reka bentuk khusus t.t.t.l."
"";"74200";"74200";"Aktiviti fotografi"
"";"74901";"74300";"Aktiviti penterjemahan dan pentafsiran"
"";"74909p";"74910";"Aktiviti pembrokeran dan pemasaran paten"
"";"74902";"74991";"Aktiviti broker perniagaan"
"";"74903";"74992";"Perunding keselamatan"
"";"74904";"74993";"Aktiviti juruukur bahan"
"";"74905";"74994";"Aktiviti perunding selain daripada perunding arkitek, kejuruteraan dan pengurusan"
"";"74909p";"74999";"Aktiviti professional, saintifik dan teknikal lain t.t.t.l."
"";"75000";"75000";"Aktiviti veterinar(doktor haiwan)"
"";"77101p";"77101";"Penyewaan dan pemajakan operasi kereta penumpang (tanpa pemandu)"
"";"77102p";"77102";"Penyewaan dan pemajakan operasi trak, karavan bermotor, treler pelbagai guna dan kenderaan rekreasi (tanpa pemandu)"
"";"77101p";"77103";"Penyewaan dan pemajakan operasi motosikal (tanpa pemandu)"
"";"77102p";"77103";"Penyewaan dan pemajakan operasi motosikal (tanpa pemandu)"
"";"77211";"77211";"Penyewaan dan pemajakan bot rekreasi, kanu, bot layar dan kapal layar mewah tanpa operator"
"";"77212";"77212";"Penyewaan dan pemajakan basikal"
"";"77213";"77213";"Penyewaan dan pemajakan kerusi pantai dan payung"
"";"77219";"77219";"Penyewaan dan pemajakan peralatan rekreasi dan kelengkapan sukan lain t.t.t.l."
"";"77291";"77291";"Penyewaan dan pemajakan barang tekstil, pakaian dan kasut"
"";"77292";"77292";"Penyewaan dan pemajakan barang perabot, tembikar dan kaca, perkakas dapur, peralatan makan, barang elektrik dan peralatan rumah"
"";"77293";"77293";"Penyewaan dan pemajak barang kemas, peralatan muzik, hiasan latar dan kostum"
"";"77294";"77294";"Penyewaan dan pemajakan buku, jurnal dan majalah"
"";"77295";"77295";"Penyewaan dan pemajakan mesin dan kelengkapan yang digunakan oleh amatur"
"";"77297";"77295";"Penyewaan dan pemajakan mesin dan kelengkapan yang digunakan oleh amatur"
"";"77296";"77296";"Penyewaan pokok dan bunga"
"";"77299p";"77297";"Penyewaan kanopi dan gazebo/pondok wakaf"
"";"77220";"77298";"Penyewaan permainan video, cakera video, rekod"
"";"77299p";"77298";"Penyewaan permainan video, cakera video, rekod"
"";"77299p";"77299";"Penyewaan dan pemajakan barangan persendirian dan isi rumah lain t.t.t.l."
"";"77301";"77301";"Penyewaan dan pemajakan operasi, tanpa operator, untuk mesin dan kelengkapan lain yang biasanya digunakan sebagai barang modal oleh industri"
"";"77302";"77302";"Penyewaan dan pemajakan operasi kelengkapan pengangkutan darat (selain daripada kenderaan bermotor) tanpa pemandu"
"";"77303";"77303";"Penyewaan dan pemajakan operasi kelengkapan pengangkutan air tanpa pengendali"
"";"77304";"77304";"Penyewaan dan pemajakan operasi kelengkapan pengangkutan udara tanpa pengendali"
"";"77305";"77305";"Penyewaan dan pemajakan operasi jentera dan kelengkapan pertanian dan perhutanan tanpa pengendali"
"";"77306";"77306";"Penyewaan dan pemajakan operasi jentera dan kelengkapan pembinaan dan kejuruteraan awam tanpa pengendali"
"";"77307";"77307";"Penyewaan dan pemajakan operasi jentera dan kelengkapan pejabat tanpa pengendali"
"";"77309";"77309";"Penyewaan dan pemajakan bagi jentera, kelengkapan dan barangan ketara t.t.t.l."
"";"77400";"77400";"Pemajakan harta intelektual dan produk seumpamanya, kecuali karya berhak cipta"
"";"00000";"77510";"Aktiviti perkhidmatan perantaraan untuk penyewaan dan pemajakan kereta, rumah motor, dan treler"
"";"00000";"77520";"Aktiviti perkhidmatan perantaraan untuk penyewaan dan pemajakan barangan ketara lain dan aset tidak ketara bukan kewangan"
"";"78100";"78100";"Aktiviti agensi penempatan pekerjaan"
"";"78200";"78201";"Aktiviti agensi pekerjaan sementara"
"";"78300";"78202";"Penyediaan sumber manusia untuk perniagaan pelanggan"
"";"79110";"79110";"Aktiviti agensi pengembaraan"
"";"79120";"79120";"Aktiviti operator pelancongan"
"";"79900";"79900";"Aktiviti lain yang berkaitan dengan pelancongan"
"";"80100";"80111";"Aktiviti keselamatan persendirian"
"";"80300";"80112";"Aktiviti penyiasatan dan detektif"
"";"80200";"80190";"Aktiviti keselamatan t.t.t.l."
"";"81100";"81100";"Aktiviti sokongan gabungan kemudahan"
"";"81210";"81210";"Pembersihan am bangunan"
"";"81291";"81291";"Pembersihan semua jenis bangunan"
"";"81292";"81292";"Perkhidmatan pembersihan dan penyelenggaraan kolam renang"
"";"81293";"81293";"Pembersihan mesin perindustrian"
"";"81294";"81294";"Pembersihan kereta api, bas, kapal terbang"
"";"81295";"81295";"Perkhidmatan pembersihan kawalan haiwan perosak yang tiada kaitan dengan pertanian"
"";"81296";"81296";"Aktiviti disinfeksi dan penghapusan"
"";"81297";"81297";"Pembersihan kapal tangki dan kenderaan tangki"
"";"81299";"81299";"Aktiviti pembersihan bangunan dan perindustrian lain, t.t.t.l."
"";"81300";"81300";"Aktiviti perkhidmatan landskap"
"";"82191";"82101";"Penyediaan dokumen, penyuntingan dan/atau membaca pruf"
"";"82192";"82102";"Menaip, word processing atau desktop publishing"
"";"82193";"82103";"Perkhidmatan sokongan kesetiausahaan"
"";"82194";"82104";"Transkripsi dokumen dan perkhidmatan kesetiausahaan lain"
"";"82195";"82105";"Penyediaan dan penyewaan peti surat dan perkhidmatan pos dan mel lain"
"";"82196";"82106";"Fotokopi, pendua, blueprint"
"";"82110";"82199";"Aktiviti pentadbiran dan sokongan pejabat t.t.t.l."
"";"82199";"82109";"Aktiviti pentadbiran dan sokongan pejabat t.t.t.l."
"";"82200";"82200";"Aktiviti pusat panggilan"
"";"82301";"82301";"Mengurus, mempromosi dan/atau mengendali acara"
"";"82302";"82302";"Mesyuarat, insentif, konvensyen, pameran (MICE)"
"";"00000";"82400";"Aktiviti perkhidmatan perantaraan untuk aktiviti perkhidmatan sokongan perniagaan t.t.t.l., kecuali perantaraan kewangan"
"";"82910";"82910";"Aktiviti agensi kutipan dan biro kredit"
"";"82920";"82920";"Aktiviti pembungkusan"
"";"82990";"82990";"Aktiviti perkhidmatan sokongan perniagaan lain t.t.t.l."
"";"84111";"84111";"Aktiviti perkhidmatan awam am (keseluruhan)"
"";"84112";"84112";"Aktiviti perkhidmatan sampingan untuk kerajaan secara keseluruhannya"
"";"84121";"84121";"Perkhidmatan pentadbiran pendidikan"
"";"84122";"84122";"Perkhidmatan pentadbiran penjagaan kesihatan"
"";"84123";"84123";"Perkhidmatan pentadbiran perumahan dan kerajaan tempatan"
"";"84124";"84124";"Perkhidmatan pentadbiran rekreasi, kebudayaan, kesenian dan sukan"
"";"84125";"84125";"Perkhidmatan pentadbiran hal ehwal agama"
"";"84126";"84126";"Perkhidmatan pentadbiran kebajikan"
"";"84129";"84129";"Perkhidmatan hal ehwal komuniti dan sosial lain"
"";"84139p";"84130";"Peraturan aktiviti yang menyediakan perkhidmatan alam sekitar"
"";"84131";"84141";"Hal ehwal perdagangan domestik dan antarabangsa"
"";"84132";"84142";"Hal ehwal pertanian dan pembangunan luar bandar"
"";"84133";"84143";"Hal ehwal perusahaan utama"
"";"84134";"84144";"Hal ehwal kerja awam"
"";"84135";"84145";"Hal ehwal pengangkutan"
"";"84136";"84146";"Hal ehwal tenaga, telekomunikasi dan pos"
"";"84137";"84147";"Hal ehwal pelancongan"
"";"84138";"84148";"Hal ehwal sumber manusia"
"";"84139p";"84149";"Peraturan dan sumbangan lain ke arah kecekapan operasi perniagaan t.t.t.l."
"";"84210";"84210";"Hal ehwal luar negeri"
"";"84220";"84220";"Aktiviti pertahanan"
"";"84231";"84231";"Perkhidmatan polis"
"";"84232";"84232";"Perkhidmatan penjara"
"";"84233";"84233";"Perkhidmatan imigresen"
"";"84234";"84234";"Perkhidmatan pendaftaran negara"
"";"84235";"84235";"Perkhidmatan badan kehakiman dan perundangan"
"";"84236";"84236";"Aktiviti pemadaman dan pencegahan kebakaran"
"";"84239";"84239";"Perkhidmatan berkaitan hal ehwal ketenteraman dan keselamatan awam lain"
"";"84300";"84300";"Aktiviti keselamatan sosial wajib"
"";"85101";"85101";"Pendidikan pra-sekolah (Awam)"
"";"85102";"85102";"Pendidikan pra-sekolah (Swasta)"
"";"85103";"85201";"Pendidikan rendah (Awam)"
"";"85104";"85202";"Pendidikan rendah (Swasta)"
"";"85211";"85311";"Pendidikan sekolah menengah am (Awam)"
"";"85212";"85312";"Pendidikan sekolah menengah am (Swasta)"
"";"85221p";"85321";"Pendidikan menengah vokasional (Awam)"
"";"85222p";"85322";"Pendidikan menengah vokasional (Swasta)"
"";"85221p";"85331";"Pendidikan lepasan menengah bukan tertiari (Awam)"
"";"85222p";"85332";"Pendidikan lepasan menengah bukan tertiari (Swasta)"
"";"85301";"85401";"Pendidikan kolej dan universiti (Awam)"
"";"85302";"85402";"Pendidikan kolej dan universiti (Swasta)"
"";"85411";"85511";"Pengajaran sukan"
"";"85412";"85512";"Pengajaran seni mempertahankan diri"
"";"85419";"85519";"Pendidikan sukan dan rekreasi lain yang t.t.t.l."
"";"85421";"85521";"Sekolah muzik dan tarian"
"";"85429";"85529";"Pendidikan kebudayaan lain yang t.t.t.l."
"";"85492";"85530";"Aktiviti sekolah memandu"
"";"85491";"85591";"Pusat tuisyen"
"";"85493";"85592";"Pengajaran agama"
"";"85494";"85593";"Latihan komputer"
"";"85499p";"85594";"Pengajaran bahasa dan pengajaran kemahiran perbualan"
"";"85499p";"85599";"Pendidikan lain t.t.t.l."
"";"00000";"85610";"Aktiviti perkhidmatan perantaraan untuk kursus dan tutor"
"";"85500";"85690";"Perkhidmatan sokongan pendidikan lain yang t.t.t.l."
"";"86101";"86101";"Aktiviti hospital"
"";"86102";"86102";"Perkhidmatan rumah bersalin"
"";"86201";"86201";"Perkhidmatan perubatan am(klinik dan sebagainya)"
"";"86202";"86202";"Perkhidmatan perubatan khas"
"";"86203";"86203";"Perkhidmatan berkaitan gigi"
"";"00000";"86910";"Aktiviti perkhidmatan perantaraan untuk perkhidmatan perubatan, pergigian dan kesihatan kemanusiaan yang lain"
"";"86901";"86991";"Pusat dialisis"
"";"86902";"86992";"Makmal perubatan"
"";"86903";"86993";"Perkhidmatan fisioterapi dan terapi pekerjaan"
"";"86904";"86994";"Aktiviti perubatan tradisional dan komplementari"
"";"86905";"86994";"Aktiviti perubatan tradisional dan komplementari"
"";"86906";"86995";"Perkhidmatan ambulans"
"";"86909";"86999";"Perkhidmatan kesihatan kemanusiaan lain t.t.t.l."
"";"87101";"87101";"Rumah untuk orang tua dengan perawatan"
"";"87102";"87102";"Rumah penjagaan"
"";"87103";"87103";"Paliatif atau hospis"
"";"87201";"87201";"Pusat pemulihan dadah"
"";"87209";"87209";"Aktiviti rumah penjagaan lain untuk penyakit mental t.t.t.l."
"";"87300p";"87301";"Aktiviti rumah penjagaan untuk individu yang lebih tua"
"";"87300p";"87302";"Aktiviti rumah penjagaan untuk individu dengan kecacatan fizikal"
"";"00000";"87910";"Aktiviti perkhidmatan pengantaraan untuk rumah penjagaan lain"
"";"87901";"87991";"Rumah anak yatim"
"";"87902";"87992";"Perkhidmatan rumah kebajikan"
"";"87909";"87999";"Aktiviti rumah penjagaan lain t.t.t.l."
"";"88101";"88101";"Aktiviti penjagaan harian untuk orang tua atau orang kurang upaya"
"";"88109";"88109";"Aktiviti kerja sosial lain tanpa penginapan untuk orang tua atau orang kurang upaya"
"";"88901";"88901";"Perkhidmatan kaunseling"
"";"88902";"88902";"Aktiviti penjagaan harian kanak-kanak"
"";"88909";"88909";"Aktiviti kerja sosial lain tanpa penginapan t.t.t.l."
"";"90004p";"90111";"Aktiviti penciptaan sastera"
"";"90005";"90111";"Aktiviti penciptaan sastera"
"";"90004p";"90112";"Aktiviti gubahan muzik"
"";"90003";"90121";"Aktiviti artis bebas"
"";"90009p";"90122";"Penciptaan seni visual dalam bentuk digital"
"";"90009p";"90123";"Penciptaan seni yang menggunakan pemasangan cahaya"
"";"90009p";"90130";"Aktiviti penciptaan seni lain"
"";"90001p";"90201";"Pementasan secara langsung"
"";"90001p";"90202";"Aktiviti pempengaruh media sosial (influencers) yang muncul dalam vlog"
"";"90009p";"90209";"Aktiviti seni persembahan t.t.t.l."
"";"90002";"90310";"Operasi kemudahan dan tapak seni"
"";"90007";"90390";"Aktiviti sokongan lain kepada penciptaan seni dan seni persembahan"
"";"90009p";"90390";"Aktiviti sokongan lain kepada penciptaan seni dan seni persembahan"
"";"91011";"91110";"Aktiviti perpustakaan"
"";"91012";"91120";"Aktiviti arkib"
"";"91021";"91210";"Aktiviti muzium dan koleksi"
"";"91022";"91220";"Aktiviti tapak bersejarah dan monumen"
"";"90006";"91300";"Pemeliharaan, pemulihan dan aktiviti sokongan lain bagi warisan budaya"
"";"90009p";"91300";"Pemeliharaan, pemulihan dan aktiviti sokongan lain bagi warisan budaya"
"";"91031";"91410";"Aktiviti taman botani dan taman zoologi"
"";"91032";"91420";"Aktiviti rizab semula jadi"
"";"92000";"92000";"Aktiviti perjudian dan pertaruhan"
"";"93111";"93111";"Arena sukan, gelanggang, trek dan padang stadium"
"";"93115";"93111";"Arena sukan, gelanggang, trek dan stadium"
"";"93112";"93112";"Litar perlumbaan untuk kenderaan bermotor"
"";"93113";"93113";"Taman ekuestrian"
"";"93114";"93114";"Kolam renang dan arena luncur ais"
"";"93119p";"93115";"Pusat snuker dan biliard"
"";"93116";"93116";"Padang golf"
"";"93117";"93117";"Pusat boling"
"";"93118";"93118";"Pusat kecergasan"
"";"93119p";"93119";"Operasi kemudahan sukan t.t.t.l."
"";"93120p";"93121";"Operasi kelab bola sepak"
"";"93120p";"93122";"Operasi kelab badminton"
"";"93120p";"93123";"Operasi kelab golf"
"";"93120p";"93124";"Operasi kelab e-sukan"
"";"93120p";"93129";"Aktiviti kelab sukan t.t.t.l."
"";"93191";"93191";"Aktiviti penerbit acara sukan, dengan atau tanpa kemudahan"
"";"93192";"93192";"Aktiviti liga sukan dan badan pengawal selia"
"";"93193";"93193";"Aktiviti berkaitan promosi acara sukan"
"";"93199p";"93194";"Aktiviti peserta e-sukan bekerja sendiri"
"";"93199p";"93195";"Operasi kawasan pemeliharaan bagi sukan memancing dan memburu"
"";"93199p";"93199";"Aktiviti sukan lain t.t.t.l."
"";"93210p";"93211";"Aktiviti taman hiburan dan taman tema"
"";"93210p";"93212";"Aktiviti taman tema air"
"";"93291";"93291";"Aktiviti taman rekreasi dan pantai"
"";"93292";"93292";"Operasi kemudahan pengangkutan rekreasi"
"";"93293";"93293";"Penyewaan peralatan rekreasi dan hiburan sebagai sebahagian daripada kemudahan rekreasi"
"";"93294";"93294";"Operasi pesta dan pertunjukan yang bersifat rekreasi"
"";"93295";"93295";"Operasi lantai tarian dan dewan tari-menari"
"";"93296";"93296";"Aktiviti penerbit atau usahawan acara langsung selain seni atau sukan, dengan atau tanpa kemudahan"
"";"93299p";"93297";"Pusat karaoke"
"";"93299p";"93298";"Operasi permainan slot syiling"
"";"93297";"93299";"Lain-lain aktiviti hiburan dan rekreasi t.t.t.l."
"";"93299p";"93299";"Lain-lain aktiviti hiburan dan rekreasi t.t.t.l."
"";"94110";"94110";"Aktiviti keahlian organisasi perniagaan dan majikan"
"";"94120";"94120";"Aktiviti keahlian organisasi profesional"
"";"94200";"94200";"Aktiviti kesatuan buruh"
"";"94910";"94910";"Aktiviti organisasi keagamaan"
"";"94920";"94920";"Aktiviti organisasi politik"
"";"94990";"94990";"Aktiviti keahlian organisasi lain t.t.t.l."
"";"95111p";"95101";"Pembaikan dan penyelenggaraan peralatan elektronik"
"";"95112";"95102";"Pembaikan dan penyelenggaraan terminal komputer"
"";"95113";"95103";"Pembaikan dan penyelenggaraan hand-held computers (PDAs)"
"";"95121";"95104";"Pembaikan dan penyelenggaraan telefon tanpa wayar"
"";"95122";"95105";"Pembaikan dan penyelenggaraan telefon selular"
"";"95123";"95106";"Pembaikan dan penyelenggaraan peralatan rangkaian telekomunikasi"
"";"95124";"95107";"Pembaikan dan penyelenggaraan TV komersial, kamera video dan mesin faks"
"";"95127";"95107";"Pembaikan dan penyelenggaraan TV komersial, kamera video dan mesin faks"
"";"95125";"95108";"Pembaikan dan penyelenggaraan transmisi komunikasi"
"";"95126";"95108";"Pembaikan dan penyelenggaraan transmisi komunikasi"
"";"95111p";"95109";"Pembaikan dan penyelenggaraan komputer dan peralatan komunikasi t.t.t.l."
"";"95211";"95211";"Pembaikan dan penyelenggaraan TV dan penerima radio"
"";"95212";"95212";"Pembaikan dan penyelenggaraan pemain audio dan video"
"";"95213";"95212";"Pembaikan dan penyelenggaraan pemain audio dan video"
"";"95299p";"95213";"Pembaikan dan penyelenggaraan peranti permainan video"
"";"95214";"95214";"Pembaikan dan penyelenggaraan kamera video bagi isi rumah dan peralatan fotografi"
"";"95299p";"95219";"Pembaikan dan penyelenggaraan peralatan elektronik pengguna t.t.t.l."
"";"95221";"95221";"Pembaikan dan penyelenggaraan kelengkapan isi rumah"
"";"95222";"95222";"Pembaikan dan penyelenggaraan peralatan rumah dan halaman"
"";"95230";"95230";"Pembaikan dan penyelenggaraan kelengkapan kasut dan barangan kulit"
"";"95240";"95240";"Pembaikan dan penyelenggaraan perabot dan kelengkapan rumah"
"";"95291";"95291";"Pembaikan dan penyelenggaraan basikal dan basikal elektrik"
"";"95292";"95292";"Pembaikan dan pemindaan pakaian"
"";"95293";"95293";"Pembaikan dan pemindaan barangan kemas"
"";"95294";"95294";"Pembaikan jam tangan, jam dan kelengkapannya"
"";"95295";"95295";"Pembaikan barangan sukan"
"";"95296";"95296";"Pembaikan peralatan muzikal"
"";"95299p";"95299";"Pembaikan barangan persendirian dan isi rumah t.t.t.l."
"";"00000";"95400";"Aktiviti perkhidmatan perantaraan untuk pembaikan dan penyelenggaraan komputer, barangan persendirian dan isi rumah"
"";"96011";"96101";"Pencucian dan cucian kering, menggosok serta menyeterika"
"";"96013";"96101";"Pencucian dan cucian kering, menggosok serta menyeterika"
"";"96012";"96102";"Mensyampu karpet dan permaidani, serta pengeringan dan cucian langsir"
"";"96014";"96103";"Perkhidmatan pembekalan lampin"
"";"96020p";"96210";"Aktiviti mendandan rambut dan gunting rambut"
"";"96020p";"96220";"Aktiviti penjagaan kecantikan dan rawatan kecantikan lain"
"";"96091";"96230";"Aktiviti spa harian, sauna dan mandian wap"
"";"96031";"96301";"Menyediakan jenazah untuk pengebumian atau pembakaran mayat serta perkhidmatan pengurusan dan pembalseman (pengawetan) mayat"
"";"96032";"96302";"Menyediakan perkhidmatan pengebumian atau pembakaran mayat"
"";"96033";"96303";"Penyewaan ruang yang dilengkapi di rumah pengebumian"
"";"96034";"96304";"Penyewaan atau penjualan kubur"
"";"96035";"96305";"Penyelenggaraan kubur dan makam"
"";"00000";"96400";"Aktiviti perkhidmatan pengantaraan untuk perkhidmatan persendirian"
"";"96092";"96901";"Aktiviti astrologikal dan kerohanian"
"";"96093";"96902";"Aktiviti sosial"
"";"96094";"96903";"Perkhidmatan jagaan haiwan"
"";"96095";"96904";"Organisasi genealogikal"
"";"96096";"96905";"Pengilat kasut, porter, valet memakir kereta"
"";"96097";"96906";"Operasi konsensi bagi perkhidmatan mesin duit syiling untuk kegunaan persendirian"
"";"96099p";"96907";"Aktiviti penganjur bagi acara persendirian"
"";"96099p";"96909";"Aktiviti perkhidmatan lain t.t.t.l."
"";"97000";"97000";"Aktiviti isi rumah sebagai majikan bagi personel domestik"
"";"98100";"98100";"Aktiviti mengeluarkan barangan yang tidak dapat dibezakan oleh isi rumah persendirian untuk kegunaan sendiri"
"";"98200";"98200";"Aktiviti menyediakan perkhidmatan yang tidak dapat dibezakan oleh isi rumah persendirian untuk kegunaan sendiri"
"";"99000";"99000";"Aktiviti badan dan pertubuhan luar wilayah"