"";"101";"01111";"0111101001";"Maize (corn), seed";"01121";"100510000"
"";"101";"01111";"0111102001";"Maize (corn), other";"01122";"100590000"
"";"101";"01111";"0111102002";"Sweet corn";"01122";"100590000"
"";"101";"01112";"0111201001";"French beans (kacang buncis), fresh";"01241";"70820100"
"";"101";"01112";"0111201002";"Long beans (kacang panjang), fresh";"01241";"70820200"
"";"101";"01112";"0111201003";"Four angled bean (kacang botol), fresh";"01241";"70820900"
"";"101";"01112";"0111201004";"Other beans, fresh";"01241";"70820900"
"";"101";"01112";"0111202001";"Peas, fresh";"01242";"70810000"
"";"101";"01112";"0111203001";"Other leguminous vegetables, fresh";"01249";"70890000"
"";"101";"01112";"0111204001";"Beans of the species vigna mungo, dry";"01701";"71331000"
"";"101";"01112";"0111204002";"Small red beans, dry";"01701";"71332000"
"";"101";"01112";"0111204003";"Kidney beans, dry";"01701";"71333000"
"";"101";"01112";"0111204004";"Other beans, dry";"01701";"71339000"
"";"101";"01112";"0111205001";"Broad beans and horse beans, dry";"01702";"71350000"
"";"101";"01112";"0111206001";"Chickpeas, dry";"01703";"71320000"
"";"101";"01112";"0111207001";"Lentils, dry";"01704";"71340000"
"";"101";"01112";"0111208001";"Peas (pisum sativum), dry";"01705";"71310000"
"";"101";"01112";"0111209001";"Dhall, dry";"01709";"71390900"
"";"101";"01112";"0111209002";"Other dried leguminous vegetables";"01709";"71390900"
"";"101";"01113";"0111301001";"Soya beans, seed for planting";"01411";"120100000"
"";"101";"01113";"0111302001";"Soya beans, other";"01412";"120100000"
"";"101";"01113";"0111303001";"Groundnuts in shell, seed for planting";"01421";"120210000"
"";"101";"01113";"0111304001";"Groundnuts in shell, other";"01422";"120210000"
"";"101";"01113";"0111305001";"Cotton seeds, seed for planting";"01431";"120720000"
"";"101";"01113";"0111306001";"Cotton seeds, other";"01432";"120720000"
"";"101";"01113";"0111307001";"Linseed";"01441";"120400000"
"";"101";"01113";"0111308001";"Mustard seeds";"01442";"120750000"
"";"101";"01113";"0111309001";"Rape or colza seeds";"01443";"120500000"
"";"101";"01113";"0111310001";"Sesame seeds";"01444";"120740000"
"";"101";"01113";"0111311001";"Sunflower seeds";"01445";"120600000"
"";"101";"01113";"0111312001";"Safflower seeds";"01446";"120760000"
"";"101";"01113";"0111313001";"Castor seeds";"01449";"120730000"
"";"101";"01113";"0111313002";"Poppy seeds";"01449";"120791000"
"";"101";"01113";"0111313003";"Shea nuts (karite nuts)";"01449";"120799900"
"";"101";"01113";"0111313004";"Illipe seeds (illipe nuts)";"01449";"120799900"
"";"101";"01113";"0111313005";"Pumpkin seeds";"01449";"120799900"
"";"101";"01113";"0111313006";"Melon seeds";"01449";"120799900"
"";"101";"01113";"0111313007";"Kapok seeds";"01449";"120799900"
"";"101";"01113";"0111313008";"Jatropha seeds";"01449";"120799900"
"";"101";"01113";"0111313009";"Other oil seeds";"01449";"120799900"
"";"101";"01119";"0111901001";"Wheat, seed (durum, meslin and others)";"01111";"100110000"
"";"101";"01119";"0111902001";"Durum wheat";"01112";"100110000"
"";"101";"01119";"0111902002";"Meslin";"01112";"100190100"
"";"101";"01119";"0111902003";"Other wheat and meslin";"01112";"100190900"
"";"101";"01119";"0111903001";"Sorghum, seed";"01141";"100700000"
"";"101";"01119";"0111904001";"Grain sorghum, other";"01142";"100700000"
"";"101";"01119";"0111905001";"Barley, seed";"01151";"100300000"
"";"101";"01119";"0111906001";"Barley, other";"01152";"100300000"
"";"101";"01119";"0111907001";"Rye, seed";"01161";"100200000"
"";"101";"01119";"0111908001";"Rye, other";"01162";"100200000"
"";"101";"01119";"0111909001";"Oats, seed";"01171";"100400000"
"";"101";"01119";"0111910001";"Oats, other";"01172";"100400000"
"";"101";"01119";"0111911001";"Millet, seed";"01181";"100820000"
"";"101";"01119";"0111912001";"Millet, other";"01182";"100820000"
"";"101";"01119";"0111913001";"Buckwheat";"01190";"100810000"
"";"101";"01119";"0111913002";"Canary seed";"01190";"100830000"
"";"101";"01119";"0111913003";"Other cereals";"01190";"100890000"
"";"101";"01120";"0112001001";"Rice, seed in the husk";"01131";"100610900"
"";"101";"01120";"0112002001";"Rice paddy, other (not husked)";"01132";"100610900"
"";"101";"01120";"0112002002";"Pulut (glutinous rice)";"01132";"100610100"
"";"101";"01120";"0112002003";"Other rice";"01132";"100610900"
"";"101";"01131";"0113101001";"Asparagus";"01211";"70920000"
"";"101";"01131";"0113102001";"Brussels sprouts";"01212";"70420000"
"";"101";"01131";"0113102002";"Round cabbages";"01212";"70490110"
"";"101";"01131";"0113102003";"Other cabbages";"01212";"70490190"
"";"101";"01131";"0113102004";"Kohlrabi, kale and similar edible brassicas";"01212";"70490900"
"";"101";"01131";"0113102005";"Chinese mustard (sawi hijau pahit)";"01212";"70490200"
"";"101";"01131";"0113102006";"Chinese white cabbage (sawi putih)";"01212";"70490190"
"";"101";"01131";"0113102007";"Leaf mustard (sawi bunga)";"01212";"70490190"
"";"101";"01131";"0113102008";"Dwarf white mustard (sawi pendek)";"01212";"70490190"
"";"101";"01131";"0113102009";"Sawi kerinting";"01212";"70490190"
"";"101";"01131";"0113102010";"Chinese Kale (Kailan)";"01212";"70490190"
"";"101";"01131";"0113103001";"Cauliflowers and headed broccoli";"01213";"70410000"
"";"101";"01131";"0113104001";"Cabbage lettuce (head lettuce)";"01214";"70511000"
"";"101";"01131";"0113104002";"Other lettuce";"01214";"70519000"
"";"101";"01131";"0113104003";"Witloof chicory (Cichorium intybus var.foliosum)";"01214";"70521000"
"";"101";"01131";"0113104004";"Other chicory";"01214";"70529000"
"";"101";"01131";"0113105001";"Spinach, New Zealand spinach and orache spinach (garden spinach)";"01215";"70970000"
"";"101";"01131";"0113105002";"Bayam (chinese spinach)";"01215";"70970000"
"";"101";"01131";"0113106001";"Glove artichokes";"01216";"70910000"
"";"101";"01131";"0113107001";"Kangkong (water spinach)";"01219";"70990900"
"";"101";"01131";"0113107002";"Cekur manis (Sweet shoot)";"01219";"70990900"
"";"101";"01131";"0113107003";"Maman (gynandropsis gynandra)";"01219";"70990900"
"";"101";"01131";"0113107004";"Selada air (water cress)";"01219";"70990900"
"";"101";"01131";"0113107005";"Other leafy or stem vegetables";"01219";"70990900"
"";"101";"01132";"0113201001";"Cucumbers and gherkins";"01232";"70700000"
"";"101";"01132";"0113202001";"Aubergines (egg-plants)";"01233";"70930000"
"";"101";"01132";"0113203001";"Tomatoes";"01234";"70200000"
"";"101";"01132";"0113204001";"Angled loofah (Petola)";"01235";"70200000"
"";"101";"01132";"0113204002";"Snake gourd (Petola ular)";"01235";"70200000"
"";"101";"01132";"0113204003";"Bitter gourd (Peria)";"01235";"70200000"
"";"101";"01132";"0113204004";"Bottle gourd (Labu air)";"01235";"70200000"
"";"101";"01132";"0113204005";"Pumpkin (Labu manis)";"01235";"70200000"
"";"101";"01132";"0113204006";"Wax gourd (Kundur)";"01235";"70200000"
"";"101";"01132";"0113205001";"Lady's fingers (kacang bendi)";"01239";"70990200"
"";"101";"01132";"0113205002";"Capers";"01239";"70990200"
"";"101";"01132";"0113205003";"Other fruit bearing vegetable, shelled or unshelled";"01239";"70990200"
"";"101";"01133";"0113301001";"Watermelons";"01221";"80711000"
"";"101";"01133";"0113302001";"Honeydew (tembikai susu)";"01229";"80719000"
"";"101";"01133";"0113302002";"Rock Melons";"01229";"80719000"
"";"101";"01133";"0113302003";"Other melons";"01229";"80719000"
"";"101";"01134";"0113401001";"Mushrooms";"01270";"70951000"
"";"101";"01134";"0113401002";"Truffles";"01270";"70952000"
"";"101";"01135";"0113501001";"Vegetable seeds";"01260";"120991000"
"";"101";"01136";"0113601001";"Celery, other than celeriac";"01290";"70940000"
"";"101";"01136";"0113601002";"Baby corn (putik jagung)";"01290";"70990100"
"";"101";"01136";"0113601003";"Bean shoots and sprouts";"01290";"70940000"
"";"101";"01136";"0113601004";"Soya bean sprouts";"01290";"70940000"
"";"101";"01136";"0113601005";"Chinese water chestnut (eleocharis dulcis)";"01290";"70940000"
"";"101";"01136";"0113601006";"Other vegetables";"01290";"70940000"
"";"101";"01137";"0113701001";"Sugar beet";"01801";"121291000"
"";"101";"01137";"0113702001";"Sugar beet seed";"01803";"120911000"
"";"101";"01138";"0113801001";"Kucai (chinese chives)";"01219";"70990900"
"";"101";"01138";"0113802001";"Carrots and turnips";"01251";"70610000"
"";"101";"01138";"0113803001";"Garlic";"01252";"70320000"
"";"101";"01138";"0113804001";"Onions and shallots";"01253";"70310000"
"";"101";"01138";"0113805001";"Leeks and other alliaceous vegetables";"01254";"70390000"
"";"101";"01138";"0113806001";"Salad beet root, salsify, celeriac, radishes and similar edible roots";"01259";"70690000"
"";"101";"01138";"0113806002";"Other root, bulb and tuberous vegetables, n.e.c.";"01259";"70690000"
"";"101";"01138";"0113807001";"Potato germinated";"01510";"70110000"
"";"101";"01138";"0113807002";"Potatoes";"01510";"70190000"
"";"101";"01138";"0113808001";"Sweet potatoes (keledek)";"01591";"71420000"
"";"101";"01138";"0113809001";"Ubi kayu, (Manioc/cassava/tapioca)";"01592";"71410100"
"";"101";"01138";"0113810001";"Yams";"01593";"71490900"
"";"101";"01138";"0113811001";"Other edible roots and tubers with high starch or inulin content, n.e.c.";"01599";"71490900"
"";"101";"01140";"0114001001";"Sugar cane";"01802";"121292000"
"";"101";"01150";"0115001001";"Tobacco leaves, fresh";"01970";"2401.1"
"";"101";"01160";"0116001001";"Cotton, whether or not ginned";"01921";"520100000"
"";"101";"01160";"0116002001";"Jute and other textile bast fibres, raw or retted";"01922";"530310000"
"";"101";"01160";"0116002002";"Kenaf";"01922";"530310000"
"";"101";"01160";"0116003001";"Sisal and other textile fibres of the genus Agave, raw";"01929";"530500000"
"";"101";"01160";"0116003002";"True hemp, raw or retted";"01929";"530210000"
"";"101";"01160";"0116003003";"Coconut coir, raw";"01929";"530500000"
"";"101";"01160";"0116003004";"Abaca, raw";"01929";"530500000"
"";"101";"01160";"0116003005";"Flax, raw or retted";"01929";"530500000"
"";"101";"01160";"0116003006";"Other vegetable textile fibres, raw or processed but not spun and their waste";"01929";"530500000"
"";"101";"01191";"0119101001";"Orchid, fresh";"01962";"60313000"
"";"101";"01191";"0119101002";"Rose, fresh";"01962";"60319000"
"";"101";"01191";"0119101003";"Aster, fresh";"01962";"60319000"
"";"101";"01191";"0119101004";"Chrysanthemum, fresh";"01962";"60319000"
"";"101";"01191";"0119101005";"Dahlia, fresh";"01962";"60319000"
"";"101";"01191";"0119101006";"Dianthus, fresh";"01962";"60319000"
"";"101";"01191";"0119101007";"Gerbera, fresh";"01962";"60319000"
"";"101";"01191";"0119101008";"Helianthus, fresh";"01962";"60319000"
"";"101";"01191";"0119101009";"Heliconia, fresh";"01962";"60319000"
"";"101";"01191";"0119101010";"Lilium, fresh";"01962";"60319000"
"";"101";"01191";"0119101011";"Anthurium, fresh";"01962";"60319000"
"";"101";"01191";"0119101012";"Other cut flowers and flower buds, fresh";"01962";"60319000"
"";"101";"01191";"0119101013";"Other cut flowers and flower buds, other than fresh";"01962";"60390000"
"";"101";"01192";"0119201001";"Seeds of herbaceous plants cultivated principally for their flowers";"01963";"120930000"
"";"101";"01193";"0119301001";"Sago pith, fresh or dried";"01190";"100890000"
"";"101";"01193";"0119301002";"Sago (rumbia) leaves";"01190";"100890000"
"";"101";"01199";"0119901001";"Maize for forage and silage";"01911";"121490000"
"";"101";"01199";"0119902001";"Alfalfa for forage and silage";"01912";"1214.90*"
"";"101";"01199";"0119903001";"Cereal straw and husks, unprepared, ground, pressed, or in the form of pellets";"01913";"121300100"
"";"101";"01199";"0119904001";"Other fodder roots, hay and similar forage products, whether or not in the form of pellets";"01919";"121490000"
"";"101";"01199";"0119905001";"Lucerne (alfalfa) seed";"01940";"120921000"
"";"101";"01199";"0119905002";"Clover seed";"01940";"120922000"
"";"101";"01199";"0119905003";"Fescue seed";"01940";"120923000"
"";"101";"01199";"0119905004";"Kentucky blue grass seed";"01940";"120924000"
"";"101";"01199";"0119905005";"Rye grass seed";"01940";"120925000"
"";"101";"01199";"0119905006";"Timothy grass seed";"01940";"120926000"
"";"101";"01199";"0119905007";"Other seeds of forage plants, other than beet seed";"01940";"120929000"
"";"101";"01210";"0121001001";"Grapes";"01330";"80610000"
"";"101";"01221";"0122101001";"Pisang mas";"01312";"80300100"
"";"101";"01221";"0122101002";"Pisang rastali";"01312";"80300200"
"";"101";"01221";"0122101003";"Pisang berangan";"01312";"80300300"
"";"101";"01221";"0122101004";"Pisang embun";"01312";"80300400"
"";"101";"01221";"0122101005";"Other bananas";"01312";"80300400"
"";"101";"01221";"0122102001";"Bananas, plantains";"01313";"80300900"
"";"101";"01222";"0122201001";"Mangoes";"01316";"80450200"
"";"101";"01222";"0122201002";"Kuini";"01316";"80450200"
"";"101";"01222";"0122201003";"Bacang (horse mango)";"01316";"80450200"
"";"101";"01222";"0122201004";"Other mangoes";"01316";"80450200"
"";"101";"01223";"0122301001";"Durian";"01319";"81090120"
"";"101";"01224";"0122401001";"Rambutan";"01319";"81090110"
"";"101";"01225";"0122501001";"Star fruit";"01319";"81090170"
"";"101";"01226";"0122601001";"Mardi backcross solo (betik solo)";"01317";"80720100"
"";"101";"01226";"0122602001";"Other papayas";"01319";"80720900"
"";"101";"01227";"0122701001";"Pineapples";"01318";"80430000"
"";"101";"01228";"0122801001";"Pitaya (dragon fruit)";"01399";"81090190"
"";"101";"01229";"0122901001";"Avocados";"01311";"80440000"
"";"101";"01229";"0122902001";"Dates";"01314";"80410000"
"";"101";"01229";"0122903001";"Figs";"01315";"80420000"
"";"101";"01229";"0122904001";"Mangosteens (Mesta)";"01319";"80450300"
"";"101";"01229";"0122904002";"Langsat";"01319";"81090120"
"";"101";"01229";"0122904003";"Jack fruit (cempedak and nangka)";"01319";"81090130"
"";"101";"01229";"0122904004";"Mata kucing (including longan)";"01319";"81090140"
"";"101";"01229";"0122904005";"Cikus (sapodilla)";"01319";"81090150"
"";"101";"01229";"0122904006";"Kundang";"01319";"81090190"
"";"101";"01229";"0122904007";"Lychees";"01319";"81090190"
"";"101";"01229";"0122904008";"Duku";"01319";"81090190"
"";"101";"01229";"0122904009";"Duku langsat";"01319";"81090190"
"";"101";"01229";"0122904010";"Dokong";"01319";"81090190"
"";"101";"01229";"0122904011";"Soursop (durian belanda)";"01319";"81090190"
"";"101";"01229";"0122904012";"Pulasan";"01319";"81090190"
"";"101";"01229";"0122904013";"Rambai";"01319";"81090190"
"";"101";"01229";"0122904014";"Salak";"01319";"81090190"
"";"101";"01229";"0122904015";"Cashew (gajus)";"01319";"81090190"
"";"101";"01229";"0122904016";"Jambu bol (Malacca jambu)";"01319";"81090190"
"";"101";"01229";"0122904017";"Jambu air madu (wax apple)";"01319";"81090190"
"";"101";"01229";"0122904018";"Terap";"01319";"81090190"
"";"101";"01229";"0122904019";"Jambu air (water rose apple)";"01319";"81090190"
"";"101";"01229";"0122904020";"Nona kapri (bullock's heart)";"01319";"81090190"
"";"101";"01229";"0122904021";"Breadfruit (sukun)";"01319";"81090190"
"";"101";"01229";"0122904022";"Sentol";"01319";"81090190"
"";"101";"01229";"0122904023";"kedondong";"01319";"81090190"
"";"101";"01229";"0122904024";"Other ropical fruits,fresh";"01319";"81090190"
"";"101";"01229";"0122905001";"Persimmon (pisang kaki)";"01399";"81090990"
"";"101";"01229";"0122905002";"Pomegranate (delima)";"01399";"81090990"
"";"101";"01229";"0122905003";"Tamarind, fresh";"01399";"81090170"
"";"101";"01229";"0122905004";"Other fruits, other than tropical fruits";"01399";"81090990"
"";"101";"01231";"0123101001";"Pomelo";"01321";"80540000"
"";"101";"01232";"0123201001";"Lemons (citrus limon, citrus limonum)";"01322";"80530100"
"";"101";"01232";"0123201002";"Limes (citrus aurantifolia)";"01322";"80530200"
"";"101";"01233";"0123301001";"Mandarins (including tangerines and satsumas), fresh";"01324";"80520110"
"";"101";"01233";"0123301002";"Mandarins (including tangerines and satsumas), dried";"01324";"80520110"
"";"101";"01233";"0123301003";"Clementines, wilkings and similar citrus hybrids";"01324";"80520900"
"";"101";"01239";"0123901001";"Grapefruits";"01321";"80540000"
"";"101";"01239";"0123902001";"Oranges";"01323";"80510100"
"";"101";"01239";"0123903001";"Musk lime (limau kasturi) and other citrus fruits";"01329";"80590000"
"";"101";"01239";"0123903002";"Limau madu/Limau langkat";"01329";"80590000"
"";"101";"01239";"0123903003";"Other citrus fruits";"01329";"80590000"
"";"101";"01241";"0124101001";"Guavas";"01319";"80450100"
"";"101";"01249";"0124901001";"Apples";"01351";"80810000"
"";"101";"01249";"0124902001";"Pears and quinces";"01352";"80820000"
"";"101";"01249";"0124903001";"Apricots";"01353";"80910000"
"";"101";"01249";"0124904001";"Cherries";"01354";"80920000"
"";"101";"01249";"0124905001";"Peaches, including nectarines";"01355";"80930000"
"";"101";"01249";"0124906001";"Plums";"01356";"80940100"
"";"101";"01249";"0124906002";"Sloes";"01356";"80940200"
"";"101";"01249";"0124907001";"Other pome fruits and stone fruits, n.e.c";"01359";"81090900"
"";"101";"01251";"0125101001";"Black, white or red currants and gooseberries";"01341";"81030000"
"";"101";"01251";"0125102001";"Kiwi fruit";"01342";"81050000"
"";"101";"01251";"0125103001";"Raspberries, blackberries, mulberries and loganberries";"01343";"81020000"
"";"101";"01251";"0125104001";"Strawberries";"01344";"81010000"
"";"101";"01251";"0125105001";"Cranberries, blueberries and other fruits of the genus vaccinium";"01349";"81040000"
"";"101";"01252";"0125201001";"Other seeds, fruit and spores of a kind used for sowing";"01360";"120999900"
"";"101";"01253";"0125301001";"Almonds, in shell";"01371";"80211000"
"";"101";"01253";"0125302001";"Cashew nuts, in shell";"01372";"80131000"
"";"101";"01253";"0125303001";"Chestnuts, in shell";"01373";"80240000"
"";"101";"01253";"0125304001";"Hazelnuts or filberts in shell";"01374";"80221000"
"";"101";"01253";"0125305001";"Pistachios, in shell";"01375";"80250000"
"";"101";"01253";"0125306001";"Walnuts, in shell";"01376";"80231000"
"";"101";"01253";"0125307001";"Brazil nuts, in shell";"01377";"80121000"
"";"101";"01253";"0125308001";"Other nuts, in shell";"01379";"80290900"
"";"101";"01259";"0125901001";"Locust beans, including locust bean seeds";"01391";"121210000"
"";"101";"01259";"0125902001";"Sugar maple";"01809";"140310000"
"";"101";"01259";"0125902002";"Sweet sorghum";"01809";"140310000"
"";"101";"01261";"0126101001";"Oil palm fresh fruit bunches";"01491";"1207.99*"
"";"101";"01261";"0126101002";"Oil palm leaf";"01491";"1207.99*"
"";"101";"01261";"0126101003";"Oil palm frond";"01491";"1207.99*"
"";"101";"01261";"0126101004";"Oil palm trunk";"01491";"1207.99*"
"";"101";"01262";"0126201001";"Oil palm fresh fruit bunches";"01491";"1207.99*"
"";"101";"01262";"0126201002";"Oil palm leaf";"01491";"1207.99*"
"";"101";"01262";"0126201003";"Oil palm frond";"01491";"1207.99*"
"";"101";"01262";"0126201004";"Oil palm trunk";"01491";"1207.99*"
"";"101";"01263";"0126301001";"Young coconut (kelapa muda)";"01460";"80119100"
"";"101";"01263";"0126301002";"Other coconuts, other than young coconut";"01460";"80119900"
"";"101";"01269";"0126901001";"Olives";"01450";"70200000"
"";"101";"01269";"0126902001";"Other oleaginous fruits, n.e.c.";"01499";"120300000, 120799900"
"";"101";"01271";"0127101001";"Coffee, not roasted, not decaffeinated";"01610";"90111000"
"";"101";"01271";"0127102001";"Coffeehusk and skins";"39150";"180200000"
"";"101";"01272";"0127201001";"Green tea (not fermented)";"01620";"90220000"
"";"101";"01272";"0127201002";"Black tea (fermented) and other partly fermented tea";"01620";"90240000"
"";"101";"01273";"0127301001";"Cocoa beans";"01640";"180100000"
"";"101";"01273";"0127302001";"Cocoa shells, husks, skins and other cocoa waste";"39150";"180200000"
"";"101";"01279";"0127901001";"Mate";"01630";"90300000"
"";"101";"01281";"0128101001";"Green pepper";"01651";"90411110"
"";"101";"01281";"0128101002";"Black pepper";"01651";"90411300"
"";"101";"01281";"0128101003";"White pepper";"01651";"90411200"
"";"101";"01282";"0128201001";"Chillies";"01231";"70960100"
"";"101";"01282";"0128201002";"Other fruits of the genus capsicum or pimenta, fresh";"01231";"70960900"
"";"101";"01282";"0128202001";"Fruits of the genus Capsicum or of the genus Pimenta, dried or crushed or ground";"01652";"90420000"
"";"101";"01283";"0128301001";"Nutmeg";"01653";"90810000"
"";"101";"01284";"0128401001";"Ginger";"01657";"91010000"
"";"101";"01285";"0128501001";"Liquorice roots";"01930";"121190410, 121190490"
"";"101";"01285";"0128501002";"Ginseng roots";"01930";"121120000"
"";"101";"01285";"0128501003";"Patchouli leaves and other parts of the plant used for distillation";"01930";"121190100"
"";"101";"01285";"0128501004";"Gaharu wood chips";"01930";"121190200"
"";"101";"01285";"0128501005";"Sandal wood chips";"01930";"121190300"
"";"101";"01285";"0128501006";"Other plants and parts of plants used primarily in perfumery, in pharmacy, or for insecticidal, fungicidal or similar purposes";"01930";"121190900"
"";"101";"01289";"0128901001";"Cardamoms, raw";"01653";"90830000"
"";"101";"01289";"0128901002";"Mace, raw";"01653";"90820000"
"";"101";"01289";"0128902001";"Badian, raw";"01654";"90910000"
"";"101";"01289";"0128902002";"Aniseed, raw";"01654";"90910000"
"";"101";"01289";"0128902003";"Caraway seeds, raw";"01654";"90940000"
"";"101";"01289";"0128902004";"Coriander, raw";"01654";"90920000"
"";"101";"01289";"0128902005";"Cumin, raw";"01654";"90930000"
"";"101";"01289";"0128902006";"Fennel, raw";"01654";"90950000"
"";"101";"01289";"0128902007";"Juniper berries, raw";"01654";"90950000"
"";"101";"01289";"0128903001";"Cinnamon (canella), raw";"01655";"090620000, 090611000"
"";"101";"01289";"0128904001";"Cloves (whole stems), raw";"01656";"90700000"
"";"101";"01289";"0128905001";"Vanilla, raw";"01658";"90500000"
"";"101";"01289";"0128906001";"Hop cones, neither ground nor powdered nor in the form of pellets";"01659";"121010000"
"";"101";"01289";"0128907001";"Saffron";"01690";"91020000"
"";"101";"01289";"0128907002";"Thyme";"01690";"91099000"
"";"101";"01289";"0128907003";"Tumeric";"01690";"91030000"
"";"101";"01289";"0128907004";"Asam gelugur, fresh";"01690";"81340900"
"";"101";"01289";"0128907005";"Jering";"01690";"70890000"
"";"101";"01289";"0128907006";"Kantan (torch ginger)";"01690";"91099000"
"";"101";"01289";"0128907007";"Lengkuas (greater galangal)";"01690";"91099000"
"";"101";"01289";"0128907008";"Petai";"01690";"70890000"
"";"101";"01289";"0128907009";"Pudina (mint)";"01690";"121190900"
"";"101";"01289";"0128907010";"Serai (lemon grass)";"01690";"91099000"
"";"101";"01289";"0128907011";"Lidah buaya (aloe vera)";"01690";"121299900"
"";"101";"01289";"0128907012";"Mengkudu/noni (indian mulberry)";"01690";"121299900"
"";"101";"01289";"0128907013";"Misai kucing (Cat whiskers)";"01690";"121299900"
"";"101";"01289";"0128907014";"Pegaga (Indian pennywort)";"01690";"70990900"
"";"101";"01289";"0128907015";"Tea tree";"01690";"121299900"
"";"101";"01289";"0128907016";"Serai wangi (fragrant lemon grass)";"01690";"121299900"
"";"101";"01289";"0128907017";"Sirih (betel leaf)";"01690";"121299900"
"";"101";"01289";"0128907018";"Tongkat ali";"01690";"121299900"
"";"101";"01289";"0128907019";"Cekur";"01690";"70990900"
"";"101";"01289";"0128907020";"Dukung anak";"01690";"121299900"
"";"101";"01289";"0128907021";"Hempedu bumi (androgranghis herb)";"01690";"121299900"
"";"101";"01289";"0128907022";"Nilam";"01690";"121299900"
"";"101";"01289";"0128907023";"Other spices and aromatic crops n.e.c.";"01690";"91099000"
"";"101";"01291";"0129101001";"Natural rubber & latex";"01950";"4001.10, .21 - .29"
"";"101";"01291";"0129101002";"Rubber scrap and cup lump";"01950";"4001.10, .21 - .29"
"";"101";"01291";"0129101003";"Rubber earth scrap";"01950";"4001.10, .21 - .29"
"";"101";"01292";"0129201001";"Natural rubber & latex";"01950";"4001.10, .21 - .29"
"";"101";"01292";"0129201002";"Rubber scrap and cup lump";"01950";"4001.10, .21 - .29"
"";"101";"01292";"0129201003";"Rubber earth scrap";"01950";"4001.10, .21 - .29"
"";"101";"01293";"0129301001";"Lac";"03219";"130110000"
"";"101";"01293";"0129301002";"Gum Damar";"03219";"130190000"
"";"101";"01293";"0129301003";"Gum Arabic";"03219";"130120000"
"";"101";"01293";"0129301004";"Other Natural gums";"03219";"130190000"
"";"101";"01294";"0129401001";"Nipa palm fruit";"01990";"121299000"
"";"101";"01294";"0129402001";"Nipa leaves";"03250";"140490000"
"";"101";"01295";"0129501001";"Areca nuts";"01379";"80290100"
"";"101";"01296";"0129601001";"Roselle";"01990";"121299900"
"";"101";"01299";"0129901001";"Broom corn (Sorghum vulgare var. technician)";"01809";"140310000"
"";"101";"01299";"0129902001";"Other vegetable products of a kind used primarily for human consumption, not elsewhere specified or included";"01990";"121299900"
"";"101";"01299";"0129903001";"Other vegetable materials of a kind used primarily for plaiting";"03250";"140190000"
"";"101";"01299";"0129903002";"Other vegetable materials of a kind used primarily as stuffing or as padding";"03250";"140190000"
"";"101";"01301";"0130101001";"Oil Palm nuts/seeds/oil palm seedling";"01961";"60290100"
"";"101";"01301";"0130101002";"Rubber seedling";"01961";"60290100"
"";"101";"01301";"0130101003";"Cocoa seedling";"01961";"60290100"
"";"101";"01301";"0130101004";"Other plants for planting";"01961";"60290100"
"";"101";"01302";"0130201001";"Adianthum";"01961";"60290100"
"";"101";"01302";"0130201002";"Aglonema";"01961";"60290100"
"";"101";"01302";"0130201003";"Bambusa";"01961";"60290100"
"";"101";"01302";"0130201004";"Caladium";"01961";"60290100"
"";"101";"01302";"0130201005";"Codiaeum";"01961";"60290100"
"";"101";"01302";"0130201006";"Duranta";"01961";"60290100"
"";"101";"01302";"0130201007";"Ficus spp";"01961";"60290100"
"";"101";"01302";"0130201008";"Peperomia";"01961";"60290100"
"";"101";"01302";"0130201009";"Other plants for ornamental purposes";"01961";"60290100"
"";"101";"01303";"0130301001";"Bulbs, tubers, tuberous roots, corms, crowns and rhizomes, dormant";"01961";"60110000"
"";"101";"01303";"0130301002";"Chicory plants and roots";"01961";"60120100"
"";"101";"01303";"0130301003";"Other bulbs, tubers, tuberous roots, corms, crowns and rhizomes, in growth or in flower";"01961";"60120900"
"";"101";"01303";"0130301004";"Unrooted cuttings and slips";"01961";"60210000"
"";"101";"01303";"0130301005";"Edible fruit or nuts trees, shrubs and bushes, grafted or not";"01961";"60220000"
"";"101";"01303";"0130301006";"Rhododendrons and azaleas, grafted or not";"01961";"60230000"
"";"101";"01303";"0130301007";"Roses, grafted or not";"01961";"60240000"
"";"101";"01303";"0130301008";"Budded rubber stumps";"01961";"60290100"
"";"101";"01303";"0130301009";"Seedling rubber stumps";"01961";"60290200"
"";"101";"01303";"0130301010";"Rubber budwood";"01961";"60290300"
"";"101";"01303";"0130301011";"Other live plants (including their roots), cuttings and slips mushroom spawn";"01961";"60290900"
"";"101";"01304";"0130401001";"Other support services to crop production";"86119";"tiada"
"";"103";"01411";"0141101001";"Beef cattle";"02111";"10210100"
"";"103";"01411";"0141101002";"Dairy cattle";"02111";"10210100"
"";"103";"01411";"0141102001";"Buffaloes";"02112";"10210200"
"";"103";"01411";"0141103001";"Other live ruminants";"02129";"10600100"
"";"103";"01412";"0141201001";"Raw milk of cattle";"02211";"40120000"
"";"103";"01412";"0141203001";"Raw milk of other ruminants";"02299";"40120000"
"";"103";"01413";"0141301001";"Bovine semen";"02411";"51110000"
"";"103";"01413";"0141302001";"Cattle embryo";"02420";"51199000"
"";"103";"01420";"0142001001";"Horses";"02130";"10110100"
"";"103";"01420";"0142001002";"Asses, mules and hinny";"02130";"10120000"
"";"103";"01430";"0143001001";"Camels and camelids";"02121";"0106.19*"
"";"103";"01430";"0143002001";"Raw milk of camel";"02293";"40120000"
"";"103";"01441";"0144101001";"Sheep";"02122";"10410000"
"";"103";"01441";"0144102001";"Goats";"02123";"10420000"
"";"103";"01441";"0144103001";"Sheep and goats semen";"02419";"51199000"
"";"103";"01442";"0144201001";"Raw milk of sheep";"02291";"40120000"
"";"103";"01442";"0144202001";"Raw milk of goats";"02292";"40120000"
"";"103";"01443";"0144301001";"Shorn wool, greasy, including fleece-washed shorn wool";"02941";"510111000"
"";"103";"01443";"0144302001";"Pulled wool, greasy, including fleece-washed pulled wool coarseanimal hair";"02942";"510119000"
"";"103";"01443";"0144303001";"Fine animal hair, not carded or combed";"02943";"510210000"
"";"103";"01450";"0145001001";"Swine/pigs";"02140";"103"
"";"103";"01461";"0146101001";"Chicken broiler";"02151";"10511100"
"";"103";"01461";"0146101002";"Chicken layer - breeder";"02151";"10511100"
"";"103";"01461";"0146101003";"Chicken broiler - ayam kampung";"02151";"10511100"
"";"103";"01461";"0146101004";"Chicken layer - breeder - ayam kampung";"02151";"10511100"
"";"103";"01461";"0146101005";"Day old Chicks - broiler";"02151";"10511100"
"";"103";"01461";"0146101006";"Day old Chicks - layer";"02151";"10511100"
"";"103";"01461";"0146101007";"Day old Chicks - ayam kampung broiler";"02151";"10511100"
"";"103";"01461";"0146101008";"Day old Chicks - ayam kampung layer";"02151";"10511100"
"";"103";"01461";"0146101009";"Other fowls of the species gallus domesticus";"02151";"0105.11, .94"
"";"103";"01461";"0146101010";"Chicken broiler-breeder";"02151";"10594110"
"";"103";"01461";"0146101011";"Chicken broiler-ayam kampung- breeder";"02151";"10594110"
"";"103";"01462";"0146201001";"Ducks broiler";"02154";"10599100"
"";"103";"01462";"0146201002";"Ducks layer - breeder";"02154";"10599100"
"";"103";"01462";"0146201003";"Day old Ducklings - broiler";"02154";"10519100"
"";"103";"01462";"0146201004";"Day old Ducklings - layer";"02154";"10519100"
"";"103";"01462";"0146201005";"Duck broiler- breeder";"02154";"10519100"
"";"103";"01463";"0146301001";"Day old geese";"02153";"10511100"
"";"103";"01463";"0146301002";"Geese/angsa";"02153";"10511100"
"";"103";"01464";"0146401001";"Quail/puyuh broilers";"02155";"10511100"
"";"103";"01464";"0146401002";"Day old quails/puyuh for broilers";"02155";"10511100"
"";"103";"01464";"0146401003";"Day old quails/puyuh for layer";"02155";"10511100"
"";"103";"01464";"0146401004";"Quail/puyuh layer";"02155";"10599900"
"";"103";"01464";"0146401005";"Quail/puyuh broiler- breeder";"02155";"10599900"
"";"103";"01465";"0146501001";"Turkeys";"02152";"10512000"
"";"103";"01465";"0146502001";"Other live poultry";"02155";"10519900"
"";"103";"01466";"0146601001";"Hens' eggs, in shell";"02310";"40700910"
"";"103";"01467";"0146701001";"Duck's eggs, in shell";"02320";"40700920"
"";"103";"01468";"0146801001";"Quail's/puyuh eggs, in shell";"02320";"40700990"
"";"103";"01468";"0146801002";"Other birds' eggs, in shell";"02320";"40700990"
"";"103";"01469";"0146901001";"Ostrichs' eggs in shell, for hatching";"02330";"40700119"
"";"103";"01469";"0146901002";"Fresh duck's eggs in shell, for hatching";"02330";"40700112"
"";"103";"01469";"0146901003";"Fresh hen's eggs, in shell, for hatching";"02330";"40700111"
"";"103";"01469";"0146901004";"Other fresh birds' eggs, in shell, for hatching";"02330";"40700119"
"";"103";"01491";"0149101001";"Rabbit";"02191";"10600100"
"";"103";"01491";"0149102001";"Other mammals";"02192";"10600100"
"";"103";"01491";"0149103001";"Ostrich and emus";"02193";"10600100"
"";"103";"01491";"0149104001";"Ostrichs' eggs";"02320";"40700990"
"";"103";"01492";"0149201001";"Live animals of a kind mainly used for human food";"02195";"10600100"
"";"103";"01492";"0149202001";"Raw hides and skin of bovine animals (Lembu, kerbau)";"02951";"410130000"
"";"103";"01492";"0149203001";"Raw hides and skin of equine";"02952";"410140000"
"";"103";"01492";"0149204001";"Raw hides and skins of sheeps and lambs";"02953";"410229000"
"";"103";"01492";"0149205001";"Raw hides and skins of goats and kids";"02954";"410310000"
"";"103";"01492";"0149206001";"Raw furskin of other animals";"02955";"430110000"
"";"103";"01492";"0149207001";"Raw hides and skin of swine";"02959";"430110000"
"";"103";"01492";"0149207002";"Raw hides and skin of crocodiles";"02959";"410320100"
"";"103";"01492";"0149207003";"Raw hides and skin of snake and other reptiles";"02959";"410320900"
"";"103";"01492";"0149207004";"Raw skin of other animals";"02959";"410390000"
"";"103";"01493";"0149301001";"Snails, other than sea snails";"02920";"307.6"
"";"103";"01494";"0149401001";"Silk-worm cocoons suitable for reeling";"tiada";"tiada"
"";"103";"01495";"0149501001";"Bees";"02196";"10690900"
"";"103";"01495";"0149501002";"Kelulut (Stingless Bees)";"02196";"10690900"
"";"103";"01495";"0149502001";"Natural honey";"02910";"40900000"
"";"103";"01495";"0149503001";"Beeswax, other insect waxes and spermaceti";"02960";"152190000"
"";"103";"01496";"0149601001";"Live birds";"02194";"0106.32,.39*"
"";"103";"01496";"0149602001";"Other live animals";"02199";"10690100"
"";"103";"01497";"0149701001";"Raising and breeding of swiflet";"02194";"10600100"
"";"103";"01497";"0149702001";"Swiflet's nest";"02930";"41000200"
"";"103";"01499";"0149901001";"Turtles' eggs";"02930";"41000100"
"";"103";"01499";"0149901002";"Other edible products of animal origin, not elsewhere specified or included";"02930";"41000900"
"";"103";"01499";"0149902001";"Other animal or vegetable fertilizers whether or not mixed together or chemically treated";"34654";"310100990"
"";"101";"01610";"0161001001";"Tilling of fields preparatory to planting";"86119";"tiada"
"";"101";"01610";"0161001002";"Planting, cultivation and fertilization of crops";"86119";"tiada"
"";"101";"01610";"0161001003";"Spraying, including from the air";"86119";"tiada"
"";"101";"01610";"0161001004";"Pest control for agriculture";"86119";"tiada"
"";"101";"01610";"0161001005";"Trimming of fruit trees and vines";"86119";"tiada"
"";"101";"01610";"0161001006";"Transplanting and thinning of crops";"86119";"tiada"
"";"101";"01610";"0161001007";"Harvesting services";"86119";"tiada"
"";"101";"01610";"0161001008";"Operation of irrigation systems";"86119";"tiada"
"";"101";"01610";"0161001009";"Provision of agricultural machinery with crew and operators";"86119";"tiada"
"";"101";"01610";"0161001010";"Other services necessary for agricultural production";"86119";"tiada"
"";"103";"01620";"0162001001";"Sheep shearing and care and management of herds of farm animals";"86121";"tiada"
"";"103";"01620";"0162001002";"Artificial insemination of farm animals";"86121";"tiada"
"";"103";"01620";"0162001003";"Grading of eggs";"86121";"tiada"
"";"103";"01620";"0162001004";"Cleaning of agricultural premises (hen houses, piggeries, etc.)";"86121";"tiada"
"";"101";"01631";"0163101001";"Preparation of crops for primary markets, cotton ginning services";"86111";"tiada"
"";"101";"01632";"0163201001";"Preparation of tobacco leaves services";"86111";"tiada"
"";"101";"01633";"0163301001";"Preparations of cocoa beans services";"86111";"tiada"
"";"101";"01634";"0163401001";"Sun-drying of fruits and vegetables services";"86111";"tiada"
"";"101";"01640";"0164001001";"Services to improve the propagation quality of the seed, including treatment of genetically modified seeds: removal of non-seed materials, undersized, mechanically or insect- damaged and immature seeds: removal of seed moisture to a safe level for see";"86112";"tiada"
"";"104";"02101";"0210101001";"Planting, replanting, transplanting, thinning and conserving of forests and timber tracts services";"03110,03130";"tiada"
"";"104";"02102";"0210201001";"Growing of coppice, pulpwood and fire wood services";"03110,03130"";"tiada"
"";"104";"02103";"0210301001";"Operation of forest tree nurseries services";"03110,03130"";"tiada"
"";"104";"02104";"0210401001";"Collection and raising of wildings services (peat swamp forest tree species)";"03110,03130"";"tiada"
"";"104";"02105";"0210501001";"Forest plantation services";"03110,03130";"tiada"
"";"104";"02201";"0220101001";"Damar minyak";"03110";"4403.2"
"";"104";"02201";"0220101002";"Podo";"03110";"4403.2"
"";"104";"02201";"0220101003";"Sempilor";"03110";"4403.2"
"";"104";"02201";"0220101004";"Other coniferous";"03110";"4403.2"
"";"104";"02201";"0220102001";"Dark red meranti (obar suluk)";"03120";"4403.41 - .49, .91 - .99"
"";"104";"02201";"0220102002";"Light red meranti (red seraya)";"03120";"4403.41 - .49, .91 - .99"
"";"104";"02201";"0220102003";"Meranti bakau";"03120";"4403.41 - .49, .91 - .99"
"";"104";"02201";"0220102004";"Kapur";"03120";"4403.41 - .49, .91 - .99"
"";"104";"02201";"0220102005";"Keruing";"03120";"4403.41 - .49, .91 - .99"
"";"104";"02201";"0220102006";"Ramin/Bidaru";"03120";"4403.41 - .49, .91 - .99"
"";"104";"02201";"0220102007";"Oak (quercus spp)";"03120";"4403.41 - .49, .91 - .99"
"";"104";"02201";"0220102008";"Beech (fagus spp)";"03120";"4403.41 - .49, .91 - .99"
"";"104";"02201";"0220102009";"Balau (Selangan Batu)";"03120";"440399901"
"";"104";"02201";"0220102010";"Red Balau (Selangan Batu Merah)";"03120";"440399901"
"";"104";"02201";"0220102011";"Belian";"03120";"440399901"
"";"104";"02201";"0220102012";"Bitis";"03120";"440399901"
"";"104";"02201";"0220102013";"Chengal";"03120";"440399901"
"";"104";"02201";"0220102014";"Giam";"03120";"440399901"
"";"104";"02201";"0220102015";"Kekatong";"03120";"440399901"
"";"104";"02201";"0220102016";"Keranji";"03120";"440399901"
"";"104";"02201";"0220102017";"Malagangai";"03120";"440399901"
"";"104";"02201";"0220102018";"Penaga";"03120";"440399901"
"";"104";"02201";"0220102019";"Penyau";"03120";"440399901"
"";"104";"02201";"0220102020";"Resak";"03120";"440399901"
"";"104";"02201";"0220102021";"Tembusu";"03120";"440399901"
"";"104";"02201";"0220102022";"Bekak/Lantupak";"03120";"440399901"
"";"104";"02201";"0220102023";"Derom (Derum)";"03120";"440399901"
"";"104";"02201";"0220102024";"Entapuloh";"03120";"440399901"
"";"104";"02201";"0220102025";"Geriting";"03120";"440399901"
"";"104";"02201";"0220102026";"Kandis";"03120";"440399901"
"";"104";"02201";"0220102027";"Kasai";"03120";"440399901"
"";"104";"02201";"0220102028";"Kayu Malam/Buey/Kayu Arang";"03120";"440399901"
"";"104";"02201";"0220102029";"Kelat";"03120";"440399901"
"";"104";"02201";"0220102030";"Keledang/Anjaburi/Bununi";"03120";"440399901-.999"
"";"104";"02201";"0220102031";"Keruntum";"03120";"440399901-.999"
"";"104";"02201";"0220102032";"Kulim/Bawang Hutan";"03120";"440399901-.999"
"";"104";"02201";"0220102033";"Mata Ulat";"03120";"440399901-.999"
"";"104";"02201";"0220102034";"Mempening/Jabor";"03120";"440399901-.999"
"";"104";"02201";"0220102035";"Mengkulang/Kembang";"03120";"440399901-.999"
"";"104";"02201";"0220102036";"Meransi/Perepat Hutan";"03120";"440399901-.999"
"";"104";"02201";"0220102037";"Merawan/Gagil/Selangan";"03120";"440399901-.999"
"";"104";"02201";"0220102038";"Merbatu/Bengkawang";"03120";"440399901-.999"
"";"104";"02201";"0220102039";"Merpauh";"03120";"440399901-.999"
"";"104";"02201";"0220102040";"Mertas/Besi Kayu";"03120";"440399901-.999"
"";"104";"02201";"0220102041";"Nyalin/Minyak Berok";"03120";"440399901-.999"
"";"104";"02201";"0220102042";"Pauh Kijang";"03120";"440399901-.999"
"";"104";"02201";"0220102043";"Perah/Perah Ikan";"03120";"440399901-.999"
"";"104";"02201";"0220102044";"Petaling/Tanggal";"03120";"440399901-.999"
"";"104";"02201";"0220102045";"Punah/Tuyut";"03120";"440399901-.999"
"";"104";"02201";"0220102046";"Ranggu";"03120";"440399901-.999"
"";"104";"02201";"0220102047";"Rengas";"03120";"440399901-.999"
"";"104";"02201";"0220102048";"Semayur";"03120";"440399901-.999"
"";"104";"02201";"0220102049";"Senumpul/Setumpul/Karpus";"03120";"440399901-.999"
"";"104";"02201";"0220102050";"Simpoh/Simpor";"03120";"440399901-.999"
"";"104";"02201";"0220102051";"Tampoi";"03120";"440399901-.999"
"";"104";"02201";"0220102052";"Tualang/Mengaris/Raja Laut";"03120";"440399901-.999"
"";"104";"02201";"0220102053";"Tulang Daing/Kedang Belum/Merbau Laut";"03120";"440399901-.999"
"";"104";"02201";"0220102054";"Acacia Mangium";"03120";"440399901-.999"
"";"104";"02201";"0220102055";"Ara";"03120";"440399901-.999"
"";"104";"02201";"0220102056";"Araucaria";"03120";"440399901-.999"
"";"104";"02201";"0220102057";"Babai";"03120";"440399901-.999"
"";"104";"02201";"0220102058";"Batai";"03120";"440399901-.999"
"";"104";"02201";"0220102059";"Bayur";"03120";"440399901-.999"
"";"104";"02201";"0220102060";"Berangan";"03120";"440399901-.999"
"";"104";"02201";"0220102061";"Bintangor/Penaga Laut";"03120";"440399901-.999"
"";"104";"02201";"0220102062";"Binuang/Mengkundor";"03120";"440399901-.999"
"";"104";"02201";"0220102063";"Dedali";"03120";"440399901-.999"
"";"104";"02201";"0220102064";"Durian";"03120";"440399901-.999"
"";"104";"02201";"0220102065";"Eucalyptus";"03120";"440399901-.999"
"";"104";"02201";"0220102066";"Geronggang/Serungan";"03120";"440399901-.999"
"";"104";"02201";"0220102067";"Gerutu/Urat Mata";"03120";"440399901-.999"
"";"104";"02201";"0220102068";"Kedondong";"03120";"440399901-.999"
"";"104";"02201";"0220102069";"Kelumpang";"03120";"440399901-.999"
"";"104";"02201";"0220102070";"Kembang Semangkok";"03120";"440399901-.999"
"";"104";"02201";"0220102071";"Ketapang/Pada/Talisai";"03120";"440399901-.999"
"";"104";"02201";"0220102072";"Kungkur";"03120";"440399901-.999"
"";"104";"02201";"0220102073";"Kelempayan/Laran";"03120";"440399901-.999"
"";"104";"02201";"0220102074";"Limpaga (Surian)";"03120";"440399901-.999"
"";"104";"02201";"0220102075";"Machang/Asah/Bambamgan/Belono";"03120";"440399901-.999"
"";"104";"02201";"0220102076";"Mahang/Mengkubong/Sedaman";"03120";"440399901-.999"
"";"104";"02201";"0220102077";"Medang/Lamau-lamau/Lisang";"03120";"440399901-.999"
"";"104";"02201";"0220102078";"Melantai (Kawang)";"03120";"440399901-.999"
"";"104";"02201";"0220102079";"Melunak/Takalis";"03120";"440399901-.999"
"";"104";"02201";"0220102080";"Mempisang/Karai/Jangkang";"03120";"440399901-.999"
"";"104";"02201";"0220102081";"Merbulan";"03120";"440399901-.999"
"";"104";"02201";"0220102082";"Mersawa/Pangiran";"03120";"440399901-.999"
"";"104";"02201";"0220102083";"Nyatoh";"03120";"440399901-.999"
"";"104";"02201";"0220102084";"Nyatoh Kuning";"03120";"440399901-.999"
"";"104";"02201";"0220102085";"Pelajau/Pelong";"03120";"440399901-.999"
"";"104";"02201";"0220102086";"Penarahan/Darah-darah";"03120";"440399901-.999"
"";"104";"02201";"0220102087";"Perupok";"03120";"440399901-.999"
"";"104";"02201";"0220102088";"Petai/Kupang";"03120";"440399901-.999"
"";"104";"02201";"0220102089";"Pulai";"03120";"440399901-.999"
"";"104";"02201";"0220102090";"Sengkuang";"03120";"440399901-.999"
"";"104";"02201";"0220102091";"Sentang/Lempaga";"03120";"440399901-.999"
"";"104";"02201";"0220102092";"Sepetir";"03120";"440399901-.999"
"";"104";"02201";"0220102093";"Sesendok";"03120";"440399901-.999"
"";"104";"02201";"0220102094";"Terap";"03120";"440399901-.999"
"";"104";"02201";"0220102095";"Terentang";"03120";"440399901-.999"
"";"104";"02201";"0220102096";"Khaya";"03120";"440399901-.999"
"";"104";"02201";"0220102097";"Bebusok";"03120";"440399901-.999"
"";"104";"02201";"0220102098";"Bengang";"03120";"440399901-.999"
"";"104";"02201";"0220102099";"Berembang";"03120";"440399901-.999"
"";"104";"02201";"0220102100";"Coconut";"03120";"440399901-.999"
"";"104";"02201";"0220102101";"Hampas Tebu";"03120";"440399901-.999"
"";"104";"02201";"0220102102";"Ipoh";"03120";"440399901-.999"
"";"104";"02201";"0220102103";"Jejentik";"03120";"440399901-.999"
"";"104";"02201";"0220102104";"Jelawai";"03120";"440399901-.999"
"";"104";"02201";"0220102105";"Jerai";"03120";"440399901-.999"
"";"104";"02201";"0220102106";"Karas";"03120";"440399901-.999"
"";"104";"02201";"0220102107";"Kasah";"03120";"440399901-.999"
"";"104";"02201";"0220102108";"Kemenyan";"03120";"440399901-.999"
"";"104";"02201";"0220102109";"Kempas/Impas";"03120";"440399901-.999"
"";"104";"02201";"0220102110";"Kundang Rumania";"03120";"440399901-.999"
"";"104";"02201";"0220102111";"Kunin";"03120";"440399901-.999"
"";"104";"02201";"0220102112";"Ludai";"03120";"440399901-.999"
"";"104";"02201";"0220102113";"Mahogany";"03120";"440399901-.999"
"";"104";"02201";"0220102114";"Mati Anak";"03120";"440399901-.999"
"";"104";"02201";"0220102115";"Melembu";"03120";"440399901-.999"
"";"104";"02201";"0220102116";"Membatu (Merbatu)";"03120";"440399901-.999"
"";"104";"02201";"0220102117";"Membuloh";"03120";"440399901-.999"
"";"104";"02201";"0220102118";"Mendong";"03120";"440399901-.999"
"";"104";"02201";"0220102119";"Mengkemian";"03120";"440399901-.999"
"";"104";"02201";"0220102120";"Mengkundor";"03120";"440399901-.999"
"";"104";"02201";"0220102121";"Meranti Bukit";"03120";"440399901-.999"
"";"104";"02201";"0220102122";"Meranti Kuning";"03120";"440399901-.999"
"";"104";"02201";"0220102123";"Meranti Merah";"03120";"440399901-.999"
"";"104";"02201";"0220102124";"Meranti Putih";"03120";"440399901-.999"
"";"104";"02201";"0220102125";"Meranti Sarang Punai";"03120";"440399901-.999"
"";"104";"02201";"0220102126";"Meranti Tembaga";"03120";"440399901-.999"
"";"104";"02201";"0220102127";"Merbau";"03120";"440399901-.999"
"";"104";"02201";"0220102128";"Nangka Pipit";"03120";"440399901-.999"
"";"104";"02201";"0220102129";"Nemusu";"03120";"440399901-.999"
"";"104";"02201";"0220102130";"Nipis Kulit";"03120";"440399901-.999"
"";"104";"02201";"0220102131";"Pepijat";"03120";"440399901-.999"
"";"104";"02201";"0220102132";"Periang";"03120";"440399901-.999"
"";"104";"02201";"0220102133";"Putat";"03120";"440399901-.999"
"";"104";"02201";"0220102134";"Rambutan";"03120";"440399901-.999"
"";"104";"02201";"0220102135";"Red Woods";"03120";"440399901-.999"
"";"104";"02201";"0220102136";"Selayang";"03120";"440399901-.999"
"";"104";"02201";"0220102137";"Simpoh Jangkang";"03120";"440399901-.999"
"";"104";"02201";"0220102138";"Surian";"03120";"440399901-.999"
"";"104";"02201";"0220102139";"Teak (Jati)";"03120";"440399901-.999"
"";"104";"02201";"0220102140";"White Lauan";"03120";"440399901-.999"
"";"104";"02201";"0220102141";"Tempinis";"03120";"440399901-.999"
"";"104";"02201";"0220102142";"Other wood of non-coniferous species";"03120";"4403.41 - .49, .91 - .99"
"";"104";"02201";"0220102143";"Keladan";"03120";"440399901-.999"
"";"104";"02201";"0220102144";"Damar hitam";"03120";"440399901-.999"
"";"104";"02201";"0220102145";"Dedau";"03120";"440399901-.999"
"";"104";"02201";"0220102146";"Durian Daun";"03120";"440399901-.999"
"";"104";"02201";"0220102147";"Gaharu";"03120";"440399901-.999"
"";"104";"02201";"0220102148";"Hujan-hujan";"03120";"440399901-.999"
"";"104";"02201";"0220102149";"Kekabu hutan";"03120";"440399901-.999"
"";"104";"02201";"0220102150";"Meranti Daun";"03120";"440399901-.999"
"";"104";"02201";"0220102151";"Meranti Kepong";"03120";"440399901-.999"
"";"104";"02201";"0220102152";"Meranti Melantai";"03120";"440399901-.999"
"";"104";"02201";"0220102153";"Meranti Paang";"03120";"440399901-.999"
"";"104";"02201";"0220102154";"Meranti Paya";"03120";"440399901-.999"
"";"104";"02201";"0220102155";"Meranti Pipit";"03120";"440399901-.999"
"";"104";"02201";"0220102156";"Meranti Sengkawang";"03120";"440399901-.999"
"";"104";"02201";"0220102157";"Meranti Seraya";"03120";"440399901-.999"
"";"104";"02201";"0220102158";"Meranti Temak";"03120";"440399901-.999"
"";"104";"02201";"0220102159";"Nemesu";"03120";"440399901-.999"
"";"104";"02201";"0220102160";"Sena";"03120";"440399901-.999"
"";"104";"02202";"0220201001";"Fuel wood in logs, in billets, in twigs, in faggots or in similar forms";"03130";"440110000"
"";"104";"02203";"0220301001";"Wood charcoal, including shell or nut charcoal, whether or not agglomerated";"34510";"440200000"
"";"104";"02204";"0220401001";"Rubber wood logging";"03120";"4403.41 - .49, .91 - .99"
"";"104";"02301";"0230101001";"Bamboos";"03249";"60491000"
"";"104";"02301";"0230101002";"Bamboo sprout (Rebung)";"03249";"60491000"
"";"104";"02301";"0230101003";"Rattans";"03249";"60491000"
"";"104";"02301";"0230101004";"Rattans, core, split";"03249";"60491000"
"";"104";"02301";"0230101005";"Rattans, skin, split";"03249";"60491000"
"";"104";"02301";"0230101006";"Other rattans";"03249";"60491000"
"";"104";"02302";"0230201001";"Birds' nests";"02930";"41000200"
"";"104";"02303";"0230301001";"Sago pith, fresh or dried";"03230";"71490100"
"";"104";"02309";"0230901001";"Fibres or fruits (eg. Berangan, keranji, kerdas, petai)";"03230";"80290900"
"";"104";"02309";"0230902001";"Bee's wax and honey";"03230";"40900000"
"";"104";"02309";"0230903001";"Gutta-percha (Getah Perca)";"03211";"4001.3"
"";"104";"02309";"0230903002";"Natural gums, Jelutong";"03211";"4001.3"
"";"104";"02309";"0230903003";"Edible Natural gums , others";"03211";"4001.3"
"";"104";"02309";"0230903004";"Other natural gums (rubber family)";"03211";"400130999"
"";"104";"02309";"0230904001";"Lac";"03219";"130110000"
"";"104";"02309";"0230904002";"Gum arabic";"03219";"130120000"
"";"104";"02309";"0230904003";"Gum dammar";"03219";"130190000"
"";"104";"02309";"0230904004";"Oils from jungle wood (eg. Keruing and others)";"03219";"130190000"
"";"104";"02309";"0230904005";"Other natural gums, resins, gum-resins and oleoresins (damar family)";"03219";"130190000"
"";"104";"02309";"0230905001";"Natural cork, raw or simply prepared";"03220";"450110000"
"";"104";"02309";"0230906001";"Acorns and horse-chestnuts";"03230";"80290900"
"";"104";"02309";"0230906002";"Other nuts, fresh or dried, whether or not shelled or peeled";"03230";"80290900"
"";"104";"02309";"0230907001";"Mosses and lichens";"03249";"60410000"
"";"104";"02309";"0230907002";"Leaves (eg, bertam, nipah, kajang, kubin, leaflets)";"03249";"60491000"
"";"104";"02309";"0230907003";"Roots (eg. akar laka)";"03249";"60491000"
"";"104";"02309";"0230907004";"Kapok (Kekabu)";"03249";"60491000"
"";"104";"02309";"0230907005";"Nipa Palm";"03249";"60491000"
"";"104";"02309";"0230907006";"Raw vegetable materials of a kind used primarily in dyeing or tanning";"03249";"60491000"
"";"104";"02309";"0230907007";"Other vegetable materials of a kind used primarily in brooms or in brushes";"03249";"60491000"
"";"104";"02309";"0230907008";"Other vegetable products not elsewhere specified or included";"03249";"60491000"
"";"104";"02309";"0230907009";"Other foliage, branches, etc., without flowers or flower buds, fresh";"03249";"60491000"
"";"104";"02309";"0230907010";"Other foliage, branches, etc., without flowers or flower buds, other than fresh";"03249";"60499000"
"";"104";"02401";"0240101001";"Services related to forestry production such as transplanting, replanting, thinning, forestry inventories, timber evaluation, fire protection";"86140";"tiada"
"";"104";"02401";"0240101002";"Forest trees nurseries services";"86140";"tiada"
"";"104";"02402";"0240201001";"Services related to logging such as felling, cutting, debarking, transport of logs within the forest";"86140";"tiada"
"";"105";"03111";"0311101001";"Carp, fry, alive";"04119";"30193100"
"";"105";"03111";"0311101002";"Trout, alive";"04119";"030191100, 030191900"
"";"105";"03111";"0311101003";"Eels";"04119";"30192100"
"";"105";"03111";"0311101004";"Other live fish, other than trout, eels or carp";"04119";"30199000"
"";"105";"03111";"0311101005";"Other fish fry, for breeding, alive";"04119";"30269000"
"";"105";"03111";"0311102001";"Trout fresh or chilled";"04120";"30211000"
"";"105";"03111";"0311102002";"Other fish, fresh or chilled";"04120";"30229000"
"";"105";"03111";"0311102003";"Trout, excluding livers and roes, fresh or chilled";"04120";"30269000"
"";"105";"03111";"0311102004";"Pacific salmon, atlantic salmon and danube salmon, excluding livers and roes, fresh or chilled";"04120";"30212000"
"";"105";"03111";"0311102005";"Other salmonidae, excluding livers and roes, fresh or chilled";"04120";"30219000"
"";"105";"03111";"0311102006";"Halibut, excluding livers and roes, fresh or chilled";"04120";"30221000"
"";"105";"03111";"0311102007";"Plaice (Pleuronectes platessa), excluding livers and roes, fresh or chilled";"04120";"30222000"
"";"105";"03111";"0311102008";"Sole (solea spp), excluding livers and roes, fresh or chilled";"04120";"30223000"
"";"105";"03111";"0311102009";"Other flat fish, excluding livers and roes, fresh or chilled";"04120";"30269000"
"";"105";"03111";"0311102010";"Albacore or long finned tunas (Thunnus alalun a), excluding livers and roes, fresh or chilled";"04120";"30231000"
"";"105";"03111";"0311102011";"Yellowfin tunas (thunnus albacares), excluding livers and roes, fresh or chilled";"04120";"30232000"
"";"105";"03111";"0311102012";"Skipjack or stripe-bellied bonito, excluding livers and roes, fresh or chilled";"04120";"30233000"
"";"105";"03111";"0311102013";"Other tunas, excluding livers and roes, fresh or chilled";"04120";"30239000"
"";"105";"03111";"0311102014";"Herrings, excluding livers and roes, fresh or chilled";"04120";"30240000"
"";"105";"03111";"0311102015";"Cod, excluding livers and roes, fresh or chilled";"04120";"30250000"
"";"105";"03111";"0311102016";"Sardines, excluding livers and roes, fresh or chilled";"04120";"30261000"
"";"105";"03111";"0311102017";"Haddock, excluding livers and roes, fresh or chilled";"04120";"30262000"
"";"105";"03111";"0311102018";"Coalfish, excluding livers and roes, fresh or chilled";"04120";"30263000"
"";"105";"03111";"0311102019";"Mackerel, excluding livers and roes, fresh or chilled";"04120";"30264000"
"";"105";"03111";"0311102020";"Dog fish and other sharks, excluding livers and roes, fresh or chilled";"04120";"30265000"
"";"105";"03111";"0311102021";"Eels (anguilla spp), excluding livers and roes, fresh or chilled";"04120";"30266000"
"";"105";"03111";"0311102022";"Aji-Aji/Amberjack alive, fresh or chilled";"04120";"30269000"
"";"105";"03111";"0311102023";"Alu-Alu/Kacang-Kacang/Barracuda alive, fresh or chilled";"04120";"30269000"
"";"105";"03111";"0311102024";"Bawal Hitam/Black Pomfret alive, fresh or chilled";"04120";"30269000"
"";"105";"03111";"0311102025";"Bawal Putih/Silver Pomfret alive, fresh or chilled";"04120";"30269000"
"";"105";"03111";"0311102026";"Belanak/Kedera/Mullet alive, fresh or chilled";"04120";"30269000"
"";"105";"03111";"0311102027";"Beliak Mata alive, fresh or chilled";"04120";"30269000"
"";"105";"03111";"0311102028";"Biji Nangka/Goatfish alive, fresh or chilled";"04120";"30269000"
"";"105";"03111";"0311102029";"Bilis/Bunga Air/Anchovy alive, fresh or chilled";"04120";"30269000"
"";"105";"03111";"0311102030";"Cermin/Sagai/Cupak/alive, fresh or chilled";"04120";"30269000"
"";"105";"03111";"0311102031";"Cencaru/Hardtail Scad alive, fresh or chilled";"04120";"30269000"
"";"105";"03111";"0311102032";"Daun Baharu/Spotted Sicklefish alive, fresh or chilled";"04120";"30269000"
"";"105";"03111";"0311102033";"Demuduk/Rambai/Horse Mackerel (Trevally) alive, fresh or chilled";"04120";"30269000"
"";"105";"03111";"0311102034";"Dengkis/Debam alive, fresh or chilled";"04120";"30269000"
"";"105";"03111";"0311102035";"Duri/Pulatan/Utik/Marine Catfish alive, fresh or chilled";"04120";"30269000"
"";"105";"03111";"0311102036";"Gelama/Tengkorong/Selampai/Jewfish alive, fresh or chilled";"04120";"30269000"
"";"105";"03111";"0311102037";"Gerut-Gerut/Grunter alive, fresh or chilled";"04120";"30269000"
"";"105";"03111";"0311102038";"Jahan/Goh alive, fresh or chilled";"04120";"30269000"
"";"105";"03111";"0311102039";"Jebong/Triggerfish alive, fresh or chilled";"04120";"30269000"
"";"105";"03111";"0311102040";"Jenahak/Mangrove Snapper alive, fresh or chilled";"04120";"30269000"
"";"105";"03111";"0311102041";"Kaci/Sweetlip alive, fresh or chilled";"04120";"30269000"
"";"105";"03111";"0311102042";"Kapas laut/Majorras (Silver Biddies) alive, fresh or chilled";"04120";"30269000"
"";"105";"03111";"0311102043";"Kayu/Tongkol/Aya Hitam/Longtail Tuna alive, fresh or chilled";"04120";"30269000"
"";"105";"03111";"0311102044";"Kayu/Tongkol/Aya Kurik/Kawakawa (Eastern Little Tuna) alive, fresh or chilled";"04120";"30269000"
"";"105";"03111";"0311102045";"Kayu/Tongkol/Aya Selasih/Frigate Tuna alive, fresh or chilled";"04120";"30269000"
"";"105";"03111";"0311102046";"Kayu/Tongkol/Aya Jalur/alive, fresh or chilled";"04120";"30269000"
"";"105";"03111";"0311102047";"Kebasi Selangat alive, fresh or chilled";"04120";"30269000"
"";"105";"03111";"0311102048";"Kembong/Indian Mackerel alive, fresh or chilled";"04120";"30269000"
"";"105";"03111";"0311102049";"Kerapu alive, fresh or chilled";"04120";"30269000"
"";"105";"03111";"0311102050";"Keresi Bali/Sharptoothed Bass alive, fresh or chilled";"04120";"30269000"
"";"105";"03111";"0311102051";"Kerisi/Threadfin Bream alive, fresh or chilled";"04120";"30269000"
"";"105";"03111";"0311102052";"Kikek/Ponyfish (Slipmouth) alive, fresh or chilled";"04120";"30269000"
"";"105";"03111";"0311102053";"Kurau/Senohong/Threadfin alive, fresh or chilled";"04120";"30269000"
"";"105";"03111";"0311102054";"Lidah/Tonguefish (Tongue Sole) alive, fresh or chilled";"04120";"30269000"
"";"105";"03111";"0311102055";"Lolong alive, fresh or chilled";"04120";"30269000"
"";"105";"03111";"0311102056";"Lumi-Lumi/Bombay Duck alive, fresh or chilled";"04120";"30269000"
"";"105";"03111";"0311102057";"Malong/Conger Eel alive, fresh or chilled";"04120";"30269000"
"";"105";"03111";"0311102058";"Mengkerong/Conor/Ubi-Ubi/Lizard Fish alive, fresh or chilled";"04120";"30269000"
"";"105";"03111";"0311102059";"Merah/Red Snapper alive, fresh or chilled";"04120";"30269000"
"";"105";"03111";"0311102060";"Parang-Parang/Dorab Wolf-Herring alive, fresh or chilled";"04120";"30269000"
"";"105";"03111";"0311102061";"Pari/Ray alive, fresh or chilled";"04120";"30269000"
"";"105";"03111";"0311102062";"Pasir-Pasir/Timun-Timun alive, fresh or chilled";"04120";"30269000"
"";"105";"03111";"0311102063";"Pelata alive, fresh or chilled";"04120";"30269000"
"";"105";"03111";"0311102064";"Puntung Damar/Bulus/Sillago Whitings alive, fresh or chilled";"04120";"30269000"
"";"105";"03111";"0311102065";"Other salmonidae, excluding livers and roes, fresh or chilled";"04120";"30269000"
"";"105";"03111";"0311102066";"Remong/Kunyit-Kunyit/Tanda/Snapper alive, fresh or chilled";"04120";"30269000"
"";"105";"03111";"0311102067";"Sebelah/Flatfish alive, fresh or chilled";"04120";"30269000"
"";"105";"03111";"0311102068";"Selar/Big-Eye Scad alive, fresh or chilled";"04120";"30269000"
"";"105";"03111";"0311102069";"Selar Kuning/Yellow Striped Travally alive, fresh or chilled";"04120";"30269000"
"";"105";"03111";"0311102070";"Selayang/Curut/Round Scad alive, fresh or chilled";"04120";"30269000"
"";"105";"03111";"0311102071";"Semilang/Catfish Eel alive, fresh or chilled";"04120";"30269000"
"";"105";"03111";"0311102072";"Senangin alive, fresh or chilled";"04120";"30269000"
"";"105";"03111";"0311102073";"Siakap alive, fresh or chilled";"04120";"30269000"
"";"105";"03111";"0311102074";"Talang/Queenfish (Leatherskin) alive, fresh or chilled";"04120";"30269000"
"";"105";"03111";"0311102075";"Tamban/Cincang Rebung alive, fresh or chilled";"04120";"30269000"
"";"105";"03111";"0311102076";"Tamban Beluru alive, fresh or chilled";"04120";"30269000"
"";"105";"03111";"0311102077";"Tamban Buluh Bulat/Rainbow Sardines alive, fresh or chilled";"04120";"30269000"
"";"105";"03111";"0311102078";"Tamban Sisek/Fringescale Sardinella alive, fresh or chilled";"04120";"30269000"
"";"105";"03111";"0311102079";"Temenggong/Lara-Bara alive, fresh or chilled";"04120";"30269000"
"";"105";"03111";"0311102080";"Temenong/Pelaling alive, fresh or chilled";"04120";"30269000"
"";"105";"03111";"0311102081";"Tenggiri alive, fresh or chilled";"04120";"30269000"
"";"105";"03111";"0311102082";"Terubok alive, fresh or chilled";"04120";"30269000"
"";"105";"03111";"0311102083";"Timah/Layor/Selayor alive, fresh or chilled";"04120";"30269000"
"";"105";"03111";"0311102084";"Yu/Shark alive, fresh or chilled";"04120";"30269000"
"";"105";"03111";"0311102085";"Bigeye tunas (Thunnus Obesus), of Flat fish alive, fresh or chilled";"04120";"30269000"
"";"105";"03111";"0311102086";"Other fish, excluding livers and roes, fresh, or chilled";"04120";"30269000"
"";"105";"03112";"0311201001";"Rock lobster and other sea crawfish, not frozen";"04210";"30621900"
"";"105";"03112";"0311201002";"Ketam Laut/Crab fresh or chilled";"04210";"0306.21 - .29"
"";"105";"03112";"0311201003";"Ketam Renjong/Ketam bunga Crab fresh or chilled";"04210";"0306.21 - .29"
"";"105";"03112";"0311201004";"Ketam Harimau fresh or chilled";"04210";"0306.21 - .29"
"";"105";"03112";"0311201005";"Ketam Nipah/Ketam Batu alive (fresh or chilled)";"04210";"0306.21 - .29"
"";"105";"03112";"0311201006";"Udang Baring fresh or chilled";"04210";"30623910"
"";"105";"03112";"0311201007";"Udang Cendana Rotan fresh or chilled";"04210";"30623910"
"";"105";"03112";"0311201008";"Udang Harimau fresh or chilled";"04210";"30623910"
"";"105";"03112";"0311201009";"Udang Kaki Merah/Sua Lor fresh or chilled";"04210";"30623910"
"";"105";"03112";"0311201010";"Udang Karang fresh or chilled";"04210";"30623910"
"";"105";"03112";"0311201011";"Udang Kulit Keras fresh or chilled";"04210";"30623910"
"";"105";"03112";"0311201012";"Udang Kuning fresh or chilled";"04210";"30623910"
"";"105";"03112";"0311201013";"Udang Merah Ros fresh or chilled";"04210";"30623910"
"";"105";"03112";"0311201014";"Udang Minyak fresh or chilled";"04210";"30623910"
"";"105";"03112";"0311201015";"Udang Pasir fresh or chilled";"04210";"30623910"
"";"105";"03112";"0311201016";"Udang Putih fresh or chilled";"04210";"30623910"
"";"105";"03112";"0311201017";"Udang Cendana Rotan fresh or chilled";"04210";"30623910"
"";"105";"03112";"0311201018";"Udang Merah fresh or chilled";"04210";"30623910"
"";"105";"03112";"0311201019";"Udang Lipan fresh or chilled";"04210";"30623910"
"";"105";"03112";"0311202001";"Oysters, alive, fresh or chilled";"04220";"30710000"
"";"105";"03112";"0311203001";"Siput Retak Seribu Lala, fresh or chilled";"04291";"30791190"
"";"105";"03112";"0311203002";"Sotong Biasa/Cumit, fresh or chilled";"04291";"30791190"
"";"105";"03112";"0311203003";"Sotong Katak, fresh or chilled";"04291";"30791190"
"";"105";"03112";"0311203004";"Scallops, fresh or chilled";"04291";"30721000"
"";"105";"03112";"0311203005";"Mussels,fresh or chilled";"04291";"30731000"
"";"105";"03112";"0311203006";"Cuttle fish and squid, fresh or chilled";"04291";"30741000"
"";"105";"03112";"0311203007";"Octopus, fresh or chilled";"04291";"30751000"
"";"105";"03112";"0311203008";"Beche-de-mer (trepang) fresh or chilled";"04291";"30791110"
"";"105";"03112";"0311203009";"Siput sedut, alive fresh or chilled";"04291";"30791110"
"";"105";"03112";"0311203010";"Jellyfish (Ubur-ubur) fresh or chilled";"04291";"30791110"
"";"105";"03112";"0311204001";"Other aquatic invertebrates, other than crustaceans and molluscs, fresh or chilled";"04299";"30791190"
"";"105";"03112";"0311204002";"Other aquatic invertebrates, fresh or chilled";"04299";"30791900"
"";"105";"03113";"0311301001";"Sea squirts";"04299";"30791190"
"";"105";"03113";"0311301002";"Tunicata";"04299";"30791190"
"";"105";"03113";"0311301003";"Sea Urchins";"04299";"30791190"
"";"105";"03113";"0311301004";"Sea cucumber (Gamat)";"04299";"30791190"
"";"105";"03115";"0311501001";"Natural pearls";"38210";"710110000"
"";"105";"03115";"0311501002";"Cultured pearls, unworked";"38210";"710121000"
"";"105";"03115";"0311502001";"Coral and shells, unworked , powder and waste thereof";"04910";"50800000"
"";"105";"03121";"0312101001";"Baung, lake/rivers, alive, fresh and chilled";"04120";"30269000"
"";"105";"03121";"0312101002";"Belida, lake/rivers alive, fresh and chilled";"04120";"30269000"
"";"105";"03121";"0312101003";"Belut, lake/rivers alive, fresh and chilled";"04120";"30269000"
"";"105";"03121";"0312101004";"Bujuk, lake/rivers alive, fresh and chilled";"04120";"30269000"
"";"105";"03121";"0312101005";"Gohok, lake/rivers alive, fresh and chilled";"04120";"30269000"
"";"105";"03121";"0312101006";"Haruan, lake/rivers alive, fresh and chilled";"04120";"30269000"
"";"105";"03121";"0312101007";"Jelawat, lake/rivers alive, fresh and chilled";"04120";"30269000"
"";"105";"03121";"0312101008";"Juara, lake/rivers alive, fresh and chilled";"04120";"30269000"
"";"105";"03121";"0312101009";"Kaloi, lake/rivers alive, fresh and chilled";"04120";"30269000"
"";"105";"03121";"0312101010";"Kap Kepala Besar, lake/rivers alive, fresh and chilled";"04120";"30269000"
"";"105";"03121";"0312101011";"Kap Rumput, lake/rivers alive, fresh and chilled";"04120";"30269000"
"";"105";"03121";"0312101012";"Kelabu, lake/rivers alive, fresh and chilled";"04120";"30269000"
"";"105";"03121";"0312101013";"Kelah, lake/rivers alive, fresh and chilled";"04120";"30269000"
"";"105";"03121";"0312101014";"Keli, lake/rivers alive, fresh and chilled";"04120";"30269000"
"";"105";"03121";"0312101015";"Kenerek, lake/rivers alive, fresh and chilled";"04120";"30269000"
"";"105";"03121";"0312101016";"Ketutu, lake/rivers alive, fresh and chilled";"04120";"30269000"
"";"105";"03121";"0312101017";"Kerai,lake/rivers alive, fresh and chilled";"04120";"30269000"
"";"105";"03121";"0312101018";"Lampam Jawa, lake/rivers alive, fresh and chilled";"04120";"30269000"
"";"105";"03121";"0312101019";"Lampam Sungai,lake/rivers alive, fresh and chilled";"04120";"30269000"
"";"105";"03121";"0312101020";"Lee Koh, lake/rivers alive, fresh and chilled";"04120";"30269000"
"";"105";"03121";"0312101021";"Lomah, lake/rivers alive, fresh and chilled";"04120";"30269000"
"";"105";"03121";"0312101022";"Patin, lake/rivers alive, fresh and chilled";"04120";"30269000"
"";"105";"03121";"0312101023";"Patin Buah, lake/rivers alive, fresh and chilled";"04120";"30269000"
"";"105";"03121";"0312101024";"Patin Munchong, lake/rivers alive, fresh and chilled";"04120";"30269000"
"";"105";"03121";"0312101025";"Puyu, lake/rivers alive, fresh and chilled";"04120";"30269000"
"";"105";"03121";"0312101026";"Sebarau, lake/rivers alive, fresh and chilled";"04120";"30269000"
"";"105";"03121";"0312101027";"Selat, lake/rivers alive, fresh and chilled";"04120";"30269000"
"";"105";"03121";"0312101028";"Sepat Siam, lake/rivers alive, fresh and chilled";"04120";"30269000"
"";"105";"03121";"0312101029";"Sepat Padi, lake/rivers alive, fresh and chilled";"04120";"30269000"
"";"105";"03121";"0312101030";"Tapah, lake/rivers alive, fresh and chilled";"04120";"30269000"
"";"105";"03121";"0312101031";"Tamalian, lake/rivers alive, fresh and chilled";"04120";"30269000"
"";"105";"03121";"0312101032";"Temakang, lake/rivers alive, fresh and chilled";"04120";"30269000"
"";"105";"03121";"0312101033";"Temoleh, lake/rivers alive, fresh and chilled";"04120";"30269000"
"";"105";"03121";"0312101034";"Temperas, lake/rivers alive, fresh and chilled";"04120";"30269000"
"";"105";"03121";"0312101035";"Tengelan, lake/rivers alive, fresh and chilled";"04120";"30269000"
"";"105";"03121";"0312101036";"Tengas, lake/rivers alive, fresh and chilled";"04120";"30269000"
"";"105";"03121";"0312101037";"Terubul, lake/rivers alive, fresh and chilled";"04120";"30269000"
"";"105";"03121";"0312101038";"Tilapia Nilotika, lake/rivers alive, fresh and chilled";"04120";"30269000"
"";"105";"03121";"0312101039";"Tilapia Merah, lake/rivers alive, fresh and chilled";"04120";"30269000"
"";"105";"03121";"0312101040";"Tilapia Hitam, lake/rivers alive, fresh and chilled";"04120";"30269000"
"";"105";"03121";"0312101041";"Toman, lake/rivers alive, fresh and chilled";"04120";"30269000"
"";"105";"03121";"0312101042";"Sepilai/Laga, lake/rivers alive";"04120";"30269000"
"";"105";"03121";"0312101043";"Others lake/rivers alive, fresh and chilled";"04120";"30269000"
"";"105";"03122";"0312201001";"Giant freshwater prawn/Udang Galah, lake/rivers";"04210";"0306.21 - .29"
"";"105";"03123";"0312301001";"Blood worm";"04299";"30791190"
"";"105";"03123";"0312301002";"Lintah";"04299";"30791190"
"";"105";"03123";"0312301003";"Marine worms/Umpun-umpun";"04299";"30791190"
"";"105";"03211";"0321101001";"Ornamental fish, fry, alive";"04111";"30110100"
"";"105";"03211";"0321101002";"Other ornamental fish, other than fry, alive";"04111";"30110900"
"";"105";"03211";"0321102001";"Barramundi (Siakap)";"04120";"30269000"
"";"105";"03211";"0321102002";"Mangrove Red Snapper (Siakap Merah)";"04120";"30269000"
"";"105";"03211";"0321102003";"Kerapu";"04120";"30269000"
"";"105";"03211";"0321102004";"Ikan Merah";"04120";"30269000"
"";"105";"03211";"0321102005";"Trout, other than fry, alive";"04120";"30269000"
"";"105";"03211";"0321102006";"Jenahak";"04120";"30269000"
"";"105";"03212";"0321201001";"Fish fry (anak ikan)";"04120";"30269000"
"";"105";"03212";"0321201002";"Fingerlings";"04120";"30269000"
"";"105";"03212";"0321201003";"Milkfish or lapu-lapu fry breeding, alive";"04120";"30269000"
"";"105";"03212";"0321202001";"Cockle Seed (Benih Kerang) Dewasa, brackishwater culture system";"04210";"30629100"
"";"105";"03212";"0321202002";"Mussels (Siput Sudu),brackishwater culture system";"04210";"30629100"
"";"105";"03212";"0321202003";"White Shrimp - Udang Putih (peringkat Naupli)";"04210";"30623110"
"";"105";"03212";"0321202004";"White Shrimp - Udang Putih (peringkat Post Larvae)";"04210";"0306.21 - .29"
"";"105";"03212";"0321202005";"Tiger Prawn - Udang Harimau (Naupli)";"04210";"30623110"
"";"105";"03212";"0321202006";"Tiger Prawn - Udang Harimau (Post Larvae)";"04210";"30623110"
"";"105";"03212";"0321202007";"Lobster lings";"04210";"0306.21 - .29"
"";"105";"03212";"0321202008";"Others crustaceans";"04210";"30629900"
"";"105";"03212";"0321203001";"Oysters/Tiram, brackishwater culture system";"04220";"30710000"
"";"105";"03213";"0321301001";"Seaweeds and other algae";"04930";"121220000"
"";"105";"03214";"0321401001";"Tiger Prawn";"04210";"30623110"
"";"105";"03214";"0321401002";"White Shrimp";"04210";"30623110"
"";"105";"03214";"0321401003";"Udang putih, lake/rivers";"04210";"30623110"
"";"105";"03214";"0321401004";"Mud Crab";"04210";"0306.21 - .29"
"";"105";"03214";"0321401005";"Ketam Nipah/Ketam Batu/Crab";"04210";"0306.21 - .29"
"";"105";"03214";"0321401006";"Ketam Merah/Crab";"04210";"0306.21 - .29"
"";"105";"03214";"0321401007";"Kerang dewasa";"04210";"0306.21 - .29"
"";"105";"03214";"0321402001";"Oysters/Tiram, brackishwater culture system (fry breeding)";"04220";"30710000"
"";"105";"03215";"0321501001";"Banding,brackishwater culture system";"04120";"30269000"
"";"105";"03215";"0321501002";"Jenahak,brackishwater culture system";"04120";"30269000"
"";"105";"03215";"0321501003";"Kerapu,brackishwater culture system";"04120";"30269000"
"";"105";"03215";"0321501004";"Merah,brackishwater culture system";"04120";"30269000"
"";"105";"03215";"0321501005";"Siakap,brackishwater culture system";"04120";"30269000"
"";"105";"03215";"0321501006";"Siakap Merah,brackishwater culture system";"04120";"30269000"
"";"105";"03215";"0321501007";"Tilapia Merah,brackishwater culture system";"04120";"30269000"
"";"105";"03215";"0321501008";"Milkfish or lapu-lapu fry, other than for breeding, alive";"04120";"30269000"
"";"105";"03215";"0321501009";"Others, brackishwater culture system";"04120";"30269000"
"";"105";"03215";"0321502001";"Ketam,brackishwater culture system";"04210";"0306.21 - .29"
"";"105";"03215";"0321502002";"Ketam kulit lembut";"04210";"0306.21 - .29"
"";"105";"03215";"0321502003";"Ketam Telur,brackishwater culture system";"04210";"0306.21 - .29"
"";"105";"03215";"0321502004";"Udang Harimau,brackishwater culture system";"04210";"30623110"
"";"105";"03215";"0321502005";"Udang Putih,brackishwater culture system";"04210";"30623110"
"";"105";"03215";"0321502006";"Siput sudu";"04210";"30629100"
"";"105";"03215";"0321502007";"Cockles";"04210";"30629100"
"";"105";"03215";"0321502008";"Others, brackishwater culture system";"04210";"30629100"
"";"105";"03215";"0321502009";"Oysters";"04210";"30710000"
"";"105";"03215";"0321503001";"Seaweed, brackishwater culture system";"04930";"121220000"
"";"105";"03217";"0321701001";"Services related to fishery and operational services to fish hatcheries and fish farms";"86150";"tiada"
"";"105";"03219";"0321901001";"Natural sponges of animal origin";"04920";"50900000"
"";"105";"03221";"0322101001";"Cyprinids bard";"04111";"30110900"
"";"105";"03221";"0322101002";"Daino";"04111";"30110900"
"";"105";"03221";"0322101003";"Goldfish";"04111";"30110900"
"";"105";"03221";"0322101004";"Koi";"04111";"30110900"
"";"105";"03221";"0322101005";"Cyprinodontids";"04111";"30110900"
"";"105";"03221";"0322101006";"Anabantids";"04111";"30110900"
"";"105";"03221";"0322101007";"Poecilids";"04111";"30110900"
"";"105";"03221";"0322101008";"Characins";"04111";"30110900"
"";"105";"03221";"0322101009";"Cichilid";"04111";"30110900"
"";"105";"03221";"0322101010";"Osteoglossids (Ikan Arowana)";"04111";"30110900"
"";"105";"03221";"0322101011";"Callichthyids";"04111";"30110900"
"";"105";"03221";"0322101012";"Cobitids";"04111";"30110900"
"";"105";"03221";"0322101013";"Common carp (lee koh)";"04111";"30110900"
"";"105";"03221";"0322101014";"Grass carp (kap rumput)";"04111";"30110900"
"";"105";"03221";"0322101015";"Bighead carp (kap kepala besar)";"04111";"30110900"
"";"105";"03221";"0322101016";"River carp (jelawat)";"04111";"30110900"
"";"105";"03221";"0322101017";"Other ornamental fish, other than fry, alive";"04111";"30110900"
"";"105";"03221";"0322102001";"Baung, freshwater culture system";"04119";"30199000"
"";"105";"03221";"0322102002";"Belida, freshwater culture system";"04119";"30192900"
"";"105";"03221";"0322102003";"Belut, freshwater culture system";"04119";"30199000"
"";"105";"03221";"0322102004";"Bujuk, freshwater culture system";"04119";"30199000"
"";"105";"03221";"0322102005";"Gohok, freshwater culture system";"04119";"30199000"
"";"105";"03221";"0322102006";"Haruan, freshwater culture system";"04119";"30199000"
"";"105";"03221";"0322102007";"Jelawat, freshwater culture system";"04119";"30192900"
"";"105";"03221";"0322102008";"Juara, freshwater culture system";"04119";"30199000"
"";"105";"03221";"0322102009";"Kaloi, freshwater culture system";"04119";"30193900"
"";"105";"03221";"0322102010";"Kap Kepala Besar, freshwater culture system";"04119";"30193900"
"";"105";"03221";"0322102011";"Kap Rumput, freshwater culture system";"04119";"30193900"
"";"105";"03221";"0322102012";"Kelabu, freshwater culture system";"04119";"30199000"
"";"105";"03221";"0322102013";"Kelah, freshwater culture system";"04119";"30199000"
"";"105";"03221";"0322102014";"Keli, freshwater culture system";"04119";"30199000"
"";"105";"03221";"0322102015";"Kenerek, freshwater culture system";"04119";"30199000"
"";"105";"03221";"0322102016";"Ketutu, freshwater culture system";"04119";"30199000"
"";"105";"03221";"0322102017";"Kerai, freshwater culture system";"04119";"30199000"
"";"105";"03221";"0322102018";"Lampam Jawa, freshwater culture system";"04119";"30199000"
"";"105";"03221";"0322102019";"Lampam Sungai, freshwater culture system";"04119";"30199000"
"";"105";"03221";"0322102020";"Lee Koh, freshwater culture system";"04119";"30193900"
"";"105";"03221";"0322102021";"Lomah, freshwater culture system";"04119";"30199000"
"";"105";"03221";"0322102022";"Patin, freshwater culture system";"04119";"30199000"
"";"105";"03221";"0322102023";"Patin Buah, freshwater culture system";"04119";"30199000"
"";"105";"03221";"0322102024";"Patin Munchong, freshwater culture system";"04119";"30199000"
"";"105";"03221";"0322102025";"Puyu, freshwater culture system";"04119";"30199000"
"";"105";"03221";"0322102026";"Sebarau, freshwater culture system";"04119";"30199000"
"";"105";"03221";"0322102027";"Selat, freshwater culture system";"04119";"30199000"
"";"105";"03221";"0322102028";"Sepat Siam, freshwater culture system";"04119";"30199000"
"";"105";"03221";"0322102029";"Sepat Padi, freshwater culture system";"04119";"30199000"
"";"105";"03221";"0322102030";"Tapah, freshwater culture system";"04119";"30199000"
"";"105";"03221";"0322102031";"Tamalian, freshwater culture system";"04119";"30199000"
"";"105";"03221";"0322102032";"Temakang, freshwater culture system";"04119";"30199000"
"";"105";"03221";"0322102033";"Temoleh, freshwater culture system";"04119";"30199000"
"";"105";"03221";"0322102034";"Temperas, freshwater culture system";"04119";"30199000"
"";"105";"03221";"0322102035";"Tengelan, freshwater culture system";"04119";"30199000"
"";"105";"03221";"0322102036";"Tengas, freshwater culture system";"04119";"30199000"
"";"105";"03221";"0322102037";"Terubul, freshwater culture system";"04119";"30199000"
"";"105";"03221";"0322102038";"Tilapia Nilotika, freshwater culture system";"04119";"030199000"
"";"105";"03221";"0322102039";"Tilapia Merah, freshwater culture system";"04119";"30199000"
"";"105";"03221";"0322102040";"Toman, freshwater culture system";"04119";"30199000"
"";"105";"03221";"0322102041";"Trout, fry, alive";"04119";"30199000"
"";"105";"03221";"0322102042";"Others, freshwater culture system";"04119";"30199000"
"";"105";"03221";"0322103001";"Aquatic Plants (Tumbuhan aquatik)";"04930";"121220000"
"";"105";"03222";"0322201001";"Giant freshwater prawn (udang galah)";"04210";"0306.21 - .29"
"";"105";"03222";"0322201002";"Udang kara air tawar";"04210";"0306.21 - .29"
"";"105";"03223";"0322301001";"Crocodile";"02195";"106.2"
"";"105";"03223";"0322301002";"Snake";"02195";"106.2"
"";"105";"03223";"0322301003";"Other reptiles";"02195";"106.2"
"";"105";"03224";"0322401001";"Services related to fishery and operational services to fish hatcheries and fish farms";"86150";"tiada"
"";"105";"03225";"0322501001";"Frogs, alive";"02920";"20820000"
"";"810";"36001";"3600101001";"Natural water (Treated, untreated or used water suitable for further use)"";"18000";"2201.90*"
"";"810";"36001";"3600102001";"a) own-account distribution of water through mains b) maintenance of water meters";"69210";"tiada"
"";"810";"36001";"3600103001";"a) own-account distribution of water by trucks and other means";"69230";"tiada"
"";"810";"36001";"3600104001";"Water distribution services through mains (on a fee or contract basis)";"86330";"tiada"
"";"810";"36001";"3600105001";"Water distribution services, except through mains (on a fee or contract basis) e.g: by trucks";"86350";"tiada"
"";"810";"37000";"3700001001";"Sewage removal services usually provided using equipment such as waste pipes, sewers or drains";"94110";"tiada"
"";"810";"37000";"3700001002";"Sewage treatment services using dilution, screening and filtering, sedimentation, chemical precipitation, etc.";"94110";"tiada"
"";"810";"37000";"3700002001";"Emptying and cleaning of cesspools and septic tanks, servicing of chemical toilets";"94120";"tiada"
"";"810";"38111";"3811101001";"Collection services of non-hazardous recyclable materials, residential";"94221";"tiada"
"";"810";"38111";"3811102001";"General collection of waste, garbage, rubbish, refuse, trash, and commingled materials from residential locations, including curbside collection, back door collection, or automated collection on a flexible or regular schedule";"94231";"tiada"
"";"810";"38113";"3811301001";"General collection of waste, garbage, rubbish, refuse, trash, and commingled materials from nonresidential locations, on a regular or flexible schedule";"94239";"tiada"
"";"810";"38114";"3811401001";"Waste collection specifically designed for the collection of non-hazardous recyclable materials: whether presorted or commingled, such as cardboard, paper, plastic, glass, aluminum, steel, and other recyclable materials from non-residential locations, o";"94229";"tiada"
"";"810";"38115";"3811501001";"Consolidation, temporary storage and preparation of non-hazardous recyclable materials";"94313";"tiada"
"";"810";"38115";"3811501002";"Transfer facility services of non-hazardous recyclable materials";"94313";"tiada"
"";"810";"38115";"3811501003";"Recovery and preparation of non- hazardous recyclable materials, such as bailing, cleaning, sorting, volume reduction and similar preparation and consolidation of recyclable materials, for transportation to an appropriate facility that processes recyclable";"94313";"tiada"
"";"810";"38115";"3811502001";"The consolidation, temporary storage and preparation of non-hazardous waste";"94319";"tiada"
"";"810";"38115";"3811502002";"Transfer facility services for non-hazardous waste";"94319";"tiada"
"";"810";"38115";"3811502003";"Consolidation and preparation of non- hazardous waste for transportation to an appropriate facility that processes waste";"94319";"tiada"
"";"810";"38121";"3812101001";"Waste collection specifically designed for the collection of: pathological wastes such as anatomical wastes, non- anatomical wastes, sharp wastes, such as needles and scalpels : other biological- infectious wastes from hospitals, medical practices, dental";"94211";"tiada"
"";"810";"38121";"3812102001";"Waste collection from industrial locations specifically designed for the collection of: hazardous wastes (except medical and biological) including materials that may be hazardous to human health or the environment and that require special handling techniq";"94212";"tiada"
"";"810";"38121";"3812103001";"Waste collection from non-industrial locations specifically designed for the collection of: hazardous waste including materials that may be hazardous to human health or the environment that require special handling techniques specified by legislation or";"94219";"tiada"
"";"810";"38122";"3812201001";"Consolidation and preparation of hazardous waste for transportation to an appropriate facility that processes waste";"94311";"tiada"
"";"810";"38122";"3812201002";"Services of drop-off centers, transfer stations and container stations";"94311";"tiada"
"";"810";"38210";"3821001001";"Disposal of non-hazardous waste on or in a sanitary landfill which meets the sanitary landfill criteria specified by legislation or regulation, i.e. designed to prevent leaking etc.";"94331";"tiada"
"";"810";"38210";"3821002001";"Disposal of non-hazardous waste on or in landfills other than a sanitary one";"94332";"tiada"
"";"810";"38210";"3821003001";"Incineration of non-hazardous waste in a facility that meets legal standard and requirements for incineration of non-hazardous waste";"94333";"tiada"
"";"810";"38210";"3821004001";"Services of chemical or biological reduction of agricultural waste, and similar treatment services";"94339";"tiada"
"";"810";"38220";"3822001001";"Treatment to reduce, eliminate, or transform hazardous waste: Process include biological, chemical, and/or physical procedures or incineration. These procedures may lead to a disposable residual or result in the recovery of a recyclable material.";"94321";"tiada"
"";"810";"38220";"3822002001";"Disposal services for hazardous waste at a facility that meets legal standards for the approved controlled containment facilities disposal of hazardous waste, such as at";"94322";"tiada"
"";"810";"38301";"3830101001";"Processing services of metal waste and scrap and of metal articles, whether or not used, into secondary raw material. Typical input consists of waste and scrap being sorted or unsorted but always unfit for further direct use in an industrial process, whe"";"89410";"tiada"
"";"810";"38302";"3830201001";"Shipbreaking, dismantling of wrecks, such as cars, computers etc., in order to obtain and separate recoverable materials";"94312";"tiada"
"";"810";"38303";"3830301001";"Reclaimed rubber";"36210";"4003"
"";"810";"38304";"3830401001";"Reclaimed rubber in primary forms or in plates, sheets or strip";"36210";"4003"
"";"810";"38309";"3830901001";"Processing services of non-metal waste and scrap and of non-metal articles, whether or not used, into secondary raw material. Typical input consists of waste and scrap being sorted or unsorted but always unfit for further direct use in an industrial proce";"89420";"tiada"
"";"810";"39000";"3900001001";"Services involved in implementing approved plans for the remediation of air on a contaminated site, that meet requirements specified by legislation or regulation";"94411";"tiada"
"";"810";"39000";"3900002001";"Services involved in implementing approved plans for the remediation of surface water on a contaminated site, that meet requirements specified by legislation or regulation";"94412";"tiada"
"";"810";"39000";"3900003001";"Services involved in implementing approved plans for the remediation of soil and groundwater on a contaminated site, that meet requirements specified by legislation or regulation";"94413";"tiada"
"";"810";"39000";"3900003002";"Maintenance and closure of landfills and other disposal sites";"94413";"tiada"
"";"810";"39000";"3900003003";"Operation, maintenance, closure of hazardous waste disposal facilities";"94413";"tiada"
"";"810";"39000";"3900004001";"Services involved in preventing additional or wider contamination on the site";"94420";"tiada"
"";"810";"39000";"3900004002";"Preventing the movement of uncontrolled contaminates from the site";"94420";"tiada"
"";"810";"39000";"3900004003";"Monitoring the site to determine the effectiveness of remediation activities";"94420";"tiada"
"";"810";"39000";"3900004004";"Controlling access to the contaminated site";"94420";"tiada"
"";"810";"39000";"3900004005";"Other site remediation services, n.e.c.";"94420";"tiada"
"";"810";"39000";"3900005001";"Development and implementation of a remediation plan that removes, destroys, contains, or otherwise reduces contaminants, such as asbestos, lead, radon, or other contaminates in a building";"94430";"tiada"
"";"810";"39000";"3900006001";"Environmental emergency response services";"94490";"tiada"
"";"810";"39000";"3900006002";"Other remediation services, n.e.c.";"94490";"tiada"
"";"810";"39000";"3900007001";"Other environmental protection services not elsewhere classified";"94900";"tiada"