"";"A";"A01";"SEKSYEN A : PERTANIAN, PERHUTANAN DAN PERIKANAN";"_";"_"
"";"A";"A01";"BAHAGIAN 01 : PENGELUARAN TANAMAN DAN TERNAKAN, PEMBURUAN DAN AKTIVITI PERKHIDMATAN BERKAITAN";"_";"_"
"";"A";"A01";"Bahagian ini termasuk dua aktiviti asas, iaitu pengeluaran hasil tanaman dan haiwan. Bahagian ini termasuk penanaman tanaman secara terbuka, di bawah lindungan atau di dalam rumah hijau. Kumpulan 015 (Pertanian campuran) tidak mengikut prinsip biasa dalam mengenal pasti aktiviti utama. Kebiasaannya unit pertanian terlibat dalam pengeluaran tanaman dan ternakan yang agak seimbang dan adalah tidak wajar untuk mengklasifikasikan mereka dalam satu kategori sahaja. <br> Bahagian ini termasuk penanaman tanaman tanpa tanah, termasuk hidroponik dan akuaponik. Bahagian ini turut termasuk aktiviti perkhidmatan sampingan kepada pertanian, serta aktiviti pemburuan, penjeratan dan aktiviti berkaitan. <br> Aktiviti pertanian tidak termasuk pemprosesan produk pertanian selanjutnya (diklasifikasikan di bawah Bahagian 10 dan 11 (Pembuatan produk makanan dan minuman) serta Bahagian 12 (Pembuatan produk tembakau)) melainkan pemprosesan yang diperlukan untuk menyediakan hasil tersebut bagi pasaran utama. Penyediaan produk untuk pasaran utama adalah termasuk dalam bahagian ini. <br> Bahagian ini tidak termasuk pembinaan di lapangan (cth. penteresan tanah pertanian, saliran, penyediaan tapak sawah, dll.) yang diklasifikasikan di bawah Seksyen F (Pembinaan) serta pembeli dan persatuan koperasi yang terlibat dalam pemasaran hasil ladang yang diklasifikasikan di bawah Seksyen G. Aktiviti landskap juga tidak termasuk di sini dan diklasifikasikan di bawah kelas 8130.";"_";"_"
"";"A";"A011";"KUMPULAN 011 Penanaman tanaman tidak kekal<br><br>Kumpulan ini termasuk penanaman tanaman tidak kekal, cth., tanaman yang tidak boleh mengeluarkan hasil lebih daripada dua musim. Termasuk juga penanaman tumbuh-tumbuhan untuk tujuan pengeluaran benih.";"_";"_"
"";"A";"A012";"KUMPULAN 012 Penanaman tanaman kekal<br><br>Kumpulan ini termasuk penanaman tanaman kekal, cth., tanaman yang dapat mengeluarkan hasil lebih daripada dua musim sama ada dengan tumbuh semula selepas satu musim penanaman atau tumbuh berterusan. Termasuk penanaman tumbuh-tumbuhan untuk tujuan pengeluaran benih.";"_";"_"
"";"A";"A013";"KUMPULAN 013 Pembiakan tumbuhan<br><br>Kumpulan ini termasuk pengeluaran semua bahagian tumbuhan termasuk tampang, sulur dan anak pokok untuk pembiakan tanaman atau untuk menambahkan stok tunas baka terpilih bagi tujuan penanaman untuk menghasilkan tumbuhan. Kumpulan ini termasuk juga penanaman tumbuhan sebagai tanaman| penanaman tumbuhan untuk tujuan hiasan termasuk rumput untuk dipindah tanam| penanaman tumbuhan hidup untuk bebawang, ubi dan akar| keratan dan hirisan| benih cendawan| serta operasi tapak semaian pokok kecuali tapak semaian pokok hutan. <br><br>Kumpulan ini tidak termasuk penanaman tumbuhan untuk tujuan pengeluaran benih serta operasi tapak semaian pokok hutan.";"_";"_"
"";"A";"A014";"KUMPULAN 014 Pengeluaran ternakan<br><br>Kumpulan ini termasuk penternakan (ladang), pembiakan dan pengeluaran semua haiwan, kecuali haiwan akuatik. Kumpulan ini tidak termasuk penjagaan dan pemeliharaan haiwan ladang (boarding and care), dan pengeluaran kulit dan kulit berbulu daripada rumah penyembelihan.";"_";"_"
"";"A";"A015";"KUMPULAN 015 Pertanian campuran<br><br>Kumpulan ini termasuk gabungan pengeluaran tanaman dan haiwan tanpa pengeluaran tanaman atau ternakan yang khusus. Saiz keseluruhan operasi pertanian bukan faktor penentu. Jika, sebagai contoh, pengeluaran tanaman atau haiwan dalam sesuatu unit yang diberi 66% atau melebihi standard output, kombinasi aktiviti ini tidak seharusnya dimasukkan di sini, tetapi diletakkan di dalam tanaman atau penternakan haiwan. <br><br>Kumpulan ini tidak termasuk penanaman tanaman campuran (lihat kumpulan 011 dan 012) dan ternakan campuran (lihat kumpulan 014).";"_";"_"
"";"A";"A016";"KUMPULAN 016 Aktiviti sokongan untuk pertanian dan aktiviti selepas tuaian<br><br>Kumpulan ini termasuk aktiviti sokongan untuk pengeluaran pertanian dan aktiviti menyerupai pertanian yang bukan dijalankan untuk tujuan pengeluaran (dalam bentuk tuaian produk pertanian), biasanya dibuat berasaskan yuran atau kontrak. Termasuk juga aktiviti selepas tuaian, bertujuan untuk menyediakan produk pertanian untuk pasaran utama.";"_";"_"
"";"A";"A017";"KUMPULAN 017 Pemburuan, penjeratan dan aktiviti perkhidmatan berkaitan<br><br>Kumpulan ini termasuk pemburuan dan penjeratan berasaskan komersial| penangkapan haiwan liar (mati atau hidup) untuk makanan, bulu, kulit| kawalan populasi haiwan atau untuk kegunaan penyelidikan, di zoo atau sebagai binatang peliharaan| pengeluaran bagi kulit bulu, reptilia atau kulit burung dari aktiviti pemburuan atau penjeratan| penangkapan katak dan kodok di habitat liar| serta pengumpulan siput di habitat liar. <br><br>Kumpulan ini juga termasuk penangkapan mamalia laut berasaskan darat seperti walrus dan anjing laut, pemburuan musang, cerpelai dan serigala untuk tujuan melindungi ternakan serta pemburuan bagi tujuan kawalan populasi haiwan.<br><br>Kumpulan ini tidak termasuk pengeluaran kulit berbulu, kulit burung atau kulit reptilia daripada operasi ladang ternakan, penternakan haiwan buruan di ladang khas, kawalan makhluk perosak (termasuk arnab) yang berkaitan dengan pertanian, penangkapan ikan paus, pengeluaran kulit daripada rumah penyembelihan, pemburuan untuk tujuan sukan atau rekreasi dan aktiviti perkhidmatan berkaitan serta aktiviti perkhidmatan untuk mempromosi pemburuan dan penjeratan haiwan.";"_";"_"
"";"A";"01";"BAHAGIAN 01 : PENGELUARAN TANAMAN DAN TERNAKAN, PEMBURUAN DAN AKTIVITI PERKHIDMATAN BERKAITAN";"_";"_"
"";"A";"011";"Kumpulan 011 : Penanaman tanaman tidak kekal";"_";"_"
"";"A";"0111(1)";"Penanaman bijirin (kecuali padi), tanaman kekacang dan bijian berminyak";"";"(1) Termasuk: penanaman tanaman campuran di dalam unit pertanian <br>Tidak termasuk: (a) penanaman jagung manis, lihat 01139<br> (b) penanaman jagung, lupin, kailan untuk makanan ternakan, lihat 01199 <br> (c) penanaman buah-buahan oleaginus, lihat 0126"
"";"A";"01111";"Penanaman jagung";"01111";"_"
"";"A";"01112";"Penanaman tanaman kekacang (2)";"01112";"(2) Termasuk: penanaman kacang, kacang parang, kacang kuda, kacang lembu, kacang lentil, kacang lupin, kacang pea dan kacang hijau"
"";"A";"01113";"Penanaman bijian berminyak (3)";"01113";"(3) Termasuk: penanaman kacang soya, kacang tanah, kacang kastor, biji rami, biji sawi, biji niger, biji rap, biji bunga safflower, biji bijian dan biji bunga matahari"
"";"A";"01119";"Penanaman bijirin lain t.t.t.l.(4)";"01119";"(4) Termasuk: penanaman gandum, sorgum, barli, rai, oat, millet, quinoa, amaranth, dan chia"
"";"A";"0112(5)";"Penanaman beras (padi)";"_";"(5) Termasuk: tanaman organik dan penanaman padi yang dimodifikasi secara genetik"
"";"A";"01120";"Penanaman beras (padi)";"01120";"(5) Termasuk: tanaman organik dan penanaman padi yang dimodifikasi secara genetik"
"";"A";"0113 (6)";"Penanaman sayur-sayuran dan tembikai, akar dan ubi";"";"(6) Tidak termasuk: penanaman rempah ratus dan tanaman aromatik yang lain, lihat 0128"
"";"A";"01131";"Penanaman sawi";"01131p, 01135p";"_"
"";"A";"01132";"Penanaman bayam";"01131p, 01135p";"_"
"";"A";"01";"BAHAGIAN 01 : PENGELUARAN TANAMAN DAN TERNAKAN, PEMBURUAN DAN AKTIVITI PERKHIDMATAN BERKAITAN";"_"";"_"
"";"A";"011";"Kumpulan 011 : Penanaman tanaman tidak kekal";"_"";"_"
"";"A";"01133";"Penanaman tembikai (1)";"01133";"(1) Termasuk: penanaman tembikai, milk melon, fragrant melon, tembikai susu dan tembikai wangi"
"";"A";"01134";"Penanaman cendawan dan trufel";"01134";"_"
"";"A";"01135";"Penanaman timun";"01132p, 01135p";"_"
"";"A";"01136";"Penanaman terung (aubergines)";"01132p, 01135p";"_"
"";"A";"01137";"Penanaman kobis";"01131p, 01135p";"_"
"";"A";"01138";"Penanaman tomato";"01132p, 01135p";"_"
"";"A";"01139";"Penanaman sayur-sayuran dan ubi lain t.t.t.l.(2)";"01135p, 01136, 01137, 01138";"(2) Termasuk: <br>(a) penanaman lobak, bawang putih, bawang besar (termasuk bawang merah), ubi gula, ubi kentang, keledek, ubi kayu, keladi dan jagung manis <br>(b) penanaman benih sayur dan benih ubi gula <br>Tidak termasuk: penanaman bebawang, ubi, dan benih cendawan, lihat 01303"
"";"A";"0114";"Penanaman tebu";"_";"_"
"";"A";"01140";"Penanaman tebu";"01140";"_"
"";"A";"0115(3)";"Penanaman tembakau";"";"(3) Tidak termasuk: pembuatan produk tembakau, lihat 12000"
"";"A";"01150";"Penanaman tembakau";"01150";"(3) Tidak termasuk: pembuatan produk tembakau, lihat 12000"
"";"A";"01";"BAHAGIAN 01 : PENGELUARAN TANAMAN DAN TERNAKAN, PEMBURUAN DAN AKTIVITI PERKHIDMATAN BERKAITAN;"_";"_"
"";"A";"011";"Kumpulan 011 : Penanaman tanaman tidak kekal;"_";"_"
"";"A";"0116";"Penanaman tanaman berserat";"_";"_"
"";"A";"01161";"Penanaman kenaf";"01160p";"_"
"";"A";"01169";"Penanaman tanaman berserat yang lain t.t.t.l.(1)";"01160p";"(1) Termasuk: <br>(a) penanaman pokok kapas <br>(b) penanaman jut dan lain-lain tanaman berserat untuk tekstil <br>(c) penanaman pokok flaks dan hem <br>(d) penanaman sisal dan lain-lain tanaman berserat dari jenis daun berduri untuk tujuan tekstil <br>(e) penanaman abaka, rami dan sayuran berserat untuk tekstil"
"";"A";"0117";"Penanaman cili dan lada (lada benggala spp.)";"_";"_"
"";"A";"01170";"Penanaman cili dan lada (lada benggala spp.)";"01282";"_"
"";"A";"0119(2)";"Penanaman tanaman bukan kekal lain";"_";"(2) Tidak termasuk: <br>(a) penanaman rempah bukan kekal, aromatik dan tanaman untuk tujuan ubat, lihat 0128 <br>(b) penanaman benih ubi gula, lihat 01139"
"";"A";"01191";"Penanaman bunga";"01191";"_"
"";"A";"01192";"Penanaman biji benih bungaan";"01192";"_"
"";"A";"01193";"Penanaman sagu (rumbia)";"01193;"_"
"";"A";"01194";"Penanaman napier";"01199p;"_"
"";"A";"01195";"Penanaman pokok roselle";"01296;"_"
"";"A";"01199";"Penanaman tanaman bukan kekal lain t.t.t.l. (3)";"01199p";"(3) Termasuk: penanaman jagung dan tumbuhan lain untuk makanan ternakan, ketum ayam"
"";"A";"01";"BAHAGIAN 01 : PENGELUARAN TANAMAN DAN TERNAKAN, PEMBURUAN DAN AKTIVITI PERKHIDMATAN BERKAITAN";"_";"_"
"";"A";"012";"Kumpulan 012 : Penanaman tanaman kekal";"_";"_"
"";"A";"0121(1)";"Penanaman anggur";"";"(1) Termasuk: penanaman anggur untuk penggunaan atau pengeluaran wain, jus, cuka dan buah kering lain, cth. kismis, zante currants dan sultanas<br> Tidak termasuk:<br>(a) membuat wain, lihat 1102<br>(b) pemprosesan dan pengawetan anggur, lihat 1030"
"";"A";"01210";"Penanaman anggur";"01210";"_"
"";"A";"0122";"Penanaman buah-buahan tropika dan subtropika";"_";"_"
"";"A";"01221";"Penanaman pisang";"01221";"_"
"";"A";"01222";"Penanaman mangga";"01222";"_"
"";"A";"01223";"Penanaman durian";"01223";"[pokok durian belanda rujuk 01229]"
"";"A";"01224";"Penanaman rambutan";"01224";"_"
"";"A";"01225";"Penanaman buah belimbing";"01225";"_"
"";"A";"01226";"Penanaman betik";"01226";"_"
"";"A";"01227";"Penanaman nanas";"01227";"_"
"";"A";"01228";"Penanaman buah naga";"01228";"_"
"";"A";"01229";"Penanaman buah-buahan tropika dan subtropika lain t.t.t.l. (2)";"01229";"(2) Termasuk: ciku, duku, duku langsat, langsat, dokong, cempedak, kedondong, durian belanda, salak, pulasan, longan, mata kucing, nangka, manggis dan avokado"
"";"A";"0123";"Penanaman buah-buahan limau/sitrus";"_";"_"
"";"A";"01231";"Penanaman limau bali";"01231";"_"
"";"A";"01232";"Penanaman lemon dan limau nipis(3)";"01232";"(3) Termasuk: penanaman limau (rempah)"
"";"A";"01233";"Penanaman tangerin dan limau mandarin";"01233";"_"
"";"A";"01239";"Penanaman buah-buahan limau/sitrus lain t.t.t.l.";"01239";"_"
"";"A";"01";"BAHAGIAN 01 : PENGELUARAN TANAMAN DAN TERNAKAN, PEMBURUAN DAN AKTIVITI PERKHIDMATAN BERKAITAN";"_";"_"
"";"A";"012";"Kumpulan 012 : Penanaman tanaman kekal";"_";"_"
"";"A";"0124";"Penanaman buah-buahan delima dan buah-buahan berbiji";"_";"_"
"";"A";"01241";"Penanaman jambu batu";"01241";"_"
"";"A";"01249";"Penanaman buah-buahan delima dan berbiji lain t.t.t.l.";"01249";"_"
"";"A";"0125(1)";"Penanaman pokok lain dan buah-buahan bertandan dan kekacang";"_";"(1) Tidak termasuk:<br>(a) penanaman kelapa, lihat 01263<br>(b) pengutipan beri atau kekacang, lihat 02309"
"";"A";"01251";"Penanaman buah beri(2)";"01251";"(2)Termasuk: strawberi, beri biru, currants, buah cermai, buah kiwi, raspberi dan buah beri lain"
"";"A";"01252";"Penanaman biji benih buah-buahan";"01252";"_"
"";"A";"01253";"Penanaman kekacang yang boleh dimakan(3)";"01253";"(3)Termasuk: penanaman badam, gajus, buah berangan, kacang hazel, kacang pistachio, walnut"
"";"A";"01259";"Penanaman pokok dan buah-buahan bertandan lain(4)";"01259";"(4)Termasuk: penanaman kacang belalang"
"";"A";"0126(5)";"Penanaman buah untuk minyak (oleaginus)";"";"(5) Tidak termasuk: penanaman kacang soya, kacang tanah dan bijian lain untuk minyak lihat 0111"
"";"A";"01261";"Penanaman kelapa sawit (estet)";"01261";"_"
"";"A";"01262";"Penanaman kelapa sawit (kebun kecil)";"01262";"_"
"";"A";"01263";"Penanaman kelapa (estet dan kebun kecil)";"01263";"_"
"";"A";"01269";"Penanaman buah-buah lain untuk minyak t.t.t.l.";"01269";"_"
"";"A";"0127";"Penanaman tanaman minuman";"_";"_"
"";"A";"01271";"Penanaman kopi";"01271";"_"
"";"A";"01272";"Penanaman teh";"01272";"_"
"";"A";"01273";"Penanaman koko";"01273";"_"
"";"A";"01279";"Penanaman tanaman minuman lain t.t.t.l.";"01279";"_"
"";"A";"01";"BAHAGIAN 01 : PENGELUARAN TANAMAN DAN TERNAKAN, PEMBURUAN DAN AKTIVITI PERKHIDMATAN BERKAITAN";"_";"_"
"";"A";"012";"Kumpulan 012 : Penanaman tanaman kekal";"_";"_"
"";"A";"0128(1)";"Penanaman rempah ratus, aromatik dan tanaman untuk ubat";"_";"(1)Tidak termasuk: pengeringan rempah ratus, tumbuhan aromatik, perubatan dan farmaseutikal secara pengeringan matahari jika dijalankan oleh unit yang berbeza, lihat 0163"
"";"A";"01281";"Penanaman lada hitam (piper nigrum)";"01281";"_"
"";"A";"01282";"Penanaman sacha inchi";"01289p";"_"
"";"A";"01283";"Penanaman buah pala";"01283";"_"
"";"A";"01284";"Penanaman halia";"01284";"_"
"";"A";"01285";"Penanaman tanaman untuk perubatan, farmaseutikal, minyak wangi, racun serangga dan seumpamanya(2)";"01285";"(2)Termasuk: penanaman serai wangi, daun pandan dan bunga tanjung"
"";"A";"01289";"Penanaman tanaman rempah ratus dan aromatik lain t.t.t.l.(3)";"01289";"(3)Termasuk:<br>(a) penanaman pokok misai kucing <br>(b) penanaman pokok tongkat ali<br>(c) penanaman kayu manis dan bunga cengkih"
"";"A";"0129";"Penanaman tanaman kekal lain";"_";"_"
"";"A";"01291";"Penanaman pokok getah (estet)";"01291";"_"
"";"A";"01292";"Penanaman pokok getah (kebun kecil)";"01292";"_"
"";"A";"01293";"Penanaman pokok untuk pengekstrakan sap(4)";"01293";"(4)Tidak termasuk: pengumpulan getah atau getah pokok daripada tumbuh-tumbuhan liar, lihat 02309"
"";"A";"01294";"Penanaman pokok nipah";"01294";"_"
"";"A";"01295";"Penanaman pokok pinang";"01295";"_"
"";"A";"01299";"Penanaman tanaman kekal lain t.t.t.l. (5)";"01299";"(5)Termasuk:<br>(a) penanaman pokok krismas<br>(b) penanaman bahan tumbuhan yang lazim digunakan untuk dianyam (cth. mengkuang, buluh, rotan)"
"";"A";"01";"BAHAGIAN 01 : PENGELUARAN TANAMAN DAN TERNAKAN, PEMBURUAN DAN AKTIVITI PERKHIDMATAN BERKAITAN";"_";"_"
"";"A";"013";"Kumpulan 013 : Pembiakan tumbuhan";"_";"_"
"";"A";"0130(1)";"Pembiakan tumbuhan";"_";"(1)Tidak termasuk: penanaman tumbuhan untuk tujuan pengeluaran benih, lihat kumpulan 011 dan 012"
"";"A";"01301";"Penanaman tumbuhan sebagai tanaman";"01301";"_"
"";"A";"01302";"Penanaman tumbuhan untuk tujuan hiasan(2)";"01302";"(2)Termasuk: rumput untuk dipindah tanam"
"";"A";"01303";"Penanaman tumbuhan untuk bebawang, ubi dan akar / keratan dan slips / benih cendawan";"01303";"_"
"";"A";"01304";"Operasi tapak semaian pokok (nurseries)(3)";"01304";"(3)Tidak termasuk: operasi tapak semaian pokok hutan, lihat 02103"
"";"A";"01";"BAHAGIAN 01 : PENGELUARAN TANAMAN DAN TERNAKAN, PEMBURUAN DAN AKTIVITI PERKHIDMATAN BERKAITAN";"_";"_"
"";"A";"014";"Kumpulan 014 : Pengeluaran ternakan";"_";"_"
"";"A";"0141(1)";"Penternakan lembu dan kerbau";"_";"(1)Tidak termasuk: pemprosesan susu, lihat 1050"
"";"A";"01411";"Penternakan, pembiakan dan pengeluaran lembu(2) 01411p,";"01413";"(2)Termasuk: pengeluaran air mani lembu"
"";"A";"01412";"Penternakan, pembiakan dan pengeluaran kerbau";"01411p";"_"
"";"A";"01413";"Pengeluaran susu mentah daripada lembu atau kerbau";"01412";"_"
"";"A";"0142(3)";"Penternakan kuda dan kuda lumba lain";"_";"(3)Termasuk: kuda lumba<br>Tidak termasuk: operasi kandang untuk kuda perlumbaan dan tunggangan, lihat 9319"
"";"A";"01420";"Penternakan dan pembiakan kuda, keldai, baghal atau hinnes";"01420";"_"
"";"A";"0143";"Penternakan unta dan camelid";"_";"_"
"";"A";"01430";"Penternakan dan pembiakan unta (dromedary) dan camelid";"01430";"_"
"";"A";"0144(4)";"Penternakan biri-biri dan kambing";"_";"(4)Tidak termasuk:<br>(a) pengguntingan bulu biri-biri berasaskan yuran atau kontrak, lihat 0162 <br>(b) pengeluaran bulu biri-biri, lihat 10103 <br>(c) pemprosesan susu, lihat 1050"
"";"A";"01441";"Penternakan, pembiakan dan pengeluaran biri-biri";"01441p";"_"
"";"A";"01442";"Penternakan, pembiakan dan pengeluaran kambing";"01441p";"_"
"";"A";"01443";"Pengeluaran susu mentah biri-biri atau kambing";"01442";"_"
"";"A";"01444";"Pengeluaran bulu belum proses";"01443";"_"
"";"A";"0145";"Penternakan babi";"_";"_"
"";"A";"01450";"Penternakan, pembiakan dan pengeluaran babi";"01450";"_"
"";"A";"01";"BAHAGIAN 01 : PENGELUARAN TANAMAN DAN TERNAKAN, PEMBURUAN DAN";"_";"_"
"";"A";"014";"Kumpulan 014 : Pengeluaran ternakan";"_";"_"
"";"A";"0146(1)";"Penternakan unggas";"_";"(1)Tidak termasuk: pengeluaran bulu, lihat 1010"
"";"A";"01461";"Penternakan, pembiakan dan pengeluaran ayam, ayam daging";"01461p";"_"
"";"A";"01462";"Penternakan, pembiakan dan pengeluaran ayam penelur";"01461p";"_"
"";"A";"01463";"Penternakan, pembiakan dan pengeluaran itik";"01462";"_"
"";"A";"01464";"Penternakan, pembiakan dan pengeluaran burung puyuh(2)";"01464";"(2)Termasuk: pengeluaran telur burung puyuh"
"";"A";"01465";"Penternakan dan pembiakan unggas lain t.t.t.l.(3) 01463,";"01465";"(3)Termasuk:<br>(a) penternakan dan pembiakan ayam belanda dan ayam mutiara <br>(b) penternakan, pembiakan dan pengeluaran angsa"
"";"A";"01466";"Pengeluaran telur ayam";"01466";"_"
"";"A";"01467";"Pengeluaran telur itik";"01467";"_"
"";"A";"01468";"Pengeluaran telur unggas lain t.t.t.l.";"01468";"_"
"";"A";"01469";"Operasi penetasan unggas";"01469";"_"
"";"A";"0149(4)";"Penternakan haiwan lain";"_";"(4)Tidak termasuk: <br>(a) pengeluaran kulit haiwan hasil daripada pemburuan dan penjeratan, lihat 0170 <br>(b) operasi ternakan katak, buaya, cacing laut, lihat 03225, 03218 <br>(c) operasi ternakan ikan, lihat 03211, 03221 <br>(d) melatih haiwan peliharaan, lihat 96094"
"";"A";"01491";"Penternakan, pembiakan dan pengeluaran haiwan separuh jinak(5)";"01491";"(5)Termasuk: burung kasawari (emu), burung unta, serangga, arnab dan haiwan berbulu lain"
"";"A";"01492";"Pengeluaran kulit berbulu, kulit burung atau reptilia dari operasi ladang ternakan";"01492";"_"
"";"A";"01493";"Operasi ternakan cacing, moluska, siput";"01493";"_"
"";"A";"01";"BAHAGIAN 01 : PENGELUARAN TANAMAN DAN TERNAKAN, PEMBURUAN DAN AKTIVITI PERKHIDMATAN BERKAITAN";"_";"_"
"";"A";"015";"Kumpulan 015 : Pertanian campuran";"_";"_"
"";"A";"01494";"Penternakan ulat sutera dan pengeluaran hasil kepompong ulat sutera";"01494";"_"
"";"A";"01495";"Penternakan lebah dan pengeluaran hasil madu dan lilin lebah";"01495";"_"
"";"A";"01496";"Penternakan dan pembiakan haiwan peliharaan(1)";"01496";"(1)Tidak termasuk: penternakan ikan hiasan air laut/air tawar, lihat 03211, 03221"
"";"A";"01497";"Penternakan dan pembiakan burung walit";"01497";"_"
"";"A";"01499";"Penternakan pelbagai/haiwan lain t.t.t.l.(2)";"01499";"(2)Termasuk: haiwan eksotik dan lain-lain (cth. iguana, ular)"
"";"A";"0150(3)";"Pertanian campuran";"_";"(3)Termasuk: kombinasi pengeluaran tanaman dan haiwan tanpa pengkhususan dalam pengeluaran tanaman atau haiwan tersebut. Sebagai contoh, jika pengeluaran tanaman atau haiwan dalam sesuatu unit melebihi 66 peratus atau melebihi standard keuntungan kasar, kombinasi aktiviti ini tidak seharusnya dimasukkan di sini, tetapi diletakkan di dalam tanaman atau penternakan haiwan. <br>Tidak termasuk: <br>(a) pertanian tanaman campuran, lihat kumpulan 011 dan 012 <br>(b) penternakan pelbagai haiwan, lihat kumpulan 014"
"";"A";"01500";"Pertanian campuran";"01500";"_"
"";"A";"01";"BAHAGIAN 01 : PENGELUARAN TANAMAN DAN TERNAKAN, PEMBURUAN DAN AKTIVITI PERKHIDMATAN BERKAITAN";"_";"_"
"";"A";"016";"Kumpulan 016 : Aktiviti sokongan untuk pertanian dan aktiviti selepas tuaian";"_";"_"
"";"A";"0161(1)";"Aktiviti sokongan untuk pengeluaran tanaman";"_";"(1)Tidak termasuk: <br>(a) aktiviti tanaman selepas tuaian, lihat 0163 <br>(b) aktiviti agronomi dan ahli ekonomi pertanian, lihat 74905 <br>(c) senibina landskap, lihat 71101 <br>(d) kebun untuk landskap, menanam, lihat 81300 <br>(e) penyelenggaraan tanah bagi memastikannya berada dalam keadaan ekologi yang baik, lihat 81300 <br>(f) penganjuran pertunjukan dan pameran pertanian, lihat 82301"
"";"A";"01610";"Aktiviti pertanian untuk pengeluaran tanaman berasaskan yuran atau kontrak(2)";"01610";"(2)Termasuk:<br>(a) penyediaan tanah, mewujudkan penanaman tanaman, rawatan tanaman, penyemburan tanaman (termasuk melalui udara), pemangkasan pokok buah-buahan dan pokok anggur, penanaman semula beras, pengurusan bit, penuaian, kawalan perosak (termasuk arnab) yang berkaitan dengan pertanian <br>(b) penyediaan jentera pertanian bersama pengendali dan kru <br>(c) penyelenggaraan tanah sendiri atau yang disewa agar sentiasa dalam keadaan baik, tanpa pengeluaran pertanian"
"";"A";"01";"BAHAGIAN 01 : PENGELUARAN TANAMAN DAN TERNAKAN, PEMBURUAN DAN AKTIVITI PERKHIDMATAN BERKAITAN";"_";"_"
"";"A";"016";"Kumpulan 016 : Aktiviti sokongan untuk pertanian dan aktiviti selepas tuaian";"_";"_"
"";"A";"0162(1)";"Aktiviti sokongan untuk pengeluaran ternakan";"_";"(1)Termasuk: <br>(a) aktiviti bagi menggalakkan pembiakan, pembesaran dan keluaran haiwan <br>(b) perkhidmatan ujian kepada kumpulan haiwan, perkhidmatan pengangkutan haiwan, perkhidmatan penyediaan kawasan meragut, pemandulan unggas, pembersihan reban dll. <br>(c) aktiviti berkaitan permanian beradas <br>(d) perkhidmatan pembakaan <br>(e) pengguntingan bulu biri-biri <br>(f) penempatan dan pemeliharaan haiwan ternakan di ladang dan penetasan telur ayam secara automatik <br>(g) aktiviti farrier[tukang penjaga kuku dan pemasang ladam kuda]. <br><br>Tidak termasuk:<br>(a) peruntukan ruang untuk penempatan haiwan sahaja, lihat 68109 <br>(b) aktiviti veterinar[doktor haiwan], lihat 75000 <br>(c) vaksinasi haiwan, lihat 75000 <br>(d) sewaan haiwan (cth. kumpulan haiwan), lihat 77309 <br>(e) aktiviti perkhidmatan bagi mempromosi pemburuan dan penjeratan komersil, lihat 94990 <br>(f) penempatan haiwan peliharaan, lihat 96094"
"";"A";"01620";"Aktiviti pertanian untuk pengeluaran ternakan berasaskan yuran atau kontrak";"01620";"_"
"";"A";"01";"BAHAGIAN 01 : PENGELUARAN TANAMAN DAN TERNAKAN, PEMBURUAN DAN AKTIVITI PERKHIDMATAN BERKAITAN";"_";"_"
"";"A";"016";"Kumpulan 016 : Aktiviti sokongan pertanian dan aktiviti tanaman selepas tuaian";"_";"_"
"";"A";"0163(1)";"Aktiviti tanaman selepas tuaian";"_";"(1)Tidak termasuk:<br>(a) penyediaan produk pertanian oleh pengeluar, lihat kumpulan yang sepadan 011, 012 atau 013 <br>(b) aktiviti selepas penuaian bagi tujuan penambahbaikan kualiti benih, lihat kelas 0164 <br>(c) memetik daun tembakau dan pengeringan semula tembakau, lihat kelas 12000 <br>(d) aktiviti pemasaran pedagang yang menerima komisyen dan persatuan koperasi, lihat bahagian 46 <br>(e) pemborong bahan mentah pertanian, lihat kumpulan 462 <br>(f) penanaman benih, lihat kumpulan 011 dan 012 <br>(g) pemprosesan benih untuk mendapatkan minyak, lihat kelas 1040 <br>(h) penyelidikan untuk membangun dan mengubah suai benih dalam bentuk baru, lihat kelas 7210"
"";"A";"01631";"Penyediaan tanaman untuk pasaran utama(2)";"01631p";"(2)Termasuk: membersih, memangkas, menggred, membasmi kuman, mengasing kapas daripada bijinya"
"";"A";"01632";"Penyediaan daun tembakau(3)";"01632";"(3)Termasuk:<br>(a) pemprosesan awal daun tembakau, cth. menjemur<br>(b) penyediaan daun kenaf"
"";"A";"01633";"Penyediaan biji koko (4)";"01633";"(4)Termasuk: penyediaan biji koko, cth. mengupas kulit"
"";"A";"01634";"Penjemuran sayur-sayuran dan buah-buahan(5)";"01634";"(5)Termasuk:<br>(a) pengeringan buah-buahan, sayur-sayuran, herba, rempah ratus, herba ubatan dan tembakau dalam keadaan semula jadi <br>(b) pengasingan, pembersihan dan pemotongan herba ubatan"
"";"A";"01639";"Aktiviti lain selepas tuaian tanaman t.t.t.l.(6)";"01631p";"(6)Termasuk:<br>(a) penyapuan lilin pada buah-buahan<br>(b) pengeringan bijirin<br>(c) penyeratan tumbuhan pengeluar gentian tekstil tumbuhan (jut, flaks, sabut kelapa dll.) tidak berkaitan dengan penanaman tumbuhan gentian<br>(d) pemeraman buah secara tiruan, cth. pemeraman pisang"
"";"A";"01";"BAHAGIAN 01 : PENGELUARAN TANAMAN DAN TERNAKAN, PEMBURUAN DAN AKTIVITI PERKHIDMATAN BERKAITAN";"_";"_"
"";"A";"016";"Kumpulan 016 : Aktiviti sokongan pertanian dan aktiviti tanaman selepas tuaian";"_";"_"
"";"A";"0164(1)";"Pemprosesan benih untuk pembiakan";"_";"(1)Termasuk:<br>(a) semua aktiviti selepas penuaian bagi tujuan penambahbaikan kualiti benih pembiakan melalui proses mengeluarkan bahan bukan benih, benih yang lebih kecil, rosak kerana serangga atau mekanikal dan benih belum matang termasuk juga mengawal kelembapan benih pada tahap yang selamat untuk disimpan <br>(b) mengering, membersih, menggred dan merawat benih sehingga dipasarkan <br>(c) rawatan benih yang telah dimodifikasikan secara genetik<br> Tidak termasuk: <br>(a) penyediaan produk pertanian oleh pengeluar, lihat kumpulan yang sepadan 011, 012 atau 013 <br>(b) memetik daun tembakau dan pengeringan semula tembakau, lihat 12000 <br>(c) aktiviti pemasaran pedagang yang menerima komisyen dan persatuan koperasi, lihat bahagian 46 <br>(d) pemborong bahan mentah pertanian, lihat kumpulan 462 <br>(e) penanaman benih, lihat kumpulan 011 dan 012 <br>(f) pemprosesan benih untuk mendapatkan minyak, lihat 1040 <br>(g) penyelidikan untuk membangun dan memodifikasi benih dalam bentuk baru, lihat 7210"
"";"A";"01640";"Pemprosesan benih untuk pembiakan(1)";"01640";"(1)Termasuk:<br>(a) semua aktiviti selepas penuaian bagi tujuan penambahbaikan kualiti benih pembiakan melalui proses mengeluarkan bahan bukan benih, benih yang lebih kecil, rosak kerana serangga atau mekanikal dan benih belum matang termasuk juga mengawal kelembapan benih pada tahap yang selamat untuk disimpan <br>(b) mengering, membersih, menggred dan merawat benih sehingga dipasarkan <br>(c) rawatan benih yang telah dimodifikasikan secara genetik<br> Tidak termasuk: <br>(a) penyediaan produk pertanian oleh pengeluar, lihat kumpulan yang sepadan 011, 012 atau 013 <br>(b) memetik daun tembakau dan pengeringan semula tembakau, lihat 12000 <br>(c) aktiviti pemasaran pedagang yang menerima komisyen dan persatuan koperasi, lihat bahagian 46 <br>(d) pemborong bahan mentah pertanian, lihat kumpulan 462 <br>(e) penanaman benih, lihat kumpulan 011 dan 012 <br>(f) pemprosesan benih untuk mendapatkan minyak, lihat 1040 <br>(g) penyelidikan untuk membangun dan memodifikasi benih dalam bentuk baru, lihat 7210"
"";"A";"017";"BAHAGIAN 01 : PENGELUARAN TANAMAN DAN TERNAKAN, PEMBURUAN DAN AKTIVITI PERKHIDMATAN BERKAITAN";"_";"_"
"";"A";"017";"Kumpulan 017 : Pemburuan, penjeratan dan aktiviti perkhidmatan berkaitan";"_";"_"
"";"A";"0170(1)";"Pemburuan, penjeratan dan aktiviti perkhidmatan berkaitan";"_";"(1)Termasuk: pengeluaran kulit daripada pemburuan dan penjeratan haiwan <br>Tidak termasuk: <br>(a) pengeluaran kulit berbulu, kulit burung atau reptilia dari operasi ladang ternakan, lihat 01492 <br>(b) operasi pemeliharaan haiwan untuk sukan di ladang ternakan, lihat 0149 <br>(c) penangkapan ikan paus, lihat 0311 <br>(d) pengeluaran kulit daripada rumah penyembelihan, lihat 1010 <br>(e) pemburuan untuk aktiviti sukan atau rekreasi dan aktiviti perkhidmatan berkaitan, lihat 93199 <br>(f) aktiviti perkhidmatan untuk mempromosi pemburuan dan penjeratan haiwan, lihat 94990"
"";"A";"01701";"Pemburuan dan penjeratan haiwan secara komersial(1)";"01701";"(1)Termasuk: pengeluaran kulit daripada pemburuan dan penjeratan haiwan <br>Tidak termasuk: <br>(a) pengeluaran kulit berbulu, kulit burung atau reptilia dari operasi ladang ternakan, lihat 01492 <br>(b) operasi pemeliharaan haiwan untuk sukan di ladang ternakan, lihat 0149 <br>(c) penangkapan ikan paus, lihat 0311 <br>(d) pengeluaran kulit daripada rumah penyembelihan, lihat 1010 <br>(e) pemburuan untuk aktiviti sukan atau rekreasi dan aktiviti perkhidmatan berkaitan, lihat 93199 <br>(f) aktiviti perkhidmatan untuk mempromosi pemburuan dan penjeratan haiwan, lihat 94990"
"";"A";"01702";"Penangkapan haiwan liar (hidup atau mati)(2)";"01702";"(2)Termasuk: penangkapan haiwan liar (hidup atau mati) untuk makanan, bulu, kulit, untuk kawalan populasi haiwan atau digunakan dalam penyelidikan, di zoo atau haiwan peliharaan"
"";"A";"A02";"BAHAGIAN 02 : PERHUTANAN DAN PEMBALAKAN";"_";"_"
"";"A";"A02";"Bahagian ini termasuk silvikultur dan pengeluaran kayu meliputi pengekstrakan dan pengumpulan produk hutan bukan kayu yang tumbuh liar. Selain pengeluaran kayu balak, aktiviti perhutanan yang menghasilkan produk melalui proses minima seperti kayu api, kayu arang dan kayu balak yang digunakan dalam bentuk yang belum diproses (cth., kayu cerucuk dan kayu pulpa). Aktiviti ini boleh dijalankan secara semula jadi, dalam hutan separa asli atau ladang hutan. Bahagian ini tidak termasuk pemprosesan lanjut kayu yang bermula dengan pengilangan dan pengetaman kayu (lihat bahagian 16).";"_";"_"
"";"A";"A021";"KUMPULAN 021 : Silvikultur dan aktiviti perhutanan lain";"_";"_"
"";"A";"A021";"Kumpulan ini termasuk penanaman dan pengurusan pokok hutan yang masih berdiri (belum ditebang) seperti penanaman, penanaman semula, pemindahan, pengurusan dan pemuliharaan hutan serta kawasan lapang, penanaman untuk tunas semula, kayu pulpa dan kayu api serta operasi tapak semaian hutan. Aktiviti ini boleh dijalankan secara semula jadi, dalam hutan separa asli atau ladang hutan. <br><br>Kumpulan ini tidak termasuk penanaman pokok krismas, operasi tapak semaian (kecuali untuk pokok hutan), pengumpulan cendawan dan hasil hutan bukan kayu lain yang tumbuh secara liar, pengeluaran serpihan dan zarah kayu yang tidak berkaitan dengan aktiviti perhutanan, pengeluaran kayu api berlog yang tidak berkaitan dengan aktiviti perhutanan, serta aktiviti penjagaan pokok hiasan dan arborikultur.";"_";"_"
"";"A";"A022";"KUMPULAN 022 : Pembalakan";"_";"_"
"";"A";"A022";"Kumpulan ini termasuk pengeluaran kayu balak untuk industri berasas kayu, pengeluaran kayu balak yang digunakan dalam bentuk belum diproses seperti kayu cerucuk, kayu pagar dan kayu jaras. <br><br>Kumpulan ini juga termasuk pengumpulan dan pengeluaran sisa penuaian hutan, contohnya ranting, tunggul kayu, serpihan kayu daripada aktiviti pembalakan dan sisa hutan lain untuk tujuan tenaga, serta pengeluaran arang di dalam hutan (menggunakan kaedah tradisional). <br><br>Kumpulan ini tidak termasuk penanaman pokok krismas / penuaian tanaman tenaga kitaran pendek seperti pokok poplar dan willow atas dasar bayaran atau kontrak / penanaman kayu balak berdiri termasuk penanaman semula, pemindahan, penjarangan dan pemuliharaan hutan dan kawasan balak / pengumpulan hasil hutan bukan kayu yang tumbuh secara liar / pengeluaran serpihan dan zarah kayu yang tidak berkaitan dengan aktiviti perhutanan / serta pengeluaran arang melalui penyulingan kayu.";"_";"_"
"";"A";"A023";"KUMPULAN 023 : Pengumpulan produk hasil hutan bukan kayu";"_";"_"
"";"A";"A023";"Kumpulan ini melibatkan pengumpulan hasil hutan bukan kayu yang tumbuh secara liar seperti cendawan, trufel, beri, kekacang, balata dan getah seperti getah asli lain, gabus, lak, resin, balsam, biji oak, buah berangan kuda, lumut, liken, rambut tumbuhan dan rumpai laut (eelgrass). <br><br>Kumpulan ini juga termasuk penuaian herba liar dan pengeringan semula jadi yang berkaitan. <br><br>Kumpulan ini tidak termasuk pengeluaran secara terurus bagi mana-mana hasil ini (kecuali penanaman pokok gabus), penanaman cendawan atau trufel, penanaman beri atau kekacang, serta pengumpulan kayu api.";"_";"_"
"";"A";"A024";"KUMPULAN 024 : Perkhidmatan sokongan perhutanan";"_";"_"
"";"A";"A024";"Kumpulan ini juga merangkumi pelaksanaan sebahagian aktiviti perhutanan atas dasar bayaran atau kontrak, termasuk aktiviti perkhidmatan perhutanan seperti inventori hutan, perkhidmatan perundingan pengurusan hutan, penilaian kayu, pencegahan kebakaran hutan dan kawalan perosak hutan, serta aktiviti perkhidmatan pembalakan seperti pengangkutan kayu balak dalam kawasan hutan. <br><br>Kumpulan ini tidak termasuk operasi tapak semaian pokok hutan, kerja saliran tanah hutan dan kerja pembersihan tapak bangunan.";"_";"_"
"";"A";"02";"BAHAGIAN 02 : PERHUTANAN DAN PEMBALAKAN";"_";"_"
"";"A";"021";"Kumpulan 021 : Silvikultur* dan aktiviti perhutanan lain";"_";"[Silvikultur* = Definisi : cabang perhutanan yang berkaitan dengan sistem pembangunan, pemeliharaan dan penghutanan semula kawasan balak berdasarkan pengetahuan silvik. (Kamus Dewan Edisi Keempat)]"
"";"A";"0210(1)";"Silvikultur* dan aktiviti perhutanan lain";"_";"(1) Tidak termasuk:<br>(a) penanaman pokok krismas, lihat 01299 <br>(b) operasi tapak semaian pokok (bukan hutan), lihat 01304 <br>(c) pengumpulan produk hasil hutan bukan kayu yang tumbuh liar, lihat 0230 <br>(d) pengeluaran reja kayu dan partikel, lihat 16100 <br>(e) aktiviti berkaitan penjagaan pokok hiasan dan arborikultur, lihat 8130<br>[Silvikultur* = Definisi : cabang perhutanan yang berkaitan dengan sistem pembangunan, pemeliharaan dan penghutanan semula kawasan balak berdasarkan pengetahuan silvik. (Kamus Dewan Edisi Keempat)]"
"";"A";"02101";"Penanaman, penanaman semula, pemindahan, pengurusan dan pemuliharaan hutan dan kawasan lapang(2)";"02101";"(2) Termasuk:<br>(a) penanaman semula penambahbaikan (enrichment planting) <br>(b) penanaman pokok bakau <br>(c) penanaman rotan <br>(d) penanaman di kawasan lapang <br>(e) penanaman buluh <br>(f) penanaman di lebuh raya <br>(g) penanaman di persisiran pantai <br>(h) penanaman pokok nibong/pokok sagu"
"";"A";"02102";"Penanaman untuk tunas semula, kayu pulpa dan kayu api";"02102";"_"
"";"A";"02103";"Operasi tapak semaian pokok hutan(3)";"02103";"(3) Termasuk: tapak semaian untuk ladang hutan"
"";"A";"02104";"Pengumpulan dan pemeliharaan hutan liar(spesis pokok hutan paya gambut)";"02104";"_"
"";"A";"02105";"Ladang hutan";"02105";"_"
"";"A";"022";"Kumpulan 022 : Pembalakan";"_";"_"
"";"A";"0220(1)";"Pembalakan";"_";"(1) Tidak termasuk:<br>(a) penanaman pokok krismas, lihat 01299 <br>(b) penuaian pokok berputar cepat untuk tanaman tenaga (cth. pokok poplar dan willow) secara berasaskan bayaran atau kontrak, lihat 0161 <br>(c) penanaman dirian pokok: penanaman, penanaman semula, pemindahan, penjarangan dan pemuliharaan hutan serta kawasan kayu balak, lihat 02101 <br>(d) pengumpulan produk hasil hutan bukan kayu yang tumbuh liar, lihat 0230 <br>(e) pengeluaran reja kayu dan partikel yang tidak berkaitan dengan pembalakan, lihat 16100 <br>(f) pengeluaran arang melalui distilasi kayu, lihat 16291"
"";"A";"02201";"Pengeluaran kayu balak untuk industri berasaskan kayu";"02201p";"_"
"";"A";"02202";"Pengeluaran kayu balak yang digunakan dalam bentuk belum proses(2)";"02202p";"(2) Termasuk: kayu cerucuk, kayu pagar dan kayu jaras"
"";"A";"02203";"Pengeluaran arang kayu dalam hutan (kaedah tradisional)(3)";"02203p";"(3) Termasuk: pengumpulan kulit kayu (spesies hutan darat, hutan paya laut dan gelam) dan kayu api"
"";"A";"02204";"Pembalakan kayu getah";"02204p";"_"
"";"A";"02205";"Pengumpulan kayu balak(4)";"02201p, 02202p, 02203p, 02204p";"(4) Termasuk: pengumpulan dan pengeluaran sisa penuaian hutan oleh isi rumah sahaja, cth. ranting kecil, tunggul, serpihan kayu daripada pembalakan dan sisa hutan lain untuk tenaga"
"";"A";"023";"Kumpulan 023 : Pengumpulan produk hasil hutan bukan kayu";"_";"_"
"";"A";"0230(1)";"Pengumpulan produk hasil hutan bukan kayu";"_";"(1) Tidak termasuk:<br>(a) mengurus pengeluaran bagi mana-mana produk ini (kecuali penanaman pokok gabus), lihat bahagian 01 <br>(b) penanaman cendawan atau trufel, lihat 01134 <br>(c) penanaman buah beri atau buah berkulit keras, lihat 0125 <br>(d) pengumpulan kayu api, lihat 02203"
"";"A";"02301";"Pengumpulan rotan, buluh";"02301";"_"
"";"A";"02302";"Pemungutan sarang burung";"02302";"_"
"";"A";"02303";"Pengumpulan pokok sagu liar";"02303";"_"
"";"A";"02309";"Pengumpulan produk hutan bukan kayu t.t.t.l.(2)";"02309";"(2) Termasuk:<br>(a) pengumpulan sap daripada pokok liar (cth. damar) <br>(b) berserat atau buah-buahan (cth. berangan, keranji, kerdas, petai) <br>(c) daun (cth. bertam, nipah, kajang, kubin, daun kecil) <br>(d) minyak daripada kayu hutan (cth. keruing dll.) <br>(e) akar (cth. akar laka) <br>(f) lilin lebah dan madu <br>(g) cendawan atau trufel <br>(h) buah beri atau kekacang <br>(i) getah balata dan getah seakan getah asli yang lain, gabus, lak dan resin, balsam, biji buah oak, buah berangan kuda, lumut serta liken <br>(j) rambut sayur/rumpai laut (eelgrass) <br>(k) penuaian herba liar dan pengeringan semula jadi yang berkaitan"
"";"A";"02";"BAHAGIAN 02 : PERHUTANAN DAN PEMBALAKAN";"_";"_"
"";"A";"024";"Kumpulan 024 : Perkhidmatan sokongan perhutanan";"_";"_"
"";"A";"0240(1)";"Perkhidmatan sokongan perhutanan";"_";"(1) Tidak termasuk: operasi tapak semaian pokok hutan, lihat 02103"
"";"A";"02401";"Menjalankan sebahagian daripada aktiviti operasi perhutanan dan ladang hutan secara berasaskan bayaran atau kontrak untuk perkhidmatan perhutanan (2)";"02401";"(2) Termasuk:<br>(a) inventori perhutanan <br>(b) perkhidmatan perundingan pengurusan hutan <br>(c) penilaian kayu balak <br>(d) pemadaman dan perlindungan kebakaran hutan <br>(e) kawalan serangga perosak hutan <br>(f) penubuhan ladang pampasan"
"";"A";"02402";"Menjalankan sebahagian daripada aktiviti operasi perhutanan secara berasaskan bayaran atau kontrak untuk perkhidmatan pembalakan(3)";"02402";"(3) Termasuk:<br>(a) pengangkutan kayu balak di dalam dan di luar hutan <br>(b) tanda tukul milik <br>(c) mewujudkan infrastruktur pembalakan <br>(d) kerja pembangunan perhutanan (menggelang racun dan potong akar/pepanjat (GCL)) <br>(e) penebangan dan pembakaran <br>(f) pertubuhan ladang tambahan (gantian) <br>(g) tapak semaian dan kerja inventori perhutanan <br>(h) penebangan hutan (pemotongan sempadan) <br>(i) survei sumber pra-penebangan <br>(j) pembinaan jalan <br>(k) operasi penandaan pokok dan penebangan <br>(l) penarikan kayu balak dalam hutan yang merupakan sebahagian daripada operasi pembalakan"
"";"A";"A03";"BAHAGIAN 03 : PERIKANAN DAN AKUAKULTUR";"_";"_"
"";"A";"A03";"Bahagian ini termasuk perikanan tangkapan dan akuakultur. Ia meliputi aktiviti pengumpulan hasil daripada laut, ikan air payau atau ikan air tawar, krustasia, moluska dan organisma serta produk akuatik lain (cth. tumbuhan akuatik, mutiara, span). Bahagian ini juga termasuk aktiviti perkhidmatan yang berkaitan dengan perikanan laut atau air tawar dan akuakultur. <br>Bahagian ini tidak termasuk pembinaan dan pembaikan kapal dan bot (lihat kelas 3011 dan 3315), pemprosesan ikan, krustasia atau moluska, sama ada kilang pemprosesannya di darat atau di atas kapal (lihat kelas 1020), dan aktiviti sukan atau rekreasi perikanan (lihat kelas 9319).";"_";"_"
"";"A";"A031";"KUMPULAN 031 : Perikanan";"_";"_"
"";"A";"A031";"Kumpulan ini termasuk `perikanan tangkapan` iaitu aktiviti pemburuan, pemungutan dan pengumpulan yang merujuk kepada pemindahan atau pemungutan organisma hidupan akuatik liar (terutamanya ikan, moluska dan krustasia) termasuk tumbuhan daripada lautan, pinggir pantai atau perairan pedalaman untuk kegunaan manusia dan tujuan lain dengan menggunakan tangan atau menggunakan pelbagai jenis alat tangkapan ikan seperti pukat, kail dan perangkap statik. Aktiviti ini boleh dijalankan di zon pesisir pantai (cth. pengumpulan moluska seperti kupang dan tiram) atau aktiviti memukat di pantai atau luar pesisir pantai. Aktiviti ini termasuk penangkapan ikan di kawasan perairan pelepasan umum.";"_";"_"
"";"A";"A032";"KUMPULAN 032 : Akuakultur";"_";"_"
"";"A";"A032";"Kumpulan ini termasuk `akuakultur` (atau ternakan akua), iaitu proses pengeluaran melibatkan pengkulturan (termasuk tuaian) organisma akuatik (cth. ikan, moluska, krustasia, tumbuhan, buaya, aligator dan amfibia) menggunakan teknik yang direkabentuk untuk meningkatkan pengeluaran organisma tersebut melebihi kapasiti persekitaran semulajadi (sebagai contoh stok biasa, pemberian makanan dan perlindungan daripada pemangsa). Akuakultur juga merangkumi peringkat sepanjang pemeliharaan atau pembiakan ke atas setiap individu organisma sehingga dan termasuk tuaian, yang dimiliki secara individu, korporat, atau negeri. Pengkulturan/ternakan merujuk kepada memelihara juvenil dan/atau dewasa dalam keadaan yang dikawal untuk organisma tersebut. <br><br>Kumpulan ini juga termasuk pembiakan/penternakan benih dan induk dalam persekitaran terkawal. <br>Kumpulan ini tidak termasuk pembiakan/penternakan reptilia (termasuk ular dan penyu).";"_";"_"
"";"A";"A033";"KUMPULAN 033 : Aktiviti sokongan untuk perikanan dan akuakultur";"_";"_"
"";"A";"A033";"Kumpulan ini termasuk aktiviti perkhidmatan yang berkaitan dengan perikanan laut atau air tawar serta akuakultur, termasuk pemeliharaan ikan sebelum dijual, perlindungan daripada pemangsa, dan kawalan perikanan (penjagaan ikan). <br>Kumpulan ini tidak termasuk pemprosesan ikan dan produk akuakultur di atas kapal pemprosesan atau di kilang darat, pemprosesan ikan, krustasia dan moluska, pengedaran hasil perikanan dan akuakultur, aktiviti perikanan untuk sukan atau rekreasi serta perkhidmatan berkaitan dan operasi tempat pemancingan khas untuk sukan memancing.";"_";"_"
"";"A";"031";"BAHAGIAN 03 : PERIKANAN DAN AKUAKULTUR";"_";"_"
"";"A";"031";"Kumpulan 031 : Perikanan";"_";"_"
"";"A";"0311(1)";"Perikanan laut";"_";"(1) Tidak termasuk: <br>(a) penangkapan mamalia laut, kecuali ikan paus (cth. walrus, anjing laut), lihat 0170 <br>(b) pemprosesan ikan paus di atas kapal pemprosesan, lihat 1010 <br>(c) pemprosesan ikan, krustasia dan moluska di kilang atas kapal atau kilang di darat, lihat 1020 <br>(d) penyewaan bot persiaran berserta krew untuk pengangkutan laut atau pesisir pantai (cth. untuk pelayaran pesiaran perikanan), lihat 50113 <br>(e) perkhidmatan pemeriksaan, perlindungan dan perondaan perikanan, lihat 84239 <br>(f) aktiviti perikanan untuk sukan atau rekreasi dan perkhidmatan berkaitan, lihat 93199 <br>(g) operasi tempat memancing semula jadi bagi sukan memancing, lihat 93199"
"";"A";"03111";"Perikanan komersil di laut dan perairan pantai(2)";"03111p";"(2) Termasuk: penangkapan ikan paus"
"";"A";"03112";"Pemungutan krustasia dan moluska laut";"03112";"_"
"";"A";"03113";"Pengambilan haiwan akuatik: penyu, sea squirts*, tunikat, landak laut";"03113";"[mentarang mungkin jenis sea squirts*, tunikat]"
"";"A";"03114";"Aktiviti atas vessel yang melibatkan penangkapan, pemprosesan dan pengawetan ikan";"03114p";"_"
"";"A";"03115";"Pengumpulan organisma perikanan dan hasil laut lain (tiram semulajadi, span, batu karang dan alga)";"03115";"_"
"";"A";"03116";"Pemungutan ikan hiasan di laut(3)";"03111p";"(3) Tidak termasuk: penyu, sea squirts*, tunikat dan landak laut, lihat 03113 <br>[mentarang mungkin jenis sea squirts*, tunikat]"
"";"A";"03119";"Perikanan laut t.t.t.l.(4)";"03119";"(4) Termasuk: pengumpulan organisma dan bahan laut lain seperti mutiara asli, span, batu karang dan alga"
"";"A";"031";"BAHAGIAN 03 : PERIKANAN DAN AKUAKULTUR";"_";"_"
"";"A";"031";"Kumpulan 031 : Perikanan";"_";"_"
"";"A";"0312(1)";"Perikanan air tawar";"_";"(1) Tidak termasuk: <br>(a) pemprosesan ikan, krustasia dan moluska, lihat 1020 <br>(b) perkhidmatan pemeriksaan, perlindungan dan perkhidmatan perondaan perikanan, lihat 84239 <br>(c) perkhidmatan perikanan untuk sukan atau rekreasi dan perkhidmatan berkaitan, lihat 93199 <br>(d) operasi tempat memancing semulajadi bagi sukan memancing, lihat 93199"
"";"A";"03121";"Perikanan komersil di darat";"03121p";"_"
"";"A";"03122";"Pengambilan krustasia dan moluska air tawar";"03122";"_"
"";"A";"03123";"Pengambilan haiwan akuatik air tawar";"03123";"_"
"";"A";"03124";"Pengumpulan flora dan fauna air tawar";"03124";"_"
"";"A";"03125";"Pemungutan ikan hiasan air tawar";"03121p";"_"
"";"A";"03129";"Perikanan air tawar lain t.t.t.l.(2)";"03129";"(2) Termasuk: pengumpulan bahan dari perairan air tawar"
"";"A";"032";"BAHAGIAN 03 : PERIKANAN DAN AKUAKULTUR";"_";"_"
"";"A";"032";"Kumpulan 032 : Akuakultur";"_";"_"
"";"A";"0321(1)";"Akuakultur laut";"_";"(1) Tidak termasuk:<br>(a) penternakan katak, lihat 03225 <br>(b) operasi kawasan pemancingan khas untuk sukan memancing, lihat 93199"
"";"A";"03211";"Ternakan ikan di laut";"03211p";"_"
"";"A";"03212";"Pengeluaran dwi-cangkerang spat (tiram, kupang), anak udang kara, anak udang dan benih ikan";"03212";"_"
"";"A";"03213";"Penanaman rumpai merah dan rumpai laut lain yang boleh dimakan(2)";"03213";"(2) Termasuk: ternakan alga"
"";"A";"03214";"Pengkulturan krustasia*, dwi-cangkerang, moluska dan haiwan akuatik lain di laut";"03214";"[krustasia* = kumpulan haiwan invertebrata dalam kelas arthropoda. Antara contohnya ketam, udang, lobster, udang krai, krill, dan teritip]"
"";"A";"03215";"Aktiviti akuakultur air payau";"03215";"_"
"";"A";"03216";"Ternakan ikan hiasan";"03211p";"_"
"";"A";"03217";"Operasi penetasan anak benih (laut)";"03217";"_"
"";"A";"03218";"Operasi ladang ternakan cacing laut untuk makanan ikan";"03218";"_"
"";"A";"03219";"Ternakan akuakultur laut lain t.t.t.l.";"03216, 03219";"_"
"";"A";"0322(3)";"Akuakultur air tawar";"_";"(3) Tidak termasuk:<br>(a) aktiviti akuakultur dalam tangki dan takungan air masin, lihat 03216 <br>(b) operasi tempat memancing semulajadi bagi sukan memancing, lihat 93199"
"";"A";"03221";"Ternakan ikan air tawar";"03221p";"_"
"";"A";"03222";"Ternakan udang air tawar";"03222";"_"
"";"A";"03223";"Pengkulturan krustasia, dwi-cangkerang, moluska dan haiwan akuatik lain di air tawar(4)";"03223";"(4) Termasuk: buaya, aligator, dan ular air"
"";"A";"03224";"Operasi penetasan anak benih (air tawar)";"03224";"_"
"";"A";"03225";"Penternakan katak";"03225";"_"
"";"A";"03226";"Ternakan ikan hiasan air tawar";"03221p";"_"
"";"A";"03229";"Akuakultur air tawar lain t.t.t.l.";"03229";"_"
"";"A";"033";"Kumpulan 033 : Aktiviti sokongan untuk perikanan dan akuakultur";"_";"_"
"";"A";"0330(1)";"Aktiviti sokongan untuk perikanan dan akuakultur";"_";"(1) Termasuk: <br>(a) aktiviti perkhidmatan yang berkaitan dengan perikanan laut atau air tawar serta akuakultur <br>(b) aktiviti pemeliharaan ikan daripada hasil perikanan atau akuakultur sebelum dijual <br>(c) perlindungan daripada pemangsa <br>(d) kawalan perikanan (penjagaan ikan) Tidak termasuk:<br>(a) pemprosesan ikan dan produk akuakultur di atas kapal pemprosesan atau di kilang darat, lihat 1020 <br>(b) pemprosesan ikan, krustasia dan moluska, lihat 1020 <br>(c) pengedaran produk perikanan dan akuakultur, lihat bahagian 46, 47 atau 52 <br>(d) aktiviti perikanan untuk sukan atau rekreasi serta perkhidmatan berkaitan, lihat 9319 <br>(e) operasi kawasan pemancingan khas untuk sukan memancing, lihat 93199"
"";"A";"03301";"Aktiviti atas vessel*/kapal yang melibatkan pemprosesan dan pegawetan";"03114p";"[Dalam konteks laut/pelabuhan: vessel* = kapal, perahu, atau bot (contoh: fishing vessel = kapal nelayan, cargo vessel = kapal kargo)]"
"";"A";"03302";"Penyelenggaraan tempat dan peralatan akuakultur";"03229p";"_"
"";"A";"03309";"Aktiviti sokongan perikanan dan akuakultur lain t.t.t.l.";"03129p, 03229p";"_"
"";"B";"B0x";"SEKSYEN B : PERLOMBONGAN DAN PENGKUARIAN";"_";"_"
"";"B";"B0x";"Perlombongan dan pengkuarian termasuk pengekstrakan mineral secara semulajadi seperti pepejal (arang batu dan bijih), cecair (petroleum) atau gas (gas asli) daripada lombong, dasar laut serta pengekstrakan garam daripada air laut, air garam dan sumber air masin yang lain. Pengekstrakan boleh dijalankan melalui pelbagai kaedah seperti perlombongan bawah tanah atau permukaan tanah, pengoperasian telaga, perlombongan dasar laut dan lain-lain. <br><br>Seksyen ini termasuk aktiviti tambahan bagi penyediaan bahan mentah untuk dipasarkan. Aktiviti-aktiviti ini termasuk menghancur, menggiling, membersih, mengering, mengasing, pemanfaatan dan pati bijih, serta pencairan gas asli. Aktiviti perlombongan diklasifikasikan kepada bahagian, kumpulan dan kelas berasaskan pengeluaran mineral utama. Bahagian 05, 06 tertumpu kepada perlombongan dan pengkuarian bahan api fosil (arang batu, lignit, petroleum, gas) / bahagian 07, 08 tertumpu kepada bijih besi, pelbagai produk mineral dan kuari. <br><br>Sebahagian operasi teknikal dalam seksyen ini, khususnya yang berkaitan dengan pengekstrakan hidrokarbon, juga boleh dilakukan untuk pihak ketiga oleh unit khas sebagai perkhidmatan industri, yang dipaparkan dalam bahagian 09. <br><br>Seksyen ini tidak termasuk pemprosesan bahan yang diekstrak, namun ia dikelaskan di bawah bahagian C (Pembuatan) yang melibatkan penukaran bahan mentah kepada produk siap atau separuh siap. Sebaliknya, penggunaan bahan yang diekstrak tanpa mengalami sebarang transformasi, terutamanya untuk tujuan pembinaan, dikategorikan di bawah seksyen F (Pembinaan). Selain itu, pembotolan mata air semula jadi dan air mineral di sumbernya, seperti mata air dan telaga (lihat kelas 1105). <br><br>Aktiviti pemulihan alam sekitar dan tanah yang berkaitan dengan perlombongan diliputi di bawah klasifikasi yang berbeza. Pemulihan tapak lombong yang melibatkan aktiviti memulihkan kualiti alam sekitar selepas operasi perlombongan (lihat kelas 3900). Begitu juga pengalihan beban lebihan dan kontur tanah di tapak lombong, yang menjadi asas untuk penyediaan tapak dan pemulihan, (lihat kelas 4312).";"_";"_"
"";"B";"B05";"BAHAGIAN 05 : PERLOMBONGAN ARANG BATU DAN LIGNIT";"_";"_"
"";"B";"B05";"Bahagian ini termasuk pengekstrakan mineral bahan api pejal termasuk perlombongan bawah tanah atau perlombongan dedah dan juga operasi (cth. penggredan, pembersihan, pemampatan dan langkah-langkah lain yang perlu untuk pengangkutan, dll.) yang membawa kepada produk yang boleh dipasarkan. <br><br>Bahagian ini tidak termasuk pembuatan kok (coking) (lihat kelas 1910), perkhidmatan berkaitan dengan perlombongan arang batu dan lignit (lihat kelas 0990) atau penghasilan brikuet (lihat kelas 1920).";"_";"_"
"";"B";"B051";"KUMPULAN 051 : Perlombongan arang batu pepejal";"_";"_"
"";"B";"B051";"Kumpulan ini termasuk perlombongan arang batu pepejal, sama ada melalui kaedah bawah tanah atau permukaan dan juga termasuk perlombongan melalui teknik pencairan. Ia seterusnya meliputi aktiviti seperti pembersihan, pensaizan, penggredan, pengisaran dan pemampatan arang batu untuk pengkelasan, peningkatan kualiti atau memudahkan pengangkutan atau penyimpanan. Selain itu, kelas ini termasuk perolehan semula arang batu daripada timbunan sisa. <br><br>Kumpulan ini tidak termasuk perlombongan lignit (lihat kelas 0520). Penggalian tanah gambut juga dikecualikan dan dikelaskan di bawah kelas 0892. Aktiviti sokongan untuk perlombongan arang batu pepejal, serta ujian penggerudian yang berkaitan dengan perlombongan arang batu, termasuk di bawah kelas 0990. Selain itu, operasi ketuhar kok yang menghasilkan bahan api pepejal dikelaskan di bawah kelas 1910. Pembuatan brikuet arang batu pepejal, ovoid, dan bahan api arang batu keras pepejal yang sama dijalankan di bawah kelas 1920. Kerja yang dijalankan untuk membangunkan atau menyediakan tapak untuk perlombongan arang batu (lihat kelas 4312).";"_";"_"
"";"B";"B052";"KUMPULAN 052 : Perlombongan lignit";"_";"_"
"";"B";"B052";"Kumpulan ini termasuk perlombongan lignit (arang batu perang) seperti perlombongan bawah tanah atau dedah, termasuk perlombongan melalui kaedah pencairan dan pembersihan, penghidratan, pengisaran, pemampatan lignit untuk meningkatkan kualiti atau memudahkan pengangkutan atau penyimpanan. <br><br>Kumpulan ini tidak termasuk perlombongan arang batu pepejal (lihat kelas 0510). Penggalian tanah gambut juga dikecualikan (lihat kelas 0892). Aktiviti sokongan yang berkaitan dengan perlombongan lignit, serta ujian penggerudian untuk perlombongan arang batu dikelaskan di bawah kelas 0990. Pembuatan brikuet bahan api lignit, ovoid dan bahan api arang batu keras pepejal yang serupa diklasifikasikan di bawah kelas 1920. Selain itu, sebarang kerja yang dijalankan untuk membangunkan atau menyediakan tapak untuk perlombongan lignit, (lihat kelas 4312).";"_";"_"
"";"B";"05";"BAHAGIAN 05 : PERLOMBONGAN ARANG BATU DAN LIGNIT";"_";"_"
"";"B";"051";"Kumpulan 051 : Perlombongan arang batu pepejal";"_";"_"
"";"B";"0510(1)";"Perlombongan arang batu pepejal";"_";"(1) Termasuk:<br>(a) perlombongan bawah tanah atau dedah, termasuk perlombongan melalui kaedah pencairan <br>(b) pembersihan, pensaizan, penggredan, pengisaran, pemampatan dll. untuk mengelaskan, meningkatkan kualiti atau memudahkan pengangkutan atau penyimpanan arang batu <br>(c) perolehan semula arang batu daripada timbunan sisa Tidak termasuk:<br>(a) perlombongan lignit, lihat 05200 <br>(b) penggalian tanah gambut, lihat 08920 <br>(c) aktiviti sokongan untuk perlombongan arang batu, lihat 09900 <br>(d) ujian penggerudian untuk perlombongan arang batu, lihat 09900 <br>(e) ketuhar kok yang menghasilkan bahan api pepejal, lihat 19100 <br>(f) pembuatan brikuet arang batu pepejal, ovoid dan bahan api arang batu keras pepejal yang sama, lihat 19201 <br>(g) kerja membangun atau menyediakan kelengkapan untuk perlombongan arang batu, lihat 43124"
"";"B";"05100";"Perlombongan arang batu pepejal";"05100";"_"
"";"B";"052";"BAHAGIAN 05 : PERLOMBONGAN ARANG BATU DAN LIGNIT";"_";"_"
"";"B";"052";"Kumpulan 052 : Perlombongan lignit";"_";"_"
"";"B";"0520(1)";"Perlombongan lignit";"_";"(1) Termasuk:<br>(a) perlombongan bawah tanah atau dedah, termasuk perlombongan melalui kaedah pencairan <br>(b) pembersihan, penyahhidratan, pengisaran, pemampatan lignit untuk meningkatkan kualiti atau memudahkan pengangkutan atau penyimpanan Tidak termasuk:<br>(a) perlombongan arang batu pepejal, lihat 05100 <br>(b) penggalian tanah gambut, lihat 08920 <br>(c) aktiviti sokongan untuk perlombongan lignit, lihat 09900 <br>(d) ujian penggerudian untuk perlombongan arang batu, lihat 09900 <br>(e) pembuatan brikuet arang batu pepejal, ovoid, dan bahan api arang batu keras pepejal yang sama, lihat 19201 <br>(f) kerja membangun atau menyediakan kelengkapan untuk perlombongan lignit, lihat 43124"
"";"B";"05200";"Perlombongan lignit (arang batu perang)";"05200";"_"
"";"B";"B06";"BAHAGIAN 06 : PENGEKSTRAKAN PETROLEUM MENTAH DAN GAS ASLI";"_";"_"
"";"B";"B06";"Bahagian ini termasuk pengeluaran petroleum mentah, perlombongan dan pengekstrakan minyak daripada minyak batu syal dan pasir minyak dan pengeluaran gas asli dan perolehan semula cecair hidrokarbon. Ini termasuk keseluruhan aktiviti pengoperasian dan/atau pembangunan kelengkapan lapangan minyak dan gas, termasuklah aktiviti seperti penggerudian, penyiapan dan melengkapkan telaga, operasi pengasingan, pemisahan emulsi, peralatan penyahkelodak dan penyambungan aktiviti lapangan untuk petroleum mentah dan semua aktiviti dalam penyediaan minyak dan gas sehingga ke tempat penghantaran daripada pusat pengeluaran. <br><br>Bahagian ini tidak termasuk aktiviti sokongan bagi pengekstrakan petroleum dan gas seperti perkhidmatan lapangan minyak dan gas, yang dibuat berdasarkan kontrak atau bayaran, eksplorasi telaga minyak dan gas dan ujian penggerudian dan aktiviti penggerekan (boring) (lihat kelas 0910). Bahagian ini juga tidak termasuk penapisan produk petroleum (lihat kelas 1920) dan aktiviti pengukuran geofizikal, geologi dan seismic (lihat kelas 7110).";"_";"_"
"";"B";"B061";"KUMPULAN 061 : Pengekstrakan petroleum mentah";"_";"_"
"";"B";"B061";"Kumpulan ini termasuk pengekstrakan minyak petroleum mentah, pengekstrakan bitumen atau syal minyak dan pasir tar, pengeluaran petroleum mentah daripada syal bitumen dan pasir, proses untuk mendapatkan minyak mentah cth. penyaringan, penyahgaraman, penyahhidratan, penstabilan. <br><br>Kumpulan ini tidak termasuk aktiviti sokongan untuk pengekstrakan minyak dan gas asli (lihat kelas 0910). Penerokaan minyak dan gas juga dikecualikan dan berada di bawah kelas yang sama 0910. Pembuatan produk petroleum bertapis, serta pemulihan gas petroleum cecair semasa penapisan petroleum (lihat kelas 1920). Operasi saluran paip diliputi di bawah kelas 4930, manakala pengekstrakan kondensat atau cecair gas asli (lihat kelas 0620).";"_";"_"
"";"B";"B062";"KUMPULAN 062 : Pengekstrakan gas asli";"_";"_"
"";"B";"B062";"Kumpulan ini termasuk pengeluaran hidrokarbon gas mentah (gas asli), pengekstrakan cecair gas asli dari kemudahan lapangan, penyaliran dan pengasingan pecahan hidrokarbon cecair, penyahsulfuran gas, pengekstrakan metana lombong arang batu, perlombongan cecair hidrokarbon, diperoleh melalui pencairan atau pirolisis dan pengekstrakan gas arang batu (coal seam gas). <br><br>Kumpulan ini tidak termasuk, aktiviti sokongan untuk pengekstrakan minyak dan gas asli (lihat kelas 0910). Penerokaan minyak dan gas (lihat kelas 0910). Pengeluaran cecair gas asli daripada petroleum mentah (minyak mentah), dan pemulihan gas petroleum cecair dalam penapisan petroleum (lihat kelas 1920). Pembuatan gas perindustrian (lihat kelas 2011), dan pengendalian saluran paip (lihat kelas 4930).";"_";"_"
"";"B";"06";"BAHAGIAN 06 : PENGEKSTRAKAN PETROLEUM MENTAH DAN GAS ASLI";"_";"_"
"";"B";"061";"Kumpulan 061 : Pengekstrakan petroleum mentah";"_";"_"
"";"B";"0610(1)";"Pengekstrakan petroleum mentah";"_";"(1) Termasuk:<br>(a) pengekstrakan minyak petroleum mentah <br>(b) pengekstrakan bitumen atau minyak batu syal dan pasir tar <br>(c) pengeluaran petroleum mentah daripada batu syal dan pasir berbitumen <br>(d) proses mendapatkan minyak mentah termasuk penyaringan, penyahgaraman, penyahhidratan, penstabilan <br><br>Tidak termasuk: <br>(a) aktiviti sokongan bagi pengekstrakan minyak dan gas, lihat 09101 <br>(b) penerokaan minyak dan gas, lihat 09101 <br>(c) pembuatan produk petroleum bertapis, lihat 19201 <br>(d) perolehan semula gas petroleum cecair semasa penapisan petroleum, lihat 19201 <br>(e) pengendalian saluran paip, lihat 49300 <br>(f) pengekstrakan kondensat*/pemeluwapan atau cecair gas asli, lihat 0620"
"";"B";"06100";"Pengekstrakan petroleum mentah(1)";"06101, 06102, 06103, 06104";"(1) Termasuk:<br>(a) pengekstrakan minyak petroleum mentah <br>(b) pengekstrakan bitumen atau minyak batu syal dan pasir tar <br>(c) pengeluaran petroleum mentah daripada batu syal dan pasir berbitumen <br>(d) proses mendapatkan minyak mentah termasuk penyaringan, penyahgaraman, penyahhidratan, penstabilan <br><br>Tidak termasuk: <br>(a) aktiviti sokongan bagi pengekstrakan minyak dan gas, lihat 09101 <br>(b) penerokaan minyak dan gas, lihat 09101 <br>(c) pembuatan produk petroleum bertapis, lihat 19201 <br>(d) perolehan semula gas petroleum cecair semasa penapisan petroleum, lihat 19201 <br>(e) pengendalian saluran paip, lihat 49300 <br>(f) pengekstrakan kondensat*/pemeluwapan atau cecair gas asli, lihat 0620"
"";"B";"06";"BAHAGIAN 06 : PENGEKSTRAKAN PETROLEUM MENTAH DAN GAS ASLI";"_";"_"
"";"B";"062";"Kumpulan 062 : Pengekstrakan gas asli";"_";"_"
"";"B";"0620(1)";"Pengekstrakan gas asli";"_";"(1) Termasuk: <br>(a) pengeluaran hidrokarbon mentah bergas (gas asli) <br>(b) pengekstrakan cecair gas asli daripada kemudahan lapangan <br>(c) penyaliran dan pemisahan komponen hidrokarbon cecair <br>(d) penyahsulfuran gas <br>(e) pengekstrakan metana lombong arang batu <br>(f) perlombongan cecair hidrokarbon, diperoleh melalui pencairan atau penguraian kimia (pyrolisis) <br>(g) pengekstrakan gas arang batu (coal seam gas) <br><br>Tidak termasuk: <br>(a) aktiviti sokongan bagi pengekstrakan minyak dan gas, lihat 09101 <br>(b) ekplorasi minyak dan gas, lihat 09101 <br>(c) pembuatan produk petroleum bertapis, lihat 19201 <br>(d) pengeluaran cecair gas asli daripada petroleum mentah (minyak mentah), dan perolehan semula gas petroleum cecair semasa penapisan petroleum, lihat 19201 <br>(e) pembuatan gas perindustrian, lihat 20111 <br>(f) pengendalian saluran paip, lihat 49300"
"";"B";"06201";"Pengekstrakan gas asli(1)";"06201, 06203, 06204, 06205";"(1) Termasuk: <br>(a) pengeluaran hidrokarbon mentah bergas (gas asli) <br>(b) pengekstrakan cecair gas asli daripada kemudahan lapangan <br>(c) penyaliran dan pemisahan komponen hidrokarbon cecair <br>(d) penyahsulfuran gas <br>(e) pengekstrakan metana lombong arang batu <br>(f) perlombongan cecair hidrokarbon, diperoleh melalui pencairan atau penguraian kimia (pyrolisis) <br>(g) pengekstrakan gas arang batu (coal seam gas) <br><br>Tidak termasuk: <br>(a) aktiviti sokongan bagi pengekstrakan minyak dan gas, lihat 09101 <br>(b) ekplorasi minyak dan gas, lihat 09101 <br>(c) pembuatan produk petroleum bertapis, lihat 19201 <br>(d) pengeluaran cecair gas asli daripada petroleum mentah (minyak mentah), dan perolehan semula gas petroleum cecair semasa penapisan petroleum, lihat 19201 <br>(e) pembuatan gas perindustrian, lihat 20111 <br>(f) pengendalian saluran paip, lihat 49300"
"";"B";"06202";"Pengekstrakan kondensat*/pemeluwapan(2)";"06202";"(2) [kondensat* = bahasa indonedia. dulu semasa belajar fizik tingkatan 5 (spm), kondensat=pemeluwapan. Definisi : proses perubahan keadaan sesuatu bahan daripada wap(gas) kepada cecair, kon­densasi. (Kamus Dewan Edisi Keempat)]"
"";"B";"B07";"BAHAGIAN 07 : PERLOMBONGAN BIJIH LOGAM";"_";"_"
"";"B";"B07";"Bahagian ini termasuk perlombongan untuk mineral berlogam (bijih), dijalankan melalui perlombongan bawah tanah atau dedah, dasar laut dan sebagainya. Juga termasuk adalah pencucian bijih dan operasi pengekstrakan seperti pemecahan, pengisaran, pembersihan, pengeringan, pensinteran, proses rawatan terma (calcining) atau penapisan bijih, operasi pemisahan graviti atau pengapungan. <br><br>Bahagian ini tidak termasuk aktiviti pembuatan seperti penyalaian pirit besi (lihat kelas 2011), pengeluaran aluminium oksida (lihat kelas 2420) dan operasi relau bagas (lihat kelas 2410 dan 2420).";"_";"_"
"";"B";"B071";"KUMPULAN 071 : Perlombongan bijih besi";"_";"_"
"";"B";"B071";"Kumpulan ini termasuk perlombongan bijih yang tinggi kandungan besi dan pengekstrakan serta penggumpalan besi bijih. <br><br>Kumpulan ini tidak termasuk pengekstrakan dan penyediaan pirit dan pirotit (kecuali penyalaian), lihat kelas 0891. Juga tidak termasuk perkhidmatan penggumpalan dan pati bijih bagi pihak ketiga (lihat kelas 0990).";"_";"_"
"";"B";"B072";"KUMPULAN 072 : Perlombongan bijih logam bukan besi";"_";"_"
"";"B";"B072";"Kumpulan ini termasuk perlombongan bijih uranium dan torium dan bijih logam bukan ferus lain.";"_";"_"
"";"B";"07";"BAHAGIAN 07 : PERLOMBONGAN BIJIH LOGAM";"_";"_"
"";"B";"071";"Kumpulan 071 : Perlombongan bijih besi";"_";"_"
"";"B";"0710(1)";"Perlombongan bijih besi";"_";"(1) Tidak termasuk: <br>(a) pengekstrakan dan penyediaan pirit dan pirotit (kecuali penyalaian),  lihat 08914 <br>(b) perkhidmatan penggumpalan dan pati bijih bagi pihak ketiga, lihat 09900"
"";"B";"07101";"Perlombongan bijih yang tinggi kandungan besi(1)";"07101";"(1) Tidak termasuk: <br>(a) pengekstrakan dan penyediaan pirit dan pirotit (kecuali penyalaian),  lihat 08914 <br>(b) perkhidmatan penggumpalan dan pati bijih bagi pihak ketiga, lihat 09900"
"";"B";"07102";"Pengekstrakan dan penggumpalan bijih besi(1)";"07102";"(1) Tidak termasuk: <br>(a) pengekstrakan dan penyediaan pirit dan pirotit (kecuali penyalaian),  lihat 08914 <br>(b) perkhidmatan penggumpalan dan pati bijih bagi pihak ketiga, lihat 09900"
"";"B";"07";"BAHAGIAN 07 : PERLOMBONGAN BIJIH LOGAM";"_";"_"
"";"B";"072";"Kumpulan 072 : Perlombongan bijih logam bukan besi";"_";"_"
"";"B";"0721(1)";"Perlombongan bijih uranium dan torium";"_";"(1) Termasuk: <br>(a) perlombongan bijih yang tinggi kandungan uranium dan torium:pitchblende, dll. <br>(b) pati bijih <br>(c) pembuatan urania (yellowcake) <br><br>Tidak termasuk:<br>(a) pengayaan bijih uranium dan torium, lihat 20119 <br>(b) pengeluaran logam uranium daripada pitchblende atau bijih lain, lihat 24209 <br>(c) peleburan dan penapisan uranium, lihat 24209"
"";"B";"07210";"Perlombongan bijih uranium dan torium";"07210";"_"
"";"B";"07";"BAHAGIAN 07 : PERLOMBONGAN BIJIH LOGAM";"_";"_"
"";"B";"072";"Kumpulan 072 : Perlombongan bijih logam bukan besi";"_";"_"
"";"B";"0729(1)";"Perlombongan bijih logam bukan besi lain";"_";"(1) Tidak termasuk:<br>(a) perlombongan dan penyediaan bijih uranium dan torium, lihat 07210 <br>(b) pengekstrakan garam daripada air laut, air garam, dan air masin lain, lihat 08932 <br>(c) pengeluaran aluminium oksida, lihat 24202 <br>(d) pengeluaran nikel atau tembaga kusam, lihat 24209"
"";"B";"07291";"Perlombongan bijih timah";"07291";"_"
"";"B";"07292";"Perlombongan tembaga";"07292";"_"
"";"B";"07293";"Perlombongan bauksit (aluminium)";"07293";"_"
"";"B";"07294";"Pembilasan amang (2)";"07294, 07298";"(2) Termasuk: perlombongan ilmenit"
"";"B";"07295";"Perlombongan emas dan perak";"07295, 07296";"_"
"";"B";"07296";"Perlombongan unsur nadir bumi(REE)(3)";"07299p";"(3) Termasuk: perlombongan 17 unsur nadir bumi (REE)"
"";"B";"07299";"Perlombongan bijih logam bukan besi lain t.t.t.l. (4)";"07297, 07299p";"(4) Termasuk: <br>(a) perlombongan dan penyediaan bijih yang tinggi kandungan logam bukan besi: plumbum, litium (spodumene), zink, mangan, krom, nikel, kobalt, molibdenum, tantalum, vanadium, dll. <br>(b) logam berharga: platinum"
"";"B";"08";"BAHAGIAN 08 : PERLOMBONGAN DAN PENGKUARIAN LAIN";"_";"_"
"";"B";"08";"Bahagian ini termasuk aktiviti pengekstrakan dari lombong atau kuari dan pengorekan mendapan lanar (aluvium), pemecahan batu dan penggunaan garam paya. Produk ini digunakan dengan meluas dalam sektor pembinaan (cth. pasir, batu, dll.), pembuatan bahan mentah (cth. tanah liat, gipsum, kalsium, dll.), pembuatan bahan kimia, dll. Bahagian ini juga termasuk pengekstrakan garam daripada air laut, air payau masin dan air masin yang lain. <br><br>Bahagian ini tidak termasuk pengilangan bahan kimia dan produk kimia, logam asas, produk mineral bukan logam dan pemprosesan lanjut lain bagi mineral yang diekstrak, sila rujuk seksyen C.";"_";"_"
"";"B";"081";"KUMPULAN 081 : Pengkuarian batu, pasir dan tanah liat";"_";"_"
"";"B";"081";"Kumpulan ini termasuk pengkuarian, pemotongan kasar bongkah batu dan batu bangunan seperti marmar, granit, batu pasir, dll., pengkuarian, pemecahan dan pemotongan batu kapur, perlombongan gipsum dan anhidrit, perlombongan kapur dan dolomit, pengeluaran butiran, serpihan dan serbuk batu yang diekstrak sama ada dirawat dengan haba atau tidak, pengekstrakan dan pengorekan pasir industri, pasir untuk pembinaan dan batu kerikil, pemecahan dan penghancuran batu dan batu kerikil, pengkuarian pasir dan perlombongan tanah liat, tanah liat refraktori dan kaolin. <br><br>Kumpulan ini tidak termasuk perlombongan pasir bitumen (lihat kelas 0610), perlombongan mineral kimia dan baja (lihat kelas 0891), pengeluaran dolomit kalsinasi (lihat kelas 2394), serta pemotongan, pembentukan dan kemasan batu di luar kawasan kuari (lihat kelas 2396).";"_";"_"
"";"B";"089";"KUMPULAN 089 : Perlombongan dan pengkuarian t.t.t.l.";"_";"_"
"";"B";"089";"Kumpulan ini termasuk perlombongan mineral kimia dan baja, pengekstrakan gambut dan garam (dari bawah tanah, air laut atau air masin lain), serta penghancuran, penulenan dan penapisan garam oleh pengeluar.";"_";"_"
"";"B";"08";"BAHAGIAN 08 : PERLOMBONGAN DAN PENGKUARIAN LAIN";"_";"_"
"";"B";"081";"Kumpulan 081 : Pengkuarian batu, pasir dan tanah liat";"_";"_"
"";"B";"0810(1)";"Pengkuarian batu, pasir dan tanah liat";"_";"(1) Tidak termasuk:<br>(a) perlombongan bitumen, lihat 06100 <br>(b) perlombongan mineral kimia dan baja, lihat 0891 <br>(c) pengeluaran dolomite yang dirawat, lihat 23942 <br>(d) pemotongan, pembentukan dan pengemasan batu di luar kuari, lihat 23960"
"";"B";"08101";"Pengkuarian batu untuk industri batu dimensi(2)";"08101";"(2) Termasuk: pengkuarian, pemangkasan kasar dan menggergaji batu monumen dan bangunan seperti marmar, granit, batu pasir dll."
"";"B";"08102";"Aktiviti mengekstrak dan memproses mineral bukan logam(3)";"08102, 08103";"(3) Termasuk: <br>(a) pengeluaran butiran, serpihan dan serbuk batu yang diekstrak sama ada dirawat dengan haba atau tidak <br>(b) pengkuarian, pengisaran dan pemecahan batu kapur <br>(c) perlombongan gipsum dan anhidrit"
"";"B";"08103";"Perlombongan kaolin";"08108p";"_"
"";"B";"08104";"Perlombongan kapur dan dolomit yang tidak dirawat";"08104";"_"
"";"B";"08105";"Pengekstrakan, pengorekan, pemecahan dan penghancuran pasir industri, pasir untuk pembinaan, batu dan kerikil";"08105, 08106";"_"
"";"B";"08106";"Perlombongan pasir silika";"08107p";"_"
"";"B";"08107";"Perlombongan tanah liat dan tanah liat refraktori";"08108p";"_"
"";"B";"08108";"Pengkuarian, penghancuran dan pemecahan granit";"08109";"_"
"";"B";"08109";"Pengkuarian batu, pasir dan tanah liat t.t.t.l.";"08107p, 08999p";"_"
"";"B";"08";"BAHAGIAN 08 : PERLOMBONGAN DAN PENGKUARIAN LAIN";"_";"_"
"";"B";"089";"Kumpulan 089 : Perlombongan dan pengkuarian t.t.t.l.";"_";"_"
"";"B";"0891(1)";"Perlombongan mineral kimia dan baja";"_";"(1) Tidak termasuk:<br>(a) pengekstrakan garam, lihat 08931 <br>(b) penyalaian besi pirit, lihat 20119 <br>(c) pembuatan baja sintetik dan sebatian nitrogen, lihat 20129"
"";"B";"08911";"Perlombongan fosfat semulajadi";"08911";"_"
"";"B";"08912";"Perlombongan garam kalium (potassium) semulajadi";"08912";"_"
"";"B";"08913";"Perlombongan sulfur semulajadi";"08913";"_"
"";"B";"08914";"Pengekstrakan dan penyediaan pirit dan pirotit, kecuali penyalaian";"08914";"_"
"";"B";"08915";"Perlombongan barium sulfat semulajadi dan karbonat (baryte dan witerit)";"08915";"_"
"";"B";"08916";"Perlombongan borat semula jadi, magnesium sulfat semulajadi (kieserit)";"08916";"_"
"";"B";"08917";"Perlombongan earth colours, fluorspar dan mineral lain yang tinggi kandungan mineral sebagai sumber kimia(2)";"08917";"(2) Termasuk: perlombongan lumpur untuk perubatan"
"";"B";"08918";"Perlombongan guano*/baja tahi burung";"08918";"[Definisi guano* : tahi burung laut yang dikeringkan, yang digunakan sebagai baja. (Kamus Dewan Edisi Keempat)]"
"";"B";"0892(3)";"Pengekstrakan tanah gambut";"_";"(3) Termasuk: <br>(a) menggali tanah gambut <br>(b) penggumpalan tanah gambut <br>(c) penyediaan tanah gambut untuk meningkatkan kualiti atau memudahkan pengangkutan atau penyimpanan <br><br>Tidak termasuk: <br>(a) aktiviti perkhidmatan berkaitan dengan perlombongan tanah gambut, lihat 09900 <br>(b) pembuatan brikuet gambut, lihat 19201 <br>(c) pembuatan campuran tanah pasu, cth. gambut, tanah semula jadi, pasir, tanah liat, mineral baja, lihat 20121 <br>(d) pembuatan bagi bahan daripada tanah gambut, lihat 23990"
"";"B";"08920";"Pengekstrakan tanah gambut";"08921, 08922, 08923";"_"
"";"B";"08";"BAHAGIAN 08 : PERLOMBONGAN DAN PENGKUARIAN LAIN";"_";"_"
"";"B";"089";"Kumpulan 089 : Perlombongan dan pengkuarian t.t.t.l.";"_";"_"
"";"B";"0893";"Pengekstrakan garam";"_";"_"
"";"B";"08931";"Pengekstrakan garam dari bawah tanah";"08931";"_"
"";"B";"08932";"Pengeluaran garam melalui penyejatan air laut atau air masin lain(1)";"08932";"(1) Tidak termasuk: pengeluaran air boleh diminum menerusi penyejatan air masin, lihat  36002"
"";"B";"08933";"Penghancuran, penulenan dan penapisan garam oleh pengeluar(2)";"08933";"(2) Tidak termasuk: pemprosesan garam kepada garam bergred makanan, (cth. termasuk: garam beriodin), lihat 10799"
"";"B";"0899";"Perlombongan dan pengkuarian t.t.t.l.";"_";"_"
"";"B";"08991";"Perlombongan dan pengkuarian bahan pelelas (bahan kesat)";"08991";"_"
"";"B";"08992";"Perlombongan dan pengkuarian asbestos";"08992";"_"
"";"B";"08993";"Perlombongan dan pengkuarian fosil bersilika";"08993";"_"
"";"B";"08994";"Perlombongan dan pengkuarian grafit semulajadi";"08994";"_"
"";"B";"08995";"Perlombongan dan pengkuarian steatite(talkum)";"08995";"_"
"";"B";"08996";"Perlombongan dan pengkuarian batu permata";"08996";"_"
"";"B";"08999";"Perlombongan dan pengkuarian lain t.t.t.l.(3)";"08999";"(3) Termasuk:<br>(a) pengekstrakan pelbagai mineral dan bahan (seperti litium) daripada air garam, kecuali garam meja <br>(b) asphalt semulajadi, asphaltites dan batu asphalt / bitumen pepejal semula jadi, kuartza, mika, dll. <br>(c) perlombongan kalsium"
"";"B";"09";"BAHAGIAN 09 : AKTIVITI PERKHIDMATAN SOKONGAN PERLOMBONGAN";"_";"_"
"";"B";"09";"Bahagian ini termasuk perkhidmatan sokongan khusus berkaitan perlombongan yang disediakan berdasarkan kontrak atau bayaran. Ini termasuk perkhidmatan eksplorasi melalui kaedah cari gali tradisional seperti mengambil sampel teras dan membuat pemerhatian geologi termasuk penggerudian, ujian penggerudian atau penggerudian semula telaga minyak, mineral logam dan bukan logam. Perkhidmatan lain termasuk pembinaan asas telaga minyak dan gas, simen penyalutan selongsong telaga minyak dan gas, pembersihan, menimba dan mengeringkan telaga minyak dan gas, serta menyalir dan mengepam lombong, dll.";"_";"_"
"";"B";"091";"KUMPULAN 091 : Aktiviti sokongan untuk pengekstrakan petroleum dan gas asli";"_";"_"
"";"B";"091";"Kumpulan ini termasuk aktiviti perkhidmatan pengekstrakan minyak dan gas berdasarkan kontrak atau bayaran, perkhidmatan pemadaman kebakaran di lapangan minyak dan gas. <br><br>Kumpulan ini tidak termasuk aktiviti perkhidmatan yang dijalankan oleh pengendali ladang minyak atau gas (lihat kelas 0610 dan 0620), pembaikan dan penyelenggaraan khusus bagi jentera dan peralatan penggerudian serta pengekstrakan (lihat kelas 3312), pemasangan luar pesisir khusus, pembaikan dan penyelenggaraan peralatan yang merupakan sebahagian penting daripada pelantar terapung (lihat bahagian 43), pencairan dan regasifikasi semula gas asli untuk tujuan pengangkutan yang dilakukan di luar tapak lombong (lihat kelas 5221), dan perkhidmatan tinjauan geofizik secara kontrak atau bayaran (lihat kelas 7110).";"_";"_"
"";"B";"099";"KUMPULAN 099 : Aktiviti sokongan untuk perlombongan dan pengkuarian lain";"_";"_"
"";"B";"099";"Kumpulan ini termasuk perkhidmatan sokongan berdasarkan kontrak atau bayaran, untuk keperluan aktiviti perlombongan bagi bahagian 05, 07 dan 08 / perkhidmatan penggumpalan dan pati bijih bagi pihak ketiga / penyelenggaraan terowong dan aci lombong / serta kerja-kerja perobohan dan peleraian fasiliti perlombongan bawah tanah. <br><br>Kumpulan ini tidak termasuk aktiviti pengendalian lombong atau kuari secara kontrak atau berbayar (lihat bahagian 05, 07 atau 08) / pembaikan khusus jentera perlombongan (lihat kelas 3312) / dan perkhidmatan tinjauan geofizik secara kontrak atau berbayar (lihat kelas 7110).";"_";"_"
"";"B";"09";"BAHAGIAN 09 : AKTIVITI PERKHIDMATAN SOKONGAN PERLOMBONGAN";"_";"_"
"";"B";"091";"Kumpulan 091 : Aktiviti sokongan untuk pengekstrakan petroleum dan gas asli";"_";"_"
"";"B";"0910(1)";"Aktiviti sokongan untuk pengekstrakan petroleum dan gas asli";"_";"(1) Tidak termasuk:<br>(a) aktiviti perkhidmatan yang dijalankan oleh pengendali sektor minyak atau gas, lihat 0610, 0620 <br>(b) pembaikan khusus jentera perlombongan, lihat 33120 <br>(c) pemasangan, pembaikan dan penyelenggaraan luar pesisir yang khusus bagi peralatan yang menjadi sebahagian penting daripada pelantar terapung, lihat bahagian 43 <br>(d) pencairan dan regasifikasi gas asli untuk tujuan pengangkutan, dilakukan di luar tapak lombong, lihat 52219 <br>(e) tinjauan geofizik, geologi dan seismik, lihat 71103"
"";"B";"09101";"Aktiviti pengekstrakan petroleum dan gas yang dibekalkan atas dasar kontrak atau bayaran(2)";"09101";"(2) Termasuk: <br>(a) perkhidmatan penerokaan yang berkaitan dengan pengekstrakan petroleum atau gas (cth. kaedah prospek tradisional seperti membuat pemerhatian geologi di tapak yang berpotensi) <br>(b) penggerudian dan penggerudian semula, spudding in, membina derik, pembaikan dan melerai, menyelenggara telaga minyak dan gas, mengepam telaga, menutup dan menyumbat telaga <br>(c) pencairan dan penggasan semula gas asli untuk tujuan pengangkutan, dijalankan di tapak perlombongan. <br>(d) perkhidmatan penyaliran dan pengepaman, berdasarkan kontrak atau yuran <br>(e) ujian penggerudian yang berkaitan dengan pengekstrakan petroleum atau gas"
"";"B";"09102";"Perkhidmatan memadam kebakaran di lapangan minyak dan gas";"09102";"_"
"";"B";"09";"BAHAGIAN 09 : AKTIVITI SOKONGAN PERKHIDMATAN PERLOMBONGAN";"_";"_"
"";"B";"099";"Kumpulan 099 : Aktiviti sokongan untuk perlombongan dan pengkuarian lain";"_";"_"
"";"B";"0990(1)";"Aktiviti sokongan untuk perlombongan dan pengkuarian lain";"_";"(1) Termasuk: <br>(a) perkhidmatan sokongan secara bayaran atau kontrak yang diperlukan untuk aktiviti perlombongan dan pengkuarian dalam bahagian 05, 07 dan 08: <br>* perkhidmatan meneroka (cth. kaedah pencarian secara tradisional seperti pengambilan sampel teras dan pemerhatian geologi di tapak yang berpotensi) <br>* perkhidmatan saliran dan pengepaman, secara bayaran atau kontrak <br>* ujian penggerudian dan ujian penggalian lubang <br>(b) perkhidmatan menggumpal dan memekat bijih untuk pihak ketiga <br>(c) kerja-kerja penyelenggaraan terowong dan aci lombong <br>(d) kerja-kerja meroboh dan melerai peralatan perlombongan bawah tanah <br><br>Tidak termasuk:<br>(a) mengendalikan lombong atau kuari secara kontrak atau bayaran lihat bahagian 05, 07 atau 08 <br>(b) pembaikan khusus jentera perlombongan, lihat 33120 <br>(c) perkhidmatan tinjauan geofizik secara kontrak atau bayaran, lihat71103"
"";"B";"09900";"Aktiviti sokongan untuk perlombongan dan pengkuarian lain";"09900";"_"
"";"Z";"_";"_";"_";"_"